Date,Ticker,Open,High,Low,Close,Volume,Daily_Return,Log_Return,Category
2021-01-04 00:00:00-05:00,GOOGL,87.34008358640446,87.4636464411681,84.71690581732847,85.65928649902344,37324000,,,AI_Core
2021-01-05 00:00:00-05:00,GOOGL,85.6076753306863,86.68652187444044,85.20124606667888,86.35006713867188,20360000,0.008064281969665021,1.008064281969665,AI_Core
2021-01-06 00:00:00-05:00,GOOGL,84.37547823924433,86.54459001427169,84.16903787338767,85.49799346923828,46588000,-0.00986766655392668,0.9901323334460733,AI_Core
2021-01-07 00:00:00-05:00,GOOGL,85.69053197050732,88.22438791932814,85.69053197050732,88.05169677734375,41936000,0.02986857591019687,1.0298685759101969,AI_Core
2021-01-08 00:00:00-05:00,GOOGL,88.191641679299,89.29331822175078,87.4006138422846,89.21739196777344,35484000,0.013238758968806552,1.0132387589688066,AI_Core
2021-01-11 00:00:00-05:00,GOOGL,88.18470162798775,88.54994580133611,86.9500347222767,87.15597534179688,34796000,-0.023105546805506028,0.976894453194494,AI_Core
2021-01-12 00:00:00-05:00,GOOGL,86.6135656079174,87.73211302288776,85.17543429898133,86.22003936767578,29528000,-0.010738632324985953,0.989261367675014,AI_Core
2021-01-13 00:00:00-05:00,GOOGL,85.71833405616691,87.16094060271311,85.71833405616691,86.70736694335938,23432000,0.005652138171793775,1.0056521381717938,AI_Core
2021-01-14 00:00:00-05:00,GOOGL,86.78775664072327,87.71475825531489,85.65630612320594,85.89698791503906,29212000,-0.009346138129758708,0.9906538618702413,AI_Core
2021-01-15 00:00:00-05:00,GOOGL,85.80269772639237,86.72572393076636,84.94369431632818,85.73322296142578,31444000,-0.0019065273135684402,0.9980934726864316,AI_Core
2021-01-19 00:00:00-05:00,GOOGL,86.49646051814078,89.51564826858593,85.99177462608301,88.55441284179688,41660000,0.032906611730209256,1.0329066117302093,AI_Core
2021-01-20 00:00:00-05:00,GOOGL,90.63369841737502,94.273699131295,90.29327584791857,93.29856872558594,64152000,0.05357334244047829,1.0535733424404783,AI_Core
2021-01-21 00:00:00-05:00,GOOGL,93.9724816453864,95.8795659562927,93.26581533779938,93.50103759765625,58634000,0.002170117664568094,1.002170117664568,AI_Core
2021-01-22 00:00:00-05:00,GOOGL,93.86379288072814,94.50544439835653,93.12140106015978,93.91838073730469,32744000,0.004463513457939383,1.0044635134579394,AI_Core
2021-01-25 00:00:00-05:00,GOOGL,94.91981325917729,95.37041104765358,92.26090239757879,94.00373077392578,50586000,0.0009087681873458653,1.0009087681873459,AI_Core
2021-01-26 00:00:00-05:00,GOOGL,93.59234796879997,95.06918843335691,93.10304872949041,94.68211364746094,31462000,0.007216552661794218,1.0072165526617942,AI_Core
2021-01-27 00:00:00-05:00,GOOGL,93.0424981499985,93.31841329790922,89.19010540093252,90.26498413085938,82512000,-0.04665220648799928,0.9533477935120007,AI_Core
2021-01-28 00:00:00-05:00,GOOGL,90.8634721784876,93.691598830972,90.8634721784876,91.96514892578125,55278000,0.018835263876600283,1.0188352638766003,AI_Core
2021-01-29 00:00:00-05:00,GOOGL,91.01333383693596,91.68426702027512,89.40251113891038,90.68283081054688,44530000,-0.013943522412704912,0.9860564775872951,AI_Core
2021-02-01 00:00:00-05:00,GOOGL,91.537869114529,95.05876695305972,91.537869114529,93.94369506835938,40252000,0.03595900380111705,1.035959003801117,AI_Core
2021-02-02 00:00:00-05:00,GOOGL,94.93916613642043,96.7375742923494,94.60369579708804,95.23641967773438,66332000,0.013760631923561473,1.0137606319235615,AI_Core
2021-02-03 00:00:00-05:00,GOOGL,102.50600624841188,104.54112860676844,99.922521611961,102.17202758789062,97882000,0.07282516429770558,1.0728251642977056,AI_Core
2021-02-04 00:00:00-05:00,GOOGL,102.25835779899022,102.68910130885799,100.99192568967557,101.91148376464844,48596000,-0.0025500504335010943,0.9974499495664989,AI_Core
2021-02-05 00:00:00-05:00,GOOGL,102.20575339863728,104.01111275805967,101.73134112371685,103.65827941894531,29866000,0.017140322069403746,1.0171403220694037,AI_Core
2021-02-08 00:00:00-05:00,GOOGL,104.2126024166411,104.95697814818854,102.39384771098673,103.44440460205078,28828000,-0.002063268058213996,0.997936731941786,AI_Core
2021-02-09 00:00:00-05:00,GOOGL,102.96205138124002,104.13866240440814,102.72385326200276,102.9913330078125,21892000,-0.004379855981396452,0.9956201440186035,AI_Core
2021-02-10 00:00:00-05:00,GOOGL,103.37591665062041,104.15701742365931,101.84250453722669,103.54166412353516,25102000,0.005343470170260822,1.0053434701702608,AI_Core
2021-02-11 00:00:00-05:00,GOOGL,103.76597151325437,103.91484058963358,102.66727078205419,103.65431213378906,20480000,0.0010879486166990304,1.001087948616699,AI_Core
2021-02-12 00:00:00-05:00,GOOGL,103.20867899470525,104.18777710286646,102.90099857654532,103.96595764160156,18990000,0.0030065850749194656,1.0030065850749195,AI_Core
2021-02-16 00:00:00-05:00,GOOGL,103.80319453901487,106.45267806427309,103.80319453901487,104.74359130859375,31004000,0.007479695129370079,1.00747969512937,AI_Core
2021-02-17 00:00:00-05:00,GOOGL,103.9138410552905,105.32617384394167,103.63445788939549,105.13660430908203,20294000,0.0037521436450502765,1.0037521436450503,AI_Core
2021-02-18 00:00:00-05:00,GOOGL,104.46071476343555,105.30384678219214,103.88158682056805,104.50090789794922,22546000,-0.00604638522720391,0.9939536147727961,AI_Core
2021-02-19 00:00:00-05:00,GOOGL,104.59919142849432,105.13464313280102,103.39032286421694,103.65730285644531,37938000,-0.008072705380968825,0.9919272946190312,AI_Core
2021-02-22 00:00:00-05:00,GOOGL,101.9099993387489,103.23647893744953,101.63210028023519,101.9427490234375,29466000,-0.01654059854694745,0.9834594014530526,AI_Core
2021-02-23 00:00:00-05:00,GOOGL,99.94435185295079,102.84791239328172,98.76525719424058,102.23355102539062,34658000,0.002852601138765287,1.0028526011387653,AI_Core
2021-02-24 00:00:00-05:00,GOOGL,100.74082627734853,103.63297538297377,100.61627147183141,103.40916442871094,22608000,0.011499291490210783,1.0114992914902108,AI_Core
2021-02-25 00:00:00-05:00,GOOGL,102.02562835554662,103.36897879825909,99.57216580668543,100.04161834716797,41548000,-0.03256525763598561,0.9674347423640144,AI_Core
2021-02-26 00:00:00-05:00,GOOGL,100.7363652714973,102.05490166561077,99.30021775417421,100.3373794555664,40042000,0.0029563806872063836,1.0029563806872064,AI_Core
2021-03-01 00:00:00-05:00,GOOGL,101.63209913010583,103.03301325641854,100.95819013474573,102.70697784423828,26060000,0.02361630731766562,1.0236163073176656,AI_Core
2021-03-02 00:00:00-05:00,GOOGL,102.46778343065205,103.95157512845779,102.06235368431534,102.44992065429688,25564000,-0.0025028210871052003,0.9974971789128948,AI_Core
2021-03-03 00:00:00-05:00,GOOGL,101.82812222319419,103.02110427360444,98.95234399009125,99.81632232666016,33892000,-0.025706201730730793,0.9742937982692692,AI_Core
2021-03-04 00:00:00-05:00,GOOGL,99.98802727764506,102.95163541392552,99.51956667031071,100.93388366699219,49216000,0.011196178283093605,1.0111961782830936,AI_Core
2021-03-05 00:00:00-05:00,GOOGL,102.284655349092,104.52025828320131,100.62866495462481,104.06718444824219,53100000,0.03104310135917876,1.0310431013591788,AI_Core
2021-03-08 00:00:00-05:00,GOOGL,103.42158844138253,104.89445355872637,99.50765630191395,99.6222915649414,36868000,-0.04271176266435317,0.9572882373356468,AI_Core
2021-03-09 00:00:00-05:00,GOOGL,101.71894467377746,102.42212772357182,101.01674600755987,101.25296020507812,33920000,0.016368511650564965,1.016368511650565,AI_Core
2021-03-10 00:00:00-05:00,GOOGL,102.2970659351344,102.2970659351344,100.20933995964218,101.0460205078125,27100000,-0.002043789108451599,0.9979562108915484,AI_Core
2021-03-11 00:00:00-05:00,GOOGL,102.13926584834769,104.77187091897011,102.05142854718905,104.23939514160156,27702000,0.03160317069134022,1.0316031706913402,AI_Core
2021-03-12 00:00:00-05:00,GOOGL,103.04195455710017,103.10150219473942,100.85894755075073,101.73135375976562,33818000,-0.024060398455199694,0.9759396015448003,AI_Core
2021-03-15 00:00:00-04:00,GOOGL,101.48223051757223,101.97897318600187,100.62917885594194,101.9516830444336,26168000,0.002165795268863402,1.0021657952688634,AI_Core
2021-03-16 00:00:00-04:00,GOOGL,102.52485435636942,104.89147154660814,102.1923674371934,103.41314697265625,31900000,0.014334868092228614,1.0143348680922286,AI_Core
2021-03-17 00:00:00-04:00,GOOGL,102.64791686191691,104.16296639587709,101.4395482280668,103.33026123046875,26382000,-0.000801501014270567,0.9991984989857294,AI_Core
2021-03-18 00:00:00-04:00,GOOGL,101.64102114164612,102.66181170828624,100.20189786741744,100.30908966064453,31700000,-0.029238013471056368,0.9707619865289436,AI_Core
2021-03-19 00:00:00-04:00,GOOGL,100.72543991257257,101.08819279011651,99.39548485155339,100.58797454833984,46072000,0.0027802553949876074,1.0027802553949876,AI_Core
2021-03-22 00:00:00-04:00,GOOGL,100.62124164348486,101.64897601791101,99.9448489322674,100.7730941772461,33536000,0.0018403753504081521,1.0018403753504082,AI_Core
2021-03-23 00:00:00-04:00,GOOGL,101.23261124865263,102.43155255458386,100.6395958801365,101.30109405517578,28510000,0.005239492567341575,1.0052394925673416,AI_Core
2021-03-24 00:00:00-04:00,GOOGL,101.81868694086641,102.6047475271792,100.6892203526668,100.8644027709961,25218000,-0.004310824954583792,0.9956891750454162,AI_Core
2021-03-25 00:00:00-04:00,GOOGL,100.6917082778307,101.51498617081897,99.05606400581422,100.86093139648438,35616000,-3.4416250097701884e-05,0.9999655837499023,AI_Core
2021-03-26 00:00:00-04:00,GOOGL,100.82767512282554,101.20482275574092,99.44114815336599,100.47732543945312,27978000,-0.0038033156319298156,0.9961966843680702,AI_Core
2021-03-29 00:00:00-04:00,GOOGL,100.34977968394811,101.69213801960343,99.52054260203612,101.52241516113281,26492000,0.010401249407354651,1.0104012494073547,AI_Core
2021-03-30 00:00:00-04:00,GOOGL,101.87922713070152,102.36009090991652,101.04403828817071,101.55616760253906,27312000,0.00033246294774103013,1.000332462947741,AI_Core
2021-03-31 00:00:00-04:00,GOOGL,101.94968467149992,103.53074076775447,101.5824566448902,102.3526382446289,42570000,0.007842661464018574,1.0078426614640186,AI_Core
2021-04-01 00:00:00-04:00,GOOGL,103.82801379599191,105.98669892569983,103.78732089156456,105.69043731689453,39880000,0.03261077710853022,1.0326107771085302,AI_Core
2021-04-05 00:00:00-04:00,GOOGL,106.55242264996384,110.61373952658637,106.45614993329092,110.11599731445312,48510000,0.04187285160235743,1.0418728516023574,AI_Core
2021-04-06 00:00:00-04:00,GOOGL,109.7170060552788,110.56460573116816,109.26393216477742,109.63462829589844,35240000,-0.004371472177471802,0.9956285278225282,AI_Core
2021-04-07 00:00:00-04:00,GOOGL,109.82519037364484,111.38341654754359,109.82519037364484,111.11196899414062,24134000,0.013475128444408346,1.0134751284444083,AI_Core
2021-04-08 00:00:00-04:00,GOOGL,112.35109778749995,112.73768033730468,111.30946858743064,111.67768859863281,28664000,0.005091437129712162,1.0050914371297122,AI_Core
2021-04-09 00:00:00-04:00,GOOGL,111.43007611188524,112.8458772221366,111.02413902052781,112.68211364746094,26146000,0.008993963444551722,1.0089939634445517,AI_Core
2021-04-12 00:00:00-04:00,GOOGL,111.86080254119268,111.99826033542475,110.55566149487322,111.38936614990234,25024000,-0.01147251729412091,0.9885274827058791,AI_Core
2021-04-13 00:00:00-04:00,GOOGL,111.70547531555604,112.32479639882128,111.31144932320024,111.87618255615234,25682000,0.004370402876652246,1.0043704028766522,AI_Core
2021-04-14 00:00:00-04:00,GOOGL,112.52131494179199,112.52131494179199,110.96259662557597,111.2548828125,21002000,-0.005553458559783286,0.9944465414402167,AI_Core
2021-04-15 00:00:00-04:00,GOOGL,112.24937512425728,113.93910731506152,111.71441568076216,113.40563201904297,29174000,0.019331728659205627,1.0193317286592056,AI_Core
2021-04-16 00:00:00-04:00,GOOGL,113.60363801209377,113.85176324145186,112.69450680826098,113.28157043457031,26282000,-0.001093963168000589,0.9989060368319994,AI_Core
2021-04-19 00:00:00-04:00,GOOGL,112.65779320044837,114.34057420260662,112.65779320044837,113.62944793701172,30290000,0.0030709099556696096,1.0030709099556696,AI_Core
2021-04-20 00:00:00-04:00,GOOGL,114.01304464501652,114.08797894990056,112.00968781654448,113.09597778320312,22288000,-0.0046948230717824835,0.9953051769282175,AI_Core
2021-04-21 00:00:00-04:00,GOOGL,112.75058458537109,113.14510278510481,111.39929103374098,113.06322479248047,23204000,-0.00028960349753059944,0.9997103965024694,AI_Core
2021-04-22 00:00:00-04:00,GOOGL,112.9168285050062,113.58577771200164,111.17598403868455,111.78141021728516,24146000,-0.011337148551600174,0.9886628514483998,AI_Core
2021-04-23 00:00:00-04:00,GOOGL,112.49997995220494,114.44131306155018,112.21463744660008,114.1341323852539,29066000,0.02104752626930928,1.0210475262693093,AI_Core
2021-04-26 00:00:00-04:00,GOOGL,114.36191465854154,115.35491539207553,114.0046137037265,114.63038635253906,32038000,0.004347989132734487,1.0043479891327345,AI_Core
2021-04-27 00:00:00-04:00,GOOGL,115.01249899515436,115.05319189753914,113.45079717646414,113.68999481201172,44386000,-0.008203684646366116,0.9917963153536339,AI_Core
2021-04-28 00:00:00-04:00,GOOGL,118.72792498547076,120.65734705575763,116.77865622813731,117.06747436523438,81106000,0.0297077993433581,1.029707799343358,AI_Core
2021-04-29 00:00:00-04:00,GOOGL,118.56565462462966,119.30655470794439,117.80241660635883,118.74082946777344,41234000,0.014293936993279743,1.0142939369932797,AI_Core
2021-04-30 00:00:00-04:00,GOOGL,117.51311042017052,118.19942267241335,116.44815879879016,116.79255676269531,44856000,-0.0164077740892562,0.9835922259107438,AI_Core
2021-05-03 00:00:00-04:00,GOOGL,117.35876574374358,118.18452723288044,115.89929599373691,116.27545166015625,28242000,-0.004427551865224921,0.9955724481347751,AI_Core
2021-05-04 00:00:00-04:00,GOOGL,114.81001845371823,115.37772756393409,111.98784395750256,114.4765396118164,44818000,-0.01547112501095771,0.9845288749890423,AI_Core
2021-05-05 00:00:00-04:00,GOOGL,115.55837890460862,115.87448718948492,114.54850735953089,114.87057495117188,26636000,0.0034420619341886116,1.0034420619341886,AI_Core
2021-05-06 00:00:00-04:00,GOOGL,114.45171762519008,115.9910888671875,113.79220344091297,115.9910888671875,25190000,0.009754577414554877,1.0097545774145549,AI_Core
2021-05-07 00:00:00-04:00,GOOGL,117.30815282057624,117.67338940045705,116.42829567342216,116.71463012695312,28898000,0.0062379038496147565,1.0062379038496148,AI_Core
2021-05-10 00:00:00-04:00,GOOGL,115.534046710745,115.67597966626334,113.37039450678947,113.72819519042969,30914000,-0.025587494329331495,0.9744125056706685,AI_Core
2021-05-11 00:00:00-04:00,GOOGL,111.31245758968727,113.15900213602517,110.8583841691217,112.6518325805664,34186000,-0.009464342664200265,0.9905356573357997,AI_Core
2021-05-12 00:00:00-04:00,GOOGL,110.47479374412886,111.55612402772708,108.85850395774958,109.18751525878906,46376000,-0.030752427567476426,0.9692475724325236,AI_Core
2021-05-13 00:00:00-04:00,GOOGL,110.47130973397276,111.13231572556356,109.50858260758544,110.61621856689453,33204000,0.013084859607980448,1.0130848596079804,AI_Core
2021-05-14 00:00:00-04:00,GOOGL,112.08015480939481,113.37933665290709,111.65635497248752,113.06471252441406,31996000,0.022135035795305402,1.0221350357953054,AI_Core
2021-05-17 00:00:00-04:00,GOOGL,112.32977172034265,113.63044537074181,111.92979393864978,113.5877685546875,21598000,0.004626165127873172,1.0046261651278732,AI_Core
2021-05-18 00:00:00-04:00,GOOGL,114.25423490932972,114.5187387900611,112.26128967783525,112.27518463134766,22204000,-0.011555680158536585,0.9884443198414634,AI_Core
2021-05-19 00:00:00-04:00,GOOGL,110.5859354435944,112.89647277536369,110.43755856445559,112.72328186035156,23684000,0.003991062054141459,1.0039910620541415,AI_Core
2021-05-20 00:00:00-04:00,GOOGL,113.69098569300493,114.73310713657823,113.31978979628988,114.48250579833984,32352000,0.01560657132186516,1.0156065713218652,AI_Core
2021-05-21 00:00:00-04:00,GOOGL,115.00157839071795,115.07502854849963,113.60661602300084,113.84630584716797,40632000,-0.005557180520598837,0.9944428194794012,AI_Core
2021-05-24 00:00:00-04:00,GOOGL,114.87651898938388,117.3905209078687,114.73111797181262,117.16671752929688,31832000,0.02916573934850697,1.029165739348507,AI_Core
2021-05-25 00:00:00-04:00,GOOGL,117.71060408228924,118.30610310206922,116.86697983991921,117.25753021240234,22440000,0.0007750723500703494,1.0007750723500703,AI_Core
2021-05-26 00:00:00-04:00,GOOGL,117.4386576186535,118.55373698083459,117.4356817515522,118.12299346923828,21572000,0.007380875712359236,1.0073808757123592,AI_Core
2021-05-27 00:00:00-04:00,GOOGL,118.55672483396802,118.55672483396802,116.92952356734123,117.24811553955078,35224000,-0.007406499818473855,0.9925935001815261,AI_Core
2021-05-28 00:00:00-04:00,GOOGL,117.83071530119378,117.91259330430604,116.76030409265299,116.95880126953125,21482000,-0.0024675387633155133,0.9975324612366845,AI_Core
2021-06-01 00:00:00-04:00,GOOGL,117.83170500105437,118.39097877485312,116.83126077261825,118.16617584228516,23354000,0.010323075815145577,1.0103230758151456,AI_Core
2021-06-02 00:00:00-04:00,GOOGL,118.5616749306312,118.7844939306939,116.73596907023163,117.64064025878906,21158000,-0.004447428206507453,0.9955525717934925,AI_Core
2021-06-03 00:00:00-04:00,GOOGL,116.4069665373418,116.96723225649065,115.60254339356483,116.49877166748047,18696000,-0.00970641258664251,0.9902935874133575,AI_Core
2021-06-04 00:00:00-04:00,GOOGL,117.5751361103478,119.05197647969602,117.23470598588214,118.78102111816406,24458000,0.019590330593336702,1.0195903305933367,AI_Core
2021-06-07 00:00:00-04:00,GOOGL,118.57607279219508,119.32392413070295,118.15724030193509,119.21424865722656,24120000,0.003647279127458658,1.0036472791274587,AI_Core
2021-06-08 00:00:00-04:00,GOOGL,119.69611425817284,120.06879431068795,118.8410711054014,119.02269744873047,24240000,-0.0016067811579038027,0.9983932188420962,AI_Core
2021-06-09 00:00:00-04:00,GOOGL,119.66733155702187,119.73928242428627,118.94627815938065,119.494140625,17942000,0.003960951871995633,1.0039609518719956,AI_Core
2021-06-10 00:00:00-04:00,GOOGL,119.44351508642232,120.88661377093757,119.287694745619,120.84343719482422,25904000,0.011291738346055125,1.0112917383460551,AI_Core
2021-06-11 00:00:00-04:00,GOOGL,121.08511637699016,121.17047000516757,120.04100343499866,120.59879302978516,21958000,-0.002024472083201778,0.9979755279167982,AI_Core
2021-06-14 00:00:00-04:00,GOOGL,120.7010138258984,121.52776727722208,119.99336321142542,121.52727508544922,22098000,0.007698933234221883,1.0076989332342219,AI_Core
2021-06-15 00:00:00-04:00,GOOGL,121.53173143958783,121.85479096519951,120.14818797993534,120.50896453857422,21562000,-0.008379275731797642,0.9916207242682024,AI_Core
2021-06-16 00:00:00-04:00,GOOGL,120.66032532200343,120.97197359175446,118.57409090880724,119.8668212890625,26472000,-0.005328593204418142,0.9946714067955819,AI_Core
2021-06-17 00:00:00-04:00,GOOGL,119.7923822856336,121.603693441412,119.59636123311135,120.83053588867188,25842000,0.008039877834795872,1.0080398778347959,AI_Core
2021-06-18 00:00:00-04:00,GOOGL,120.45685929101408,120.69108957521395,119.1150006147533,119.21028137207031,46116000,-0.013409313338595075,0.9865906866614049,AI_Core
2021-06-21 00:00:00-04:00,GOOGL,119.59685965102948,121.0851112549705,118.99936913469928,120.89901733398438,27414000,0.014166026138662469,1.0141660261386625,AI_Core
2021-06-22 00:00:00-04:00,GOOGL,120.83699476359857,121.48212191742986,120.15614205708611,121.41313934326172,22390000,0.0042524912163435236,1.0042524912163435,AI_Core
2021-06-23 00:00:00-04:00,GOOGL,121.17791693257503,122.17240182650191,120.92086408491839,121.21116638183594,19148000,-0.0016635181539517152,0.9983364818460483,AI_Core
2021-06-24 00:00:00-04:00,GOOGL,121.77985701377752,122.13269035567586,121.382862712785,121.58135986328125,21362000,0.003054120280297834,1.0030541202802978,AI_Core
2021-06-25 00:00:00-04:00,GOOGL,121.08511970218902,121.71337603387175,120.65338419848014,121.58980560302734,34594000,6.94657450417413e-05,1.0000694657450417,AI_Core
2021-06-28 00:00:00-04:00,GOOGL,121.758521573653,121.86422922179605,120.49507286854836,121.61709594726562,28526000,0.00022444598955417838,1.0002244459895542,AI_Core
2021-06-29 00:00:00-04:00,GOOGL,121.750585903445,122.09845947524772,120.77843143323554,121.3555679321289,23108000,-0.0021504214773400143,0.99784957852266,AI_Core
2021-06-30 00:00:00-04:00,GOOGL,121.07965376613676,121.34018980324502,120.44445377750469,121.17394256591797,24474000,-0.001496638096675662,0.9985033619033243,AI_Core
2021-07-01 00:00:00-04:00,GOOGL,120.81218874752682,121.66772416765814,120.62014306561282,121.52629852294922,18110000,0.0029078525429637736,1.0029078525429638,AI_Core
2021-07-02 00:00:00-04:00,GOOGL,122.22649002373326,124.46358492049245,122.13666881147289,124.31818389892578,25982000,0.02297350787368324,1.0229735078736832,AI_Core
2021-07-06 00:00:00-04:00,GOOGL,124.70625497523152,125.4799123179405,123.64824707773293,125.24369812011719,26404000,0.00744472121587525,1.0074447212158752,AI_Core
2021-07-07 00:00:00-04:00,GOOGL,126.20840260771347,126.32948178151617,125.20696652930476,125.52555847167969,24060000,0.0022504952807460565,1.002250495280746,AI_Core
2021-07-08 00:00:00-04:00,GOOGL,123.09592895650106,124.65365544647669,123.09196113332287,124.10629272460938,23790000,-0.011306587792561107,0.9886934122074389,AI_Core
2021-07-09 00:00:00-04:00,GOOGL,124.0874257825827,124.7916007446982,123.6174735198398,124.57722473144531,18632000,0.003794586047952686,1.0037945860479527,AI_Core
2021-07-12 00:00:00-04:00,GOOGL,125.2317800964702,126.11659701235094,124.66903075282382,126.02330017089844,17668000,0.011607863657024486,1.0116078636570245,AI_Core
2021-07-13 00:00:00-04:00,GOOGL,126.08583696407437,127.09719270240873,125.72456817298162,126.38656616210938,19240000,0.0028825303790513956,1.0028825303790514,AI_Core
2021-07-14 00:00:00-04:00,GOOGL,126.99843013494588,128.3566749442319,126.95525355930435,127.27533721923828,23742000,0.007032163972149785,1.0070321639721498,AI_Core
2021-07-15 00:00:00-04:00,GOOGL,127.6842504239584,127.73486288138461,125.58113774435483,126.05257415771484,24218000,-0.009607227042087274,0.9903927729579127,AI_Core
2021-07-16 00:00:00-04:00,GOOGL,126.70565676153585,126.85304170571108,125.20747790005308,126.01785278320312,20424000,-0.0002754515307896721,0.9997245484692103,AI_Core
2021-07-19 00:00:00-04:00,GOOGL,125.14394623897842,125.2585814894931,122.57882443943065,123.64378356933594,27968000,-0.01883914986197599,0.981160850138024,AI_Core
2021-07-20 00:00:00-04:00,GOOGL,124.58616903831472,126.09030725252616,123.41800096318075,125.2630615234375,26312000,0.01309631513494991,1.01309631513495,AI_Core
2021-07-21 00:00:00-04:00,GOOGL,125.18763199055165,126.63916630972676,125.07845626783947,126.59252166748047,20746000,0.010613345449761447,1.0106133454497614,AI_Core
2021-07-22 00:00:00-04:00,GOOGL,126.88529680984055,127.51950487431337,126.54288276082305,127.45845794677734,14302000,0.006840343077858968,1.006840343077859,AI_Core
2021-07-23 00:00:00-04:00,GOOGL,129.4523951600972,132.3986401311124,128.82712984161756,132.01751708984375,41506000,0.03576898086253433,1.0357689808625343,AI_Core
2021-07-26 00:00:00-04:00,GOOGL,132.32867753093342,133.23035779403736,131.30937099591478,133.02987670898438,30572000,0.007668373420867125,1.0076683734208671,AI_Core
2021-07-27 00:00:00-04:00,GOOGL,133.24377207224154,133.39115703132677,129.12836663588544,130.910888671875,54710000,-0.01592866271495441,0.9840713372850456,AI_Core
2021-07-28 00:00:00-04:00,GOOGL,135.28977752970368,137.25989239813106,134.26303523992692,135.0734100341797,95130000,0.0317966015244,1.0317966015244,AI_Core
2021-07-29 00:00:00-04:00,GOOGL,135.12899677919694,135.63616633400994,134.52655404007479,134.75929260253906,31716000,-0.0023255312171444054,0.9976744687828556,AI_Core
2021-07-30 00:00:00-04:00,GOOGL,134.02235996691988,134.28983968101215,133.24821049206028,133.71617126464844,25576000,-0.0077406263994515,0.9922593736005485,AI_Core
2021-08-02 00:00:00-04:00,GOOGL,134.10375968033432,134.3216113441576,132.79068281831607,133.84323120117188,21634000,0.0009502211686271966,1.0009502211686272,AI_Core
2021-08-03 00:00:00-04:00,GOOGL,134.1216167474908,134.71413996372158,132.31974039561504,134.6129150390625,20762000,0.00575063700258216,1.0057506370025822,AI_Core
2021-08-04 00:00:00-04:00,GOOGL,134.33450184746084,134.63225514353746,133.47846680037628,134.1121826171875,19676000,-0.0037197948037133166,0.9962802051962867,AI_Core
2021-08-05 00:00:00-04:00,GOOGL,134.66301914321753,135.32750833169953,133.83477396423808,135.229736328125,17870000,0.008332976834233286,1.0083329768342333,AI_Core
2021-08-06 00:00:00-04:00,GOOGL,135.0218328558006,135.44910079449588,134.196071269819,134.72059631347656,20488000,-0.0037650004242635315,0.9962349995757365,AI_Core
2021-08-09 00:00:00-04:00,GOOGL,134.92304934714446,136.15523997949722,134.32455935046355,135.88626098632812,17760000,0.008652460757664793,1.0086524607576648,AI_Core
2021-08-10 00:00:00-04:00,GOOGL,136.3120586436504,136.739341684584,135.3418956435353,135.7810821533203,19414000,-0.0007740210985597296,0.9992259789014403,AI_Core
2021-08-11 00:00:00-04:00,GOOGL,136.15276271111506,136.6499975345085,135.2495832758659,135.2570343017578,15352000,-0.0038595056340083866,0.9961404943659916,AI_Core
2021-08-12 00:00:00-04:00,GOOGL,134.95579303808665,136.27036900891522,134.40992968897953,136.1651611328125,16506000,0.006714082086323625,1.0067140820863236,AI_Core
2021-08-13 00:00:00-04:00,GOOGL,136.22075907791498,136.82271722045272,136.00539109097147,136.69467163085938,15948000,0.0038887369841276165,1.0038887369841276,AI_Core
2021-08-16 00:00:00-04:00,GOOGL,136.4937215541653,137.324950396284,134.2844159412733,137.2723388671875,22384000,0.0042259674750753096,1.0042259674750753,AI_Core
2021-08-17 00:00:00-04:00,GOOGL,136.71701126967452,137.22864843735246,135.06152034652905,135.6366729736328,21716000,-0.011915480620878882,0.9880845193791211,AI_Core
2021-08-18 00:00:00-04:00,GOOGL,135.47637140289288,136.07634558098277,134.30671177014443,134.43325805664062,19258000,-0.008872341753960011,0.99112765824604,AI_Core
2021-08-19 00:00:00-04:00,GOOGL,133.4273471733115,135.32996352122413,133.2432371779156,134.66250610351562,21782000,0.0017052926499661059,1.001705292649966,AI_Core
2021-08-20 00:00:00-04:00,GOOGL,134.9801260855952,136.52247337439283,134.23575039027023,136.39891052246094,31194000,0.012894490598671426,1.0128944905986714,AI_Core
2021-08-23 00:00:00-04:00,GOOGL,136.9348797849165,139.81809430193286,136.57559486721578,138.99134826660156,28454000,0.019006293629550086,1.01900629362955,AI_Core
2021-08-24 00:00:00-04:00,GOOGL,139.55704424673573,141.01453771679073,139.2860964529623,140.20217895507812,19268000,0.008711554377859976,1.00871155437786,AI_Core
2021-08-25 00:00:00-04:00,GOOGL,140.56294433294897,141.12321001802496,140.31581862814912,141.01353454589844,15848000,0.005787039808277772,1.0057870398082778,AI_Core
2021-08-26 00:00:00-04:00,GOOGL,140.687025436798,141.34951565478207,140.29696718889772,140.37985229492188,20610000,-0.004493769006054582,0.9955062309939454,AI_Core
2021-08-27 00:00:00-04:00,GOOGL,140.59023537546233,143.42878866169718,140.43589917778093,142.92410278320312,28780000,0.018124043063787232,1.0181240430637872,AI_Core
2021-08-30 00:00:00-04:00,GOOGL,143.3171329571625,144.87586650188038,143.08191071362054,143.50621032714844,24434000,0.004072843786385727,1.0040728437863857,AI_Core
2021-08-31 00:00:00-04:00,GOOGL,144.05851869902338,144.08282539771352,143.19901566010742,143.6123809814453,22448000,0.0007398331685775084,1.0007398331685775,AI_Core
2021-09-01 00:00:00-04:00,GOOGL,143.91262680281687,145.15722071865454,143.7969996028531,144.1265106201172,21936000,0.003579981302157309,1.0035799813021573,AI_Core
2021-09-02 00:00:00-04:00,GOOGL,144.12704464538862,144.42826606699765,142.11126907465723,142.21250915527344,32342000,-0.013280009740113674,0.9867199902598863,AI_Core
2021-09-03 00:00:00-04:00,GOOGL,142.00752066125906,143.07395626316057,141.33261222025337,142.6615753173828,19850000,0.0031577121082861925,1.0031577121082862,AI_Core
2021-09-07 00:00:00-04:00,GOOGL,142.75587753973872,143.48089873899315,142.5419937114171,143.1985321044922,20124000,0.003763850118118972,1.003763850118119,AI_Core
2021-09-08 00:00:00-04:00,GOOGL,143.01939373948818,143.3171319106359,141.92763663073742,142.6134490966797,18344000,-0.0040858170765714075,0.9959141829234286,AI_Core
2021-09-09 00:00:00-04:00,GOOGL,142.76185320180753,143.2283299265939,142.10383055094175,142.464599609375,15314000,-0.001043726859195293,0.9989562731408047,AI_Core
2021-09-10 00:00:00-04:00,GOOGL,143.13103101123474,143.63324834342055,139.6825992095329,139.81956481933594,36840000,-0.018566259950131503,0.9814337400498685,AI_Core
2021-09-13 00:00:00-04:00,GOOGL,140.88499809629892,141.87799874708952,140.1907502683079,141.26513671875,22094000,0.010338838497186753,1.0103388384971868,AI_Core
2021-09-14 00:00:00-04:00,GOOGL,141.92317737522325,142.2879293728358,140.6870186953344,141.47555541992188,19674000,0.0014895302978454872,1.0014895302978455,AI_Core
2021-09-15 00:00:00-04:00,GOOGL,141.70084898830657,143.3672589310745,140.28753163392904,143.34642028808594,27408000,0.013223944324594061,1.013223944324594,AI_Core
2021-09-16 00:00:00-04:00,GOOGL,142.8710275521027,143.21790922466803,141.3336473735186,142.5330810546875,26190000,-0.005673941712418418,0.9943260582875816,AI_Core
2021-09-17 00:00:00-04:00,GOOGL,141.95791332781604,142.37426215695461,139.4166134851855,139.744140625,53384000,-0.01956696935932667,0.9804330306406733,AI_Core
2021-09-20 00:00:00-04:00,GOOGL,137.12543075040233,137.95764383732217,135.2997322450259,137.6792449951172,46518000,-0.014776259102153744,0.9852237408978463,AI_Core
2021-09-21 00:00:00-04:00,GOOGL,138.70150564295537,138.961549489437,137.24104391217074,137.99038696289062,25332000,0.00225990466307735,1.0022599046630774,AI_Core
2021-09-22 00:00:00-04:00,GOOGL,138.25935937751655,139.83048106126535,137.51249995610252,139.23150634765625,25056000,0.008994245266515488,1.0089942452665155,AI_Core
2021-09-23 00:00:00-04:00,GOOGL,139.93021088227076,140.63389359261095,139.34860686187037,140.15699768066406,20952000,0.006647140128591911,1.006647140128592,AI_Core
2021-09-24 00:00:00-04:00,GOOGL,139.48461774511946,141.2631871572942,139.18934805370702,141.14854431152344,22984000,0.007074542457869537,1.0070745424578695,AI_Core
2021-09-27 00:00:00-04:00,GOOGL,139.74860330168596,140.87410203574274,139.01713059177794,140.01409912109375,21882000,-0.008037243288360751,0.9919627567116392,AI_Core
2021-09-28 00:00:00-04:00,GOOGL,137.61521342871015,138.0534004027572,134.34492472467014,134.8114013671875,45772000,-0.03715838466672272,0.9628416153332773,AI_Core
2021-09-29 00:00:00-04:00,GOOGL,135.95276138761872,136.12248424162405,132.861130950565,133.34596252441406,30848000,-0.010870288624787783,0.9891297113752122,AI_Core
2021-09-30 00:00:00-04:00,GOOGL,133.25467295688009,134.5260573598816,132.5544581975898,132.67355346679688,37996000,-0.005042590303355299,0.9949574096966447,AI_Core
2021-10-01 00:00:00-04:00,GOOGL,133.43925271047587,135.8837949065538,133.06756465527477,135.51904296875,35360000,0.0214472999900861,1.021447299990086,AI_Core
2021-10-04 00:00:00-04:00,GOOGL,134.94090486104298,134.94090486104298,130.0672375051425,132.65716552734375,51202000,-0.021117898848106442,0.9788821011518936,AI_Core
2021-10-05 00:00:00-04:00,GOOGL,133.03581349340732,136.1954422891802,133.03581349340732,135.00294494628906,32404000,0.017683020812485184,1.0176830208124852,AI_Core
2021-10-06 00:00:00-04:00,GOOGL,133.73949382505162,136.71699647050733,133.54099667756023,136.53338623046875,24364000,0.011336354809064142,1.0113363548090641,AI_Core
2021-10-07 00:00:00-04:00,GOOGL,137.85042817938296,138.99181325854707,137.61123813678714,138.18093872070312,25110000,0.012067030165451964,1.012067030165452,AI_Core
2021-10-08 00:00:00-04:00,GOOGL,138.53029594438388,139.2786394526992,138.17349477354347,138.73724365234375,26526000,0.004025916575693955,1.004025916575694,AI_Core
2021-10-11 00:00:00-04:00,GOOGL,138.24743994592924,139.6567893779869,137.81767325329827,137.8722686767578,17954000,-0.00623462707500122,0.9937653729249988,AI_Core
2021-10-12 00:00:00-04:00,GOOGL,138.43404261228585,138.46084813693733,134.74193748410298,135.42578125,36332000,-0.01774459396540151,0.9822554060345985,AI_Core
2021-10-13 00:00:00-04:00,GOOGL,136.37210417426144,136.96512710925458,135.49523045857015,136.55026245117188,19654000,0.008303302301768234,1.0083033023017682,AI_Core
2021-10-14 00:00:00-04:00,GOOGL,138.4280577151178,140.27757789553945,137.78392262648904,140.0924835205078,31894000,0.025940785508212327,1.0259407855082123,AI_Core
2021-10-15 00:00:00-04:00,GOOGL,140.55251849051083,140.65524269555343,139.69946688773342,140.307861328125,30274000,0.001537397312152411,1.0015373973121524,AI_Core
2021-10-18 00:00:00-04:00,GOOGL,140.01855803335158,141.7251609960852,140.01160677138375,141.70729064941406,20396000,0.009973990823054057,1.009973990823054,AI_Core
2021-10-19 00:00:00-04:00,GOOGL,142.3122259032988,142.5851727491795,141.5306404974809,142.16285705566406,20164000,0.0032148409878012263,1.0032148409878012,AI_Core
2021-10-20 00:00:00-04:00,GOOGL,142.2631058944433,142.4695538565035,140.3163131219319,140.70587158203125,23288000,-0.01024870703788916,0.9897512929621108,AI_Core
2021-10-21 00:00:00-04:00,GOOGL,140.70584874819411,141.08995517513137,139.44636796925485,140.8219757080078,26292000,0.0008251548046371848,1.0008251548046372,AI_Core
2021-10-22 00:00:00-04:00,GOOGL,138.10648755585106,139.52873994465847,135.03569573391266,136.5348663330078,50588000,-0.03044346845331336,0.9695565315466866,AI_Core
2021-10-25 00:00:00-04:00,GOOGL,136.51849946532073,136.9651218337323,134.40843556139117,136.41627502441406,34412000,-0.000868578933563402,0.9991314210664366,AI_Core
2021-10-26 00:00:00-04:00,GOOGL,138.21916373627255,139.0325068979377,137.267355663292,138.26382446289062,49236000,0.013543467875412274,1.0135434678754123,AI_Core
2021-10-27 00:00:00-04:00,GOOGL,138.35957512544428,147.53524032864095,138.35957512544428,145.12098693847656,85782000,0.04959476929141626,1.0495947692914163,AI_Core
2021-10-28 00:00:00-04:00,GOOGL,146.03113135042497,146.05445366795587,143.54242804880974,144.75526428222656,36206000,-0.0025201224437996217,0.9974798775562004,AI_Core
2021-10-29 00:00:00-04:00,GOOGL,143.99004609130722,147.13032034071645,143.5647621281139,146.935791015625,43320000,0.015063540135902054,1.015063540135902,AI_Core
2021-11-01 00:00:00-04:00,GOOGL,146.93579626429255,146.93579626429255,142.15143480145554,142.4208984375,46924000,-0.03072697636782651,0.9692730236321735,AI_Core
2021-11-02 00:00:00-04:00,GOOGL,143.49527310478769,145.5095488289708,143.25309962931374,144.3418731689453,33482000,0.01348801160869173,1.0134880116086917,AI_Core
2021-11-03 00:00:00-04:00,GOOGL,144.8063781414798,145.5691239438991,143.50670412146945,145.4986572265625,27494000,0.008014195965596382,1.0080141959655964,AI_Core
2021-11-04 00:00:00-04:00,GOOGL,146.02119056573684,148.61063405572054,145.21081578710826,147.15562438964844,38412000,0.01138819556599624,1.0113881955659962,AI_Core
2021-11-05 00:00:00-04:00,GOOGL,148.0508876098975,149.20020860954875,147.08569179918513,147.73577880859375,38354000,0.003942454944223739,1.0039424549442237,AI_Core
2021-11-08 00:00:00-05:00,GOOGL,148.7014585767388,149.48554284378903,147.31741521200507,147.91342163085938,23052000,0.001202436022595288,1.0012024360225953,AI_Core
2021-11-09 00:00:00-05:00,GOOGL,148.1139135667592,148.71090441297886,146.14081490134637,147.80177307128906,19530000,-0.0007548237228190979,0.9992451762771809,AI_Core
2021-11-10 00:00:00-05:00,GOOGL,146.39391306139473,146.9596459608255,143.45363459409407,144.79945373535156,29970000,-0.020313148303636397,0.9796868516963636,AI_Core
2021-11-11 00:00:00-05:00,GOOGL,145.39097096057034,146.42913217183607,144.50863009769796,144.6733856201172,16518000,-0.000870639439460752,0.9991293605605392,AI_Core
2021-11-12 00:00:00-05:00,GOOGL,145.51603116453387,147.7337869920276,144.32056534887636,147.5630645751953,22360000,0.019973811649544482,1.0199738116495445,AI_Core
2021-11-15 00:00:00-05:00,GOOGL,147.78386805797064,148.42800315960721,146.4683077163778,147.33872985839844,23508000,-0.0015202633358333273,0.9984797366641667,AI_Core
2021-11-16 00:00:00-05:00,GOOGL,147.03853742252912,147.6469319540117,146.20780848443775,146.76708984375,18904000,-0.0038797674935695525,0.9961202325064304,AI_Core
2021-11-17 00:00:00-05:00,GOOGL,146.91742834177577,147.44543653660836,146.13584294303453,146.93678283691406,19594000,0.001156206022376871,1.0011562060223769,AI_Core
2021-11-18 00:00:00-05:00,GOOGL,147.1298348231303,149.45129909726722,146.77551730421044,148.71485900878906,35608000,0.012100960273837558,1.0121009602738376,AI_Core
2021-11-19 00:00:00-05:00,GOOGL,148.850821889898,149.83440281847206,147.78240224110786,147.8096923828125,33682000,-0.0060865916964158995,0.9939134083035841,AI_Core
2021-11-22 00:00:00-05:00,GOOGL,148.2126562711061,148.70592331969485,145.05154308495818,145.2048797607422,30594000,-0.01762274570820499,0.982377254291795,AI_Core
2021-11-23 00:00:00-05:00,GOOGL,145.05698650074015,145.56018822180644,143.03427520363064,144.6887664794922,27218000,-0.003554379729527102,0.9964456202704729,AI_Core
2021-11-24 00:00:00-05:00,GOOGL,144.38257946964197,145.1527611600918,143.29033776996786,145.02423095703125,18040000,0.0023185246906269885,1.002318524690627,AI_Core
2021-11-26 00:00:00-05:00,GOOGL,143.2660178960678,143.47345022970194,140.7788138039504,141.11676025390625,30470000,-0.026943571273153166,0.9730564287268468,AI_Core
2021-11-29 00:00:00-05:00,GOOGL,142.92013818734432,145.2004097478787,142.81443053508832,144.4391632080078,32596000,0.023543645334003438,1.0235436453340034,AI_Core
2021-11-30 00:00:00-05:00,GOOGL,143.92106736043897,144.90513286079363,140.53961906199348,140.83340454101562,42068000,-0.024963857356328667,0.9750361426436713,AI_Core
2021-12-01 00:00:00-05:00,GOOGL,142.92013447496637,144.8560080310681,139.85529413547832,139.99374389648438,34020000,-0.005962084402260648,0.9940379155977394,AI_Core
2021-12-02 00:00:00-05:00,GOOGL,140.1907403286436,142.78563565182435,139.1629985850342,141.8938751220703,29194000,0.01357297242504596,1.013572972425046,AI_Core
2021-12-03 00:00:00-05:00,GOOGL,142.60355552786942,143.31715802946007,139.24889684085005,140.9366455078125,41230000,-0.006746095371870764,0.9932539046281292,AI_Core
2021-12-06 00:00:00-05:00,GOOGL,141.96782338203911,142.77373060812116,139.09899659163847,142.0814666748047,30618000,0.008122948881515102,1.008122948881515,AI_Core
2021-12-07 00:00:00-05:00,GOOGL,144.50465719357044,146.4246594362263,144.13842108192705,146.1651153564453,32240000,0.028741599993384437,1.0287415999933844,AI_Core
2021-12-08 00:00:00-05:00,GOOGL,146.48965394073545,147.2801896212736,145.30809084120318,147.07522583007812,24270000,0.00622659155991756,1.0062265915599176,AI_Core
2021-12-09 00:00:00-05:00,GOOGL,146.48419715632372,147.9818836126796,146.0117688087392,146.53134155273438,23270000,-0.0036980006270540544,0.996301999372946,AI_Core
2021-12-10 00:00:00-05:00,GOOGL,147.58488027246938,147.86029563658596,145.60384630237746,146.89161682128906,24458000,0.0024586908489132586,1.0024586908489133,AI_Core
2021-12-13 00:00:00-05:00,GOOGL,146.67328207860228,146.86037554582492,144.42626742648753,144.7329559326172,27070000,-0.014695603026128712,0.9853043969738713,AI_Core
2021-12-14 00:00:00-05:00,GOOGL,142.88836698093175,143.39652088196925,140.15600616019245,142.82781982421875,38446000,-0.013163111995621812,0.9868368880043782,AI_Core
2021-12-15 00:00:00-05:00,GOOGL,142.33357371721698,145.6207335434512,140.61555168516296,145.34283447265625,36370000,0.017608716925965773,1.0176087169259658,AI_Core
2021-12-16 00:00:00-05:00,GOOGL,146.06685680328061,146.56955875627122,142.53007278515918,143.36180114746094,33650000,-0.013630072183352215,0.9863699278166478,AI_Core
2021-12-17 00:00:00-05:00,GOOGL,141.43136775160448,142.75586325436495,140.24036978888418,140.6621856689453,50416000,-0.018830786561748192,0.9811692134382518,AI_Core
2021-12-20 00:00:00-05:00,GOOGL,138.95013079239632,140.7113292733153,138.27622180996892,140.54507446289062,27192000,-0.0008325706407713573,0.9991674293592286,AI_Core
2021-12-21 00:00:00-05:00,GOOGL,140.988241195714,142.7901327368822,139.4488771998358,142.3966064453125,28756000,0.013173937183481588,1.0131739371834816,AI_Core
2021-12-22 00:00:00-05:00,GOOGL,141.99464616719504,145.4014011115473,141.99464616719504,145.31703186035156,26322000,0.020509094197835864,1.0205090941978359,AI_Core
2021-12-23 00:00:00-05:00,GOOGL,145.40137781045914,147.1318028392247,145.35373364931638,145.81475830078125,26384000,0.0034251073948992072,1.0034251073948992,AI_Core
2021-12-27 00:00:00-05:00,GOOGL,146.15171345394464,147.23155191988448,146.06586006399732,146.79733276367188,15976000,0.006738511755194354,1.0067385117551944,AI_Core
2021-12-28 00:00:00-05:00,GOOGL,147.12433956414537,147.1868706273939,144.95921096439045,145.5869598388672,18200000,-0.008245196980201652,0.9917548030197983,AI_Core
2021-12-29 00:00:00-05:00,GOOGL,145.54480223641073,146.31151586245565,144.5552847534047,145.5552215576172,17788000,-0.00021800222550927284,0.9997819977744907,AI_Core
2021-12-30 00:00:00-05:00,GOOGL,145.5939555410993,146.19541398986445,144.89970756909142,145.10415649414062,15688000,-0.0030989273943566875,0.9969010726056433,AI_Core
2021-12-31 00:00:00-05:00,GOOGL,144.95477660937993,145.59841206525712,143.76576232910156,143.76576232910156,18136000,-0.00922367902736887,0.9907763209726311,AI_Core
2022-01-03 00:00:00-05:00,GOOGL,143.96722101651818,144.75725699875156,142.6352894390565,143.90420532226562,28646000,0.0009629761002980519,1.000962976100298,AI_Core
2022-01-04 00:00:00-05:00,GOOGL,144.30566816404834,145.38650621065128,142.6387735560891,143.316650390625,28400000,-0.00408295873164255,0.9959170412683575,AI_Core
2022-01-05 00:00:00-05:00,GOOGL,143.33697877967595,143.41588090539815,136.65546802283728,136.74180603027344,54618000,-0.04587634683361019,0.9541236531663898,AI_Core
2022-01-06 00:00:00-05:00,GOOGL,135.97116230054874,138.89060201412212,135.53445940710563,136.71453857421875,37348000,-0.00019940833638432132,0.9998005916636157,AI_Core
2022-01-07 00:00:00-05:00,GOOGL,137.109533589017,137.41027034450386,134.74837599268508,135.989501953125,29760000,-0.005303288360221758,0.9946967116397782,AI_Core
2022-01-10 00:00:00-05:00,GOOGL,134.06504915322984,137.7784923866588,132.1659006036538,137.62960815429688,44408000,0.01206053539145402,1.012060535391454,AI_Core
2022-01-11 00:00:00-05:00,GOOGL,136.97210248313013,139.1645370402757,135.66746088310236,138.68812561035156,28730000,0.007691059142361123,1.0076910591423611,AI_Core
2022-01-12 00:00:00-05:00,GOOGL,140.09148951411504,141.53856351346735,139.63941518856805,140.36988830566406,26108000,0.01212621980368711,1.012126219803687,AI_Core
2022-01-13 00:00:00-05:00,GOOGL,140.4786036171109,141.77879282182866,137.37108584273315,137.54776000976562,31436000,-0.0201049408100481,0.9798950591899519,AI_Core
2022-01-14 00:00:00-05:00,GOOGL,136.05104407819525,139.68658493826246,135.97115755847778,138.43453979492188,29662000,0.006447068168127901,1.006447068168128,AI_Core
2022-01-18 00:00:00-05:00,GOOGL,135.15382402606036,136.10314842718847,134.42285105215512,134.9781494140625,34872000,-0.024967687876014888,0.9750323121239851,AI_Core
2022-01-19 00:00:00-05:00,GOOGL,135.49970276827796,136.92493874451395,134.00301568869605,134.10325622558594,28648000,-0.00648173939466834,0.9935182606053317,AI_Core
2022-01-20 00:00:00-05:00,GOOGL,135.2282544434575,136.59394277770195,131.96738542394968,132.3078155517578,29908000,-0.013388494242137283,0.9866115057578627,AI_Core
2022-01-21 00:00:00-05:00,GOOGL,131.59918447816986,133.85413470989914,129.11098076605415,129.37399291992188,55652000,-0.022174220166821912,0.9778257798331781,AI_Core
2022-01-24 00:00:00-05:00,GOOGL,125.03327622017262,130.21909952147814,123.56636302838503,129.82308959960938,76622000,0.003471305704891403,1.0034713057048914,AI_Core
2022-01-25 00:00:00-05:00,GOOGL,127.77457291304532,128.42862762197316,125.5518651812698,125.98310089111328,46960000,-0.029578626732263857,0.9704213732677361,AI_Core
2022-01-26 00:00:00-05:00,GOOGL,130.13572850778058,132.00261942561787,126.18854746933454,128.2638702392578,49130000,0.018103772109211658,1.0181037721092117,AI_Core
2022-01-27 00:00:00-05:00,GOOGL,130.3193534803954,131.65773660980562,127.9656316406239,128.03759765625,31950000,-0.0017641178500674703,0.9982358821499325,AI_Core
2022-01-28 00:00:00-05:00,GOOGL,128.68669776042165,132.35648029937687,127.52150545782725,132.35101318359375,34362000,0.03368866337936316,1.0336886633793632,AI_Core
2022-01-31 00:00:00-05:00,GOOGL,133.15591425848223,134.45708760059057,131.21805677014638,134.28884887695312,39986000,0.014641638524302447,1.0146416385243024,AI_Core
2022-02-01 00:00:00-05:00,GOOGL,136.56265758061303,136.75967057677127,133.36085185882231,136.61178588867188,68644000,0.017298063325028812,1.0172980633250288,AI_Core
2022-02-02 00:00:00-05:00,GOOGL,150.11576472101984,150.41003482370965,144.43122234361599,146.89013671875,123200000,0.07523765803379656,1.0752376580337966,AI_Core
2022-02-03 00:00:00-05:00,GOOGL,144.61286316505112,148.55259367465578,141.5956515737135,142.0169677734375,71518000,-0.033175603578088686,0.9668243964219113,AI_Core
2022-02-04 00:00:00-05:00,GOOGL,142.36879793327233,143.78856670322708,139.46126220909318,142.2184295654297,57998000,0.0014185755065097005,1.0014185755065097,AI_Core
2022-02-07 00:00:00-05:00,GOOGL,143.16825272340563,143.16825272340563,137.85836692860573,138.15711975097656,54974000,-0.028556846161661875,0.9714431538383381,AI_Core
2022-02-08 00:00:00-05:00,GOOGL,137.98393352600814,138.95012868811895,135.98652845498887,138.3536376953125,54284000,0.0014224235760715853,1.0014224235760716,AI_Core
2022-02-09 00:00:00-05:00,GOOGL,139.90638557598996,141.45568390747968,139.13570423260293,140.53016662597656,40144000,0.015731635010980405,1.0157316350109804,AI_Core
2022-02-10 00:00:00-05:00,GOOGL,138.65586088469732,140.42349572216153,136.92245230630547,137.58047485351562,39330000,-0.020989740802852652,0.9790102591971473,AI_Core
2022-02-11 00:00:00-05:00,GOOGL,137.56065622822797,138.1129712080033,132.39963847863444,133.27552795410156,39958000,-0.03129039134366718,0.9687096086563328,AI_Core
2022-02-14 00:00:00-05:00,GOOGL,132.25720762086638,135.27788715232825,132.25720762086638,134.5096893310547,34302000,0.009260225008286271,1.0092602250082863,AI_Core
2022-02-15 00:00:00-05:00,GOOGL,136.5388523034239,137.07282740423187,134.80297510881232,135.58407592773438,26680000,0.007987429024799875,1.0079874290247999,AI_Core
2022-02-16 00:00:00-05:00,GOOGL,135.62177176243202,137.05047569540287,133.91218535408186,136.70509338378906,25022000,0.008268061336732302,1.0082680613367323,AI_Core
2022-02-17 00:00:00-05:00,GOOGL,135.22129248130244,136.08526315724788,131.48502706977027,131.54507446289062,38950000,-0.037745623028193065,0.9622543769718069,AI_Core
2022-02-18 00:00:00-05:00,GOOGL,132.46612837230094,133.06461847926178,129.2201611900481,129.42510986328125,45620000,-0.016115879733736627,0.9838841202662634,AI_Core
2022-02-22 00:00:00-05:00,GOOGL,128.86433355708314,131.18926578040976,127.2619388627428,128.84002685546875,44990000,-0.004520629794562692,0.9954793702054373,AI_Core
2022-02-23 00:00:00-05:00,GOOGL,130.66126945013715,131.0607474771788,126.57117055426758,126.63121795654297,32786000,-0.017143809674951438,0.9828561903250486,AI_Core
2022-02-24 00:00:00-05:00,GOOGL,124.0164378005304,132.00259601011356,124.0164378005304,131.69590759277344,54456000,0.03999558495890443,1.0399955849589044,AI_Core
2022-02-25 00:00:00-05:00,GOOGL,132.55046098165332,134.2570637049049,130.76345685402558,133.45115661621094,36406000,0.01332804530923637,1.0133280453092364,AI_Core
2022-02-28 00:00:00-05:00,GOOGL,132.05225159221422,134.73348521833475,131.5981781769132,134.04420471191406,38864000,0.004443933726319571,1.0044439337263196,AI_Core
2022-03-01 00:00:00-05:00,GOOGL,133.8670269115429,135.23369956009327,132.21948692768655,133.05615234375,26496000,-0.007371093515662008,0.992628906484338,AI_Core
2022-03-02 00:00:00-05:00,GOOGL,133.6184269882909,134.24815989047295,132.07359595195584,133.56234741210938,23520000,0.0038043717591624837,1.0038043717591625,AI_Core
2022-03-03 00:00:00-05:00,GOOGL,134.99001696109804,135.4163003802899,132.02790148125672,132.89535522460938,24604000,-0.004993863917665209,0.9950061360823348,AI_Core
2022-03-04 00:00:00-05:00,GOOGL,131.93066729654552,132.84773411932804,129.36007848583986,130.9173126220703,30430000,-0.014884211710754935,0.9851157882892451,AI_Core
2022-03-07 00:00:00-05:00,GOOGL,130.50196658252938,130.7471083714347,125.34790098196343,125.43077850341797,45112000,-0.04190839247129041,0.9580916075287096,AI_Core
2022-03-08 00:00:00-05:00,GOOGL,125.30323721276812,130.26574165683814,124.73205246663608,126.15132904052734,40428000,0.0057446070709810115,1.005744607070981,AI_Core
2022-03-09 00:00:00-05:00,GOOGL,130.26573904313827,132.73260407205578,128.92635657630487,132.41946411132812,37026000,0.04968742793654668,1.0496874279365467,AI_Core
2022-03-10 00:00:00-05:00,GOOGL,130.28164376257828,132.27259751382948,129.9307942927176,131.43641662597656,27102000,-0.007423738586686102,0.9925762614133139,AI_Core
2022-03-11 00:00:00-05:00,GOOGL,132.48747149297876,132.79217610039157,128.65940026907458,128.8966064453125,31526000,-0.019323489226669155,0.9806765107733308,AI_Core
2022-03-14 00:00:00-04:00,GOOGL,129.27323441185283,129.43103865307825,124.33554424721817,125.0064697265625,38812000,-0.03018028810867479,0.9698197118913252,AI_Core
2022-03-15 00:00:00-04:00,GOOGL,126.02381890617289,128.88074280190057,124.77773297483897,128.22915649414062,30920000,0.025780159815947057,1.025780159815947,AI_Core
2022-03-16 00:00:00-04:00,GOOGL,129.75262441968042,132.33311772405185,127.76910672795162,132.28102111816406,35576000,0.03159862183300399,1.031598621833004,AI_Core
2022-03-17 00:00:00-04:00,GOOGL,132.15051431173177,133.07503224064973,131.19373888959393,132.83534240722656,28264000,0.004190482386489336,1.0041904823864893,AI_Core
2022-03-18 00:00:00-04:00,GOOGL,132.42394150815238,135.22230167112554,131.2666850458185,135.1046905517578,44566000,0.017083918356413097,1.017083918356413,AI_Core
2022-03-21 00:00:00-04:00,GOOGL,135.14241839412708,136.02227568775655,133.08694951089777,135.0808868408203,26832000,-0.00017618715412681674,0.9998238128458732,AI_Core
2022-03-22 00:00:00-04:00,GOOGL,135.08087260988333,139.99226524903366,135.08087260988333,138.81912231445312,35496000,0.027674051903715746,1.0276740519037157,AI_Core
2022-03-23 00:00:00-04:00,GOOGL,137.66235573176738,138.54171310581177,136.8013684687144,137.23855590820312,25154000,-0.011385797431204714,0.9886142025687953,AI_Core
2022-03-24 00:00:00-04:00,GOOGL,138.15613908829116,140.55700535804056,136.71751540077963,140.51036071777344,26396000,0.023840274243039694,1.0238402742430397,AI_Core
2022-03-25 00:00:00-04:00,GOOGL,140.8517544009212,140.9698652761117,138.68959391227574,140.61058044433594,24126000,0.0007132550656800962,1.00071325506568,AI_Core
2022-03-28 00:00:00-04:00,GOOGL,139.84386848888616,140.93760943218095,138.7630305417239,140.39471435546875,35050000,-0.0015352051615535878,0.9984647948384464,AI_Core
2022-03-29 00:00:00-04:00,GOOGL,141.57779246166834,142.71519472589625,140.97335063207385,141.4368438720703,34318000,0.0074228543530703295,1.0074228543530703,AI_Core
2022-03-30 00:00:00-04:00,GOOGL,141.39165797125744,141.65020246802916,140.5381067539103,140.8740692138672,19884000,-0.0039789820162570155,0.996021017983743,AI_Core
2022-03-31 00:00:00-04:00,GOOGL,140.9877281817403,141.04232360786241,137.98195087256153,138.02462768554688,37524000,-0.020226870312054723,0.9797731296879453,AI_Core
2022-04-01 00:00:00-04:00,GOOGL,138.4538680484704,139.41757946432682,137.27030594315084,139.0994873046875,25942000,0.007787448060279534,1.0077874480602795,AI_Core
2022-04-04 00:00:00-04:00,GOOGL,139.3059565218583,142.63430898174366,139.2583123546928,141.89935302734375,25942000,0.020128512167146617,1.0201285121671466,AI_Core
2022-04-05 00:00:00-04:00,GOOGL,141.79761431614833,141.91819372538492,139.32976482705615,139.5366973876953,21418000,-0.016650221366359297,0.9833497786336407,AI_Core
2022-04-06 00:00:00-04:00,GOOGL,137.70951570655762,138.31544169493338,134.50075823179935,135.52403259277344,32468000,-0.028757057247620676,0.9712429427523793,AI_Core
2022-04-07 00:00:00-04:00,GOOGL,134.99004046750798,136.13589316323527,133.2209064212302,134.8694610595703,26234000,-0.004829929575442926,0.9951700704245571,AI_Core
2022-04-08 00:00:00-04:00,GOOGL,134.56675141890017,134.65260481245758,131.96838763466556,132.28797912597656,25142000,-0.019140596494661932,0.9808594035053381,AI_Core
2022-04-11 00:00:00-04:00,GOOGL,130.83495535168646,131.10193533045702,127.70361595123991,127.85745239257812,36884000,-0.033491529333737,0.966508470666263,AI_Core
2022-04-12 00:00:00-04:00,GOOGL,130.61313547778892,130.61313547778892,125.83820864259683,126.75676727294922,32710000,-0.008608689591665941,0.9913913104083341,AI_Core
2022-04-13 00:00:00-04:00,GOOGL,127.04014280725121,129.3566400477874,126.7830823528814,128.91993713378906,27928000,0.017065517742195446,1.0170655177421954,AI_Core
2022-04-14 00:00:00-04:00,GOOGL,129.5010341712906,129.5010341712906,125.65160981411958,125.77964782714844,31598000,-0.024358445842102228,0.9756415541578978,AI_Core
2022-04-18 00:00:00-04:00,GOOGL,126.04762980933042,127.25103124090627,125.23576318572876,126.71905517578125,20808000,0.007468675297324534,1.0074686752973245,AI_Core
2022-04-19 00:00:00-04:00,GOOGL,126.73393183820416,129.35561786649717,126.04711985372514,129.0340576171875,26490000,0.018268779215524722,1.0182687792155247,AI_Core
2022-04-20 00:00:00-04:00,GOOGL,129.91042868655606,130.41363040865102,126.54386726306718,127.0798110961914,31696000,-0.015145199314694602,0.9848548006853054,AI_Core
2022-04-21 00:00:00-04:00,GOOGL,128.28073280257334,129.12286527754452,123.59265202342968,123.87849426269531,36446000,-0.025191388040960327,0.9748086119590397,AI_Core
2022-04-22 00:00:00-04:00,GOOGL,124.06261542731319,124.46160122256957,118.03317534641822,118.73834228515625,56884000,-0.04149349738332242,0.9585065026166776,AI_Core
2022-04-25 00:00:00-04:00,GOOGL,118.20785607828329,122.35303480833002,117.62228414008575,122.15106201171875,46128000,0.028741513995257595,1.0287415139952576,AI_Core
2022-04-26 00:00:00-04:00,GOOGL,121.37740906871237,121.59129290122091,117.62228107667312,117.76023864746094,73054000,-0.03594584682232704,0.964054153177673,AI_Core
2022-04-27 00:00:00-04:00,GOOGL,113.6110762978176,116.3627840575596,111.89107816216398,113.43739318847656,91820000,-0.03670887142073209,0.9632911285792679,AI_Core
2022-04-28 00:00:00-04:00,GOOGL,115.54199599993349,118.75223733155552,113.2592408453906,117.6336898803711,48884000,0.03699218197761622,1.0369921819776162,AI_Core
2022-04-29 00:00:00-04:00,GOOGL,115.85909136700216,117.0357022536662,112.96099060726237,113.25377655029297,42676000,-0.03723349437165768,0.9627665056283423,AI_Core
2022-05-02 00:00:00-04:00,GOOGL,112.55457077295934,115.87002012682098,111.75560719290151,115.708740234375,35534000,0.021676660671813064,1.021676660671813,AI_Core
2022-05-03 00:00:00-04:00,GOOGL,115.55738116745341,117.55380196982412,115.16435465778821,116.45410919189453,24968000,0.006441768841400686,1.0064417688414007,AI_Core
2022-05-04 00:00:00-04:00,GOOGL,116.15387107248489,121.93320188651805,114.25273117249577,121.34415435791016,49916000,0.04199117746852332,1.0419911774685233,AI_Core
2022-05-05 00:00:00-04:00,GOOGL,119.30258703193357,120.13132441982566,114.14306924777586,115.63182067871094,45840000,-0.04707547478843055,0.9529245252115695,AI_Core
2022-05-06 00:00:00-04:00,GOOGL,114.32073509250367,116.68983605123141,113.1605026751049,114.8785171508789,39710000,-0.00651467323968824,0.9934853267603118,AI_Core
2022-05-09 00:00:00-04:00,GOOGL,112.40073109237771,114.21403375682236,111.16060468534064,111.66727447509766,40802000,-0.027953378537813767,0.9720466214621862,AI_Core
2022-05-10 00:00:00-04:00,GOOGL,114.64130019962774,115.37823243873659,112.05384804886181,113.53713989257812,39900000,0.016744972296224958,1.016744972296225,AI_Core
2022-05-11 00:00:00-04:00,GOOGL,112.38733478952014,115.49187605345283,112.38733478952014,112.7505874633789,37534000,-0.0069277104385702115,0.9930722895614298,AI_Core
2022-05-12 00:00:00-04:00,GOOGL,110.54228538807705,113.43790288948209,109.000929902231,111.99778747558594,53836000,-0.006676683507635617,0.9933233164923644,AI_Core
2022-05-13 00:00:00-04:00,GOOGL,113.67410719481575,116.99104817996168,112.75307250236035,115.18022918701172,35038000,0.028415219471362496,1.0284152194713625,AI_Core
2022-05-16 00:00:00-04:00,GOOGL,114.0934388924006,115.2988317009477,113.03543859089471,113.5867691040039,25990000,-0.013834493074506793,0.9861655069254932,AI_Core
2022-05-17 00:00:00-04:00,GOOGL,115.96430800340062,116.02336344596293,114.00858771379083,115.59956359863281,23054000,0.01772032526768963,1.0177203252676896,AI_Core
2022-05-18 00:00:00-04:00,GOOGL,114.13760728159772,114.53460916918733,110.71893406247878,111.06035614013672,35126000,-0.03926664874148178,0.9607333512585182,AI_Core
2022-05-19 00:00:00-04:00,GOOGL,110.5958585955155,112.16251999175434,109.17509039792782,109.55621337890625,34144000,-0.01354347143757162,0.9864565285624284,AI_Core
2022-05-20 00:00:00-04:00,GOOGL,111.11146523229964,111.34222744755039,105.00312313802856,108.0912857055664,48962000,-0.013371470482219983,0.98662852951778,AI_Core
2022-05-23 00:00:00-04:00,GOOGL,108.76570147382164,111.3065015318097,107.92554522357145,110.65194702148438,37184000,0.023689803476785842,1.0236898034767858,AI_Core
2022-05-24 00:00:00-04:00,GOOGL,104.97881024305309,105.66016266842033,101.12045838122785,105.17532348632812,76780000,-0.04949414522360729,0.9505058547763927,AI_Core
2022-05-25 00:00:00-04:00,GOOGL,104.19819271514743,105.70133867913732,103.07766145585327,105.01155090332031,40258000,-0.0015571388570922995,0.9984428611429077,AI_Core
2022-05-26 00:00:00-04:00,GOOGL,104.88452423587293,107.83472935545615,104.43591035610642,106.98416137695312,37948000,0.018784699936951865,1.0187846999369519,AI_Core
2022-05-27 00:00:00-04:00,GOOGL,108.66198784959495,111.47572725445181,108.32006598746688,111.47423553466797,37914000,0.04196952240336116,1.0419695224033612,AI_Core
2022-05-31 00:00:00-04:00,GOOGL,111.90100218674581,114.86709364566386,111.2380123045194,112.90888977050781,50012000,0.012869827982751048,1.012869827982751,AI_Core
2022-06-01 00:00:00-04:00,GOOGL,113.99370154703936,116.22335308466774,112.40073416812857,113.03791809082031,36606000,0.0011427649370634452,1.0011427649370634,AI_Core
2022-06-02 00:00:00-04:00,GOOGL,113.14510810652334,117.01536355537438,112.09951102289412,116.74044036865234,37992000,0.03275469276475218,1.0327546927647522,AI_Core
2022-06-03 00:00:00-04:00,GOOGL,115.19212699520513,115.44918737427344,112.66720616867079,113.68203735351562,26136000,-0.026198316585740566,0.9738016834142594,AI_Core
2022-06-06 00:00:00-04:00,GOOGL,115.82931537143588,118.45200072153771,115.2928718045409,115.94445037841797,33542000,0.019901235741113243,1.0199012357411132,AI_Core
2022-06-07 00:00:00-04:00,GOOGL,114.61450564492854,116.8084316076851,114.18922165172008,116.27098846435547,31590000,0.0028163321734826496,1.0028163321734826,AI_Core
2022-06-08 00:00:00-04:00,GOOGL,115.88588804690858,117.68132781808734,115.72560012536873,116.31514739990234,26108000,0.0003797932410321003,1.000379793241032,AI_Core
2022-06-09 00:00:00-04:00,GOOGL,115.45514278415996,117.41186240268544,113.91527928024134,113.97433471679688,25798000,-0.02012474501758177,0.9798752549824182,AI_Core
2022-06-10 00:00:00-04:00,GOOGL,111.60177950289385,112.42952500948132,109.53836747150189,110.3279037475586,41452000,-0.03199343938526966,0.9680065606147303,AI_Core
2022-06-13 00:00:00-04:00,GOOGL,105.98570813873417,107.97566993786647,105.32321795495841,105.59466552734375,47252000,-0.042901551279764805,0.9570984487202352,AI_Core
2022-06-14 00:00:00-04:00,GOOGL,105.73609475699467,107.1151707392392,105.00660593631495,105.91523742675781,33706000,0.003035872104079518,1.0030358721040795,AI_Core
2022-06-15 00:00:00-04:00,GOOGL,107.73101553417992,110.58793144263325,106.8620849971601,108.94137573242188,39698000,0.02857132155094,1.02857132155094,AI_Core
2022-06-16 00:00:00-04:00,GOOGL,106.41694479005933,107.83373777282833,104.34956513406651,105.23834991455078,51684000,-0.033990995551280156,0.9660090044487198,AI_Core
2022-06-17 00:00:00-04:00,GOOGL,105.23834264435271,107.88435035184875,104.25824499723922,106.34001922607422,51376000,0.010468325590604177,1.0104683255906042,AI_Core
2022-06-21 00:00:00-04:00,GOOGL,108.11261652945545,111.64592465224696,107.78558920038876,110.70751190185547,47416000,0.04107101642041422,1.0410710164204142,AI_Core
2022-06-22 00:00:00-04:00,GOOGL,109.72744054758711,112.49651168592568,109.55474179877777,110.65145874023438,30774000,-0.0005063175990333013,0.9994936824009667,AI_Core
2022-06-23 00:00:00-04:00,GOOGL,111.38986449241077,111.89703403190568,109.67185020461025,111.40028381347656,28362000,0.006767421611676427,1.0067674216116764,AI_Core
2022-06-24 00:00:00-04:00,GOOGL,112.14765818472281,117.19353312859221,112.10547355859575,117.0903091430664,41164000,0.05107729652751125,1.0510772965275113,AI_Core
2022-06-27 00:00:00-04:00,GOOGL,117.38607949281155,117.69027676415887,114.31577167393478,114.96487426757812,36420000,-0.018152098931529248,0.9818479010684708,AI_Core
2022-06-28 00:00:00-04:00,GOOGL,114.93408839680073,116.42979107455284,111.0092451116475,111.16754913330078,35792000,-0.03303030737405199,0.966969692625948,AI_Core
2022-06-29 00:00:00-04:00,GOOGL,110.7154765500455,112.3119120901415,110.04106774033188,110.86385345458984,24716000,-0.002731873474576485,0.9972681265254235,AI_Core
2022-06-30 00:00:00-04:00,GOOGL,109.17510001051674,110.05644130249395,105.94947205566056,108.1458740234375,43170000,-0.02451637162572229,0.9754836283742777,AI_Core
2022-07-01 00:00:00-04:00,GOOGL,107.12359442814898,108.43071939882303,105.93011274488833,107.92206573486328,35476000,-0.002069503719815624,0.9979304962801844,AI_Core
2022-07-05 00:00:00-04:00,GOOGL,106.29735689624175,112.52678642393329,104.93861973628887,112.41364288330078,39342000,0.04161870992603256,1.0416187099260326,AI_Core
2022-07-06 00:00:00-04:00,GOOGL,112.45234149088837,114.72268583730312,110.64003080778706,113.71281433105469,37432000,0.011557062064989854,1.0115570620649899,AI_Core
2022-07-07 00:00:00-04:00,GOOGL,114.21700853285823,118.2956881859461,113.97235893217574,117.8922348022461,40936000,0.036754173184244454,1.0367541731842445,AI_Core
2022-07-08 00:00:00-04:00,GOOGL,116.37073191522165,118.78746921249528,116.02484225798968,118.45845794677734,38238000,0.00480288753098157,1.0048028875309816,AI_Core
2022-07-11 00:00:00-04:00,GOOGL,117.11312990957636,117.11312990957636,114.4656302547842,114.80903625488281,31196000,-0.030807607621687882,0.9691923923783121,AI_Core
2022-07-12 00:00:00-04:00,GOOGL,115.34349827319495,116.09680918580032,112.83743934520429,113.16545867919922,29960000,-0.014315751000946952,0.985684248999053,AI_Core
2022-07-13 00:00:00-04:00,GOOGL,110.86333799664993,113.33963043551984,110.36758731712142,110.51844787597656,43722000,-0.023390624967344342,0.9766093750326557,AI_Core
2022-07-14 00:00:00-04:00,GOOGL,109.3840355997886,110.25991744168836,107.56031347226879,109.53985595703125,37004000,-0.008854557205177915,0.9911454427948221,AI_Core
2022-07-15 00:00:00-04:00,GOOGL,111.16060487695782,112.29205534108347,110.06835559507293,110.93927001953125,46770000,0.012775387097906599,1.0127753870979066,AI_Core
2022-07-18 00:00:00-04:00,GOOGL,111.7953006779903,112.82750252180041,107.5573251702464,108.21237182617188,43164600,-0.02458009857897292,0.9754199014210271,AI_Core
2022-07-19 00:00:00-04:00,GOOGL,110.0187184533275,113.1649443518166,108.73839143949293,112.9565200805664,36530900,0.04384108927965591,1.043841089279656,AI_Core
2022-07-20 00:00:00-04:00,GOOGL,112.32132368111083,114.53460399317886,111.63650321745263,113.04585266113281,35600400,0.0007908581151641059,1.000790858115164,AI_Core
2022-07-21 00:00:00-04:00,GOOGL,113.42301156798746,113.69099107486413,110.27678525693223,113.48255920410156,32676200,0.003863092123139067,1.003863092123139,AI_Core
2022-07-22 00:00:00-04:00,GOOGL,110.16760216901068,111.4975497677554,105.70134802702376,107.09085083007812,48901200,-0.056323266049435605,0.9436767339505644,AI_Core
2022-07-25 00:00:00-04:00,GOOGL,107.59703351304728,109.04608401682407,105.50285586600882,106.70378112792969,34690900,-0.0036144049575496107,0.9963855950424504,AI_Core
2022-07-26 00:00:00-04:00,GOOGL,105.80059031214428,106.3960893145557,103.28956434431937,104.23243713378906,47991000,-0.023160791192372798,0.9768392088076272,AI_Core
2022-07-27 00:00:00-04:00,GOOGL,108.44065165526703,113.05578240581903,107.20002551652622,112.21215057373047,59858500,0.07655691125881403,1.076556911258814,AI_Core
2022-07-28 00:00:00-04:00,GOOGL,111.52733903733414,113.48255962814197,110.62415950126018,113.36346435546875,32816600,0.010260152540092271,1.0102601525400923,AI_Core
2022-07-29 00:00:00-04:00,GOOGL,112.23200722978598,115.83478288766385,112.21215297072065,115.44770812988281,37223400,0.018385498240231835,1.0183854982402318,AI_Core
2022-08-01 00:00:00-04:00,GOOGL,114.4353523994771,115.84470180597212,113.48254490858795,113.99864959716797,26034300,-0.012551643996991269,0.9874483560030087,AI_Core
2022-08-02 00:00:00-04:00,GOOGL,113.14510872831781,115.4774844552109,112.86720967281481,114.26663208007812,20236000,0.002350751380451488,1.0023507513804515,AI_Core
2022-08-03 00:00:00-04:00,GOOGL,114.84228148786751,117.73046282343833,114.61401051481387,117.19451141357422,28499000,0.025623222459591144,1.0256232224595911,AI_Core
2022-08-04 00:00:00-04:00,GOOGL,116.59901329341588,117.88925996691131,116.01343380363976,117.3036880493164,21602900,0.0009315848875968147,1.0009315848875968,AI_Core
2022-08-05 00:00:00-04:00,GOOGL,115.35838937548199,117.22428844560957,115.13011082398499,116.5890884399414,19159500,-0.006091876745380476,0.9939081232546195,AI_Core
2022-08-08 00:00:00-04:00,GOOGL,117.50219448024508,119.24899838566922,116.00351582840237,116.42037200927734,19138300,-0.001447103094480151,0.9985528969055198,AI_Core
2022-08-09 00:00:00-04:00,GOOGL,116.26156397159279,116.44021445054224,114.84228726998916,115.75538635253906,19086500,-0.0057119355080337275,0.9942880644919663,AI_Core
2022-08-10 00:00:00-04:00,GOOGL,117.88926147915558,120.01321290367328,117.5220409743198,118.80236053466797,30930400,0.026322526131520085,1.02632252613152,AI_Core
2022-08-11 00:00:00-04:00,GOOGL,120.37049588037036,120.57892013982634,117.67089249129828,117.94879150390625,24293700,-0.007184781741038204,0.9928152182589618,AI_Core
2022-08-12 00:00:00-04:00,GOOGL,119.35816000390892,120.76750946044922,118.56415625736685,120.76750946044922,19096300,0.02389781125014423,1.0238978112501442,AI_Core
2022-08-15 00:00:00-04:00,GOOGL,120.22163222861532,121.3828640455292,119.70553508834992,121.16451263427734,19494800,0.003287334280567711,1.0032873342805677,AI_Core
2022-08-16 00:00:00-04:00,GOOGL,120.60871829137403,121.51189783679357,119.73532013661259,120.78736877441406,19041200,-0.0031126594054948775,0.9968873405945051,AI_Core
2022-08-17 00:00:00-04:00,GOOGL,119.21922104715102,120.38044538230633,118.48476486626201,118.65349578857422,22847000,-0.017666358721872055,0.982333641278128,AI_Core
2022-08-18 00:00:00-04:00,GOOGL,118.53439597699447,119.91397177569962,117.82972116826019,119.26884460449219,17987700,0.005186099337641359,1.0051860993376414,AI_Core
2022-08-19 00:00:00-04:00,GOOGL,118.16715698490374,118.25648600514175,115.8844094146696,116.3310317993164,21809500,-0.024631854319691504,0.9753681456803085,AI_Core
2022-08-22 00:00:00-04:00,GOOGL,114.3361161243205,114.76289187196363,112.99624124243041,113.38331604003906,21456600,-0.025339032188440247,0.9746609678115598,AI_Core
2022-08-23 00:00:00-04:00,GOOGL,112.62901689648295,114.14754221607616,112.57938881757295,113.00616455078125,15870400,-0.003326340262659322,0.9966736597373407,AI_Core
2022-08-24 00:00:00-04:00,GOOGL,112.64884764537656,113.91924753502663,112.02357482936523,112.8374252319336,17734600,-0.0014931868497477518,0.9985068131502522,AI_Core
2022-08-25 00:00:00-04:00,GOOGL,113.38330709839337,115.84471280114529,113.2542847000928,115.77523803710938,16956800,0.026035801500585487,1.0260358015005855,AI_Core
2022-08-26 00:00:00-04:00,GOOGL,113.85971726032743,114.25671917939691,109.36368888940646,109.51255798339844,37245700,-0.05409343275721501,0.945906567242785,AI_Core
2022-08-29 00:00:00-04:00,GOOGL,109.16518204997358,110.11798209415639,107.98411101792682,108.59945678710938,21191200,-0.008337867483905193,0.9916621325160948,AI_Core
2022-08-30 00:00:00-04:00,GOOGL,109.34381870099924,109.67134580443539,106.99159649238482,108.123046875,27513300,-0.004386853546084479,0.9956131464539155,AI_Core
2022-08-31 00:00:00-04:00,GOOGL,109.82023252604237,110.01872968878591,107.31912587125797,107.40845489501953,28627000,-0.006609062550804734,0.9933909374491953,AI_Core
2022-09-01 00:00:00-04:00,GOOGL,107.46800272981824,109.62172799554575,106.55490366400493,108.91705322265625,28360900,0.01404543365893507,1.014045433658935,AI_Core
2022-09-02 00:00:00-04:00,GOOGL,109.76066416835299,109.9095408086635,106.45564212879846,107.04121398925781,24160700,-0.01722264032945975,0.9827773596705403,AI_Core
2022-09-06 00:00:00-04:00,GOOGL,106.49534883381243,107.21987024518616,104.98674323622889,106.00901794433594,25068300,-0.009642977750845216,0.9903570222491548,AI_Core
2022-09-07 00:00:00-04:00,GOOGL,106.25714254097879,109.15525088592688,106.09834633659005,108.62921905517578,23167000,0.024716775625783782,1.0247167756257838,AI_Core
2022-09-08 00:00:00-04:00,GOOGL,107.22980641541218,108.77810551573627,106.35640828203118,107.56725311279297,24238300,-0.009776061649153678,0.9902239383508463,AI_Core
2022-09-09 00:00:00-04:00,GOOGL,108.25206778151146,110.1576676027876,108.20243970996736,109.82022094726562,23197700,0.02094473707635025,1.0209447370763503,AI_Core
2022-09-12 00:00:00-04:00,GOOGL,110.15767076513058,110.78295116694179,109.10562225338329,110.02864837646484,22966800,0.0018978966478249149,1.001897896647825,AI_Core
2022-09-13 00:00:00-04:00,GOOGL,106.991603410664,107.48785387625672,103.30941829244654,103.5376968383789,38172900,-0.058993286147413504,0.9410067138525865,AI_Core
2022-09-14 00:00:00-04:00,GOOGL,103.78581739454697,104.49049211527398,102.88264552539968,104.21259307861328,26395100,0.006518362498326491,1.0065183624983265,AI_Core
2022-09-15 00:00:00-04:00,GOOGL,103.24987906308242,104.48057819770708,101.58247706009536,102.1382827758789,34188300,-0.019904603095036832,0.9800953969049632,AI_Core
2022-09-16 00:00:00-04:00,GOOGL,101.30456950094974,102.35661806239246,100.18304617737745,102.02909851074219,42797200,-0.0010689847349039105,0.9989310152650961,AI_Core
2022-09-19 00:00:00-04:00,GOOGL,100.98697240353168,102.55512573336215,100.78847524094766,102.29707336425781,23036800,0.0026264551723684804,1.0026264551723685,AI_Core
2022-09-20 00:00:00-04:00,GOOGL,101.31449164135248,101.60231780519607,99.7661851195669,100.38153839111328,26517100,-0.01872521774228797,0.981274782257712,AI_Core
2022-09-21 00:00:00-04:00,GOOGL,100.90755295401473,102.1084779947317,98.5255495565138,98.53547668457031,31487300,-0.018390450436714945,0.981609549563285,AI_Core
2022-09-22 00:00:00-04:00,GOOGL,98.07893721973088,100.48078754574622,98.04916340470949,99.3890380859375,34298600,0.008662478024027642,1.0086624780240276,AI_Core
2022-09-23 00:00:00-04:00,GOOGL,98.88286748104298,98.9126488703435,96.73906935446827,97.99954223632812,31625400,-0.01398037325210788,0.9860196267478921,AI_Core
2022-09-26 00:00:00-04:00,GOOGL,97.36434023985667,99.13099069316641,97.06659450257123,97.4338150024414,27072700,-0.005772753841262412,0.9942272461587376,AI_Core
2022-09-27 00:00:00-04:00,GOOGL,98.6843639996458,99.25008920522836,96.14356413908983,96.76883697509766,30072800,-0.006824920355700814,0.9931750796442992,AI_Core
2022-09-28 00:00:00-04:00,GOOGL,96.91771702518929,99.94484030889338,96.38176561600726,99.29972076416016,32466300,0.026153913472307222,1.0261539134723072,AI_Core
2022-09-29 00:00:00-04:00,GOOGL,97.90028247593715,97.90028247593715,95.24037991576093,96.6894302368164,31047200,-0.026286987589252853,0.9737130124107471,AI_Core
2022-09-30 00:00:00-04:00,GOOGL,96.32221919924832,98.15834442273268,94.84338734754718,94.9327163696289,32941500,-0.018168623632230263,0.9818313763677697,AI_Core
2022-10-03 00:00:00-04:00,GOOGL,96.0343924144823,98.54541856387281,95.7961867385492,97.9002914428711,27982000,0.03125977204410413,1.0312597720441041,AI_Core
2022-10-04 00:00:00-04:00,GOOGL,99.68679428970093,101.07628951245434,99.62723908573932,100.87779235839844,28850800,0.030413606248198333,1.0304136062481983,AI_Core
2022-10-05 00:00:00-04:00,GOOGL,99.0813725388771,101.16562303801653,98.05909776281518,100.66937255859375,22176900,-0.002066062261396606,0.9979339377386034,AI_Core
2022-10-06 00:00:00-04:00,GOOGL,99.92499054385183,102.15811756055992,99.83566152564943,100.65943908691406,22324000,-9.867421865483728e-05,0.9999013257813452,AI_Core
2022-10-07 00:00:00-04:00,GOOGL,99.10121139538383,99.77611229695586,97.56283957404312,97.93998718261719,27502800,-0.027016362588199727,0.9729836374118003,AI_Core
2022-10-10 00:00:00-04:00,GOOGL,98.25758717787716,98.35683575149946,96.28251254572439,97.12613677978516,18225100,-0.008309684596083722,0.9916903154039163,AI_Core
2022-10-11 00:00:00-04:00,GOOGL,96.69935047364574,98.50570157495417,95.58774688354056,96.45122528076172,26507100,-0.0069488144118577955,0.9930511855881422,AI_Core
2022-10-12 00:00:00-04:00,GOOGL,96.57033961999998,98.00946288154012,96.0145339725508,96.82838439941406,21876400,0.003910361092401615,1.0039103610924016,AI_Core
2022-10-13 00:00:00-04:00,GOOGL,94.4364493572874,99.03172517583654,93.67221952738693,98.31712341308594,34574500,0.015375026888095888,1.0153750268880959,AI_Core
2022-10-14 00:00:00-04:00,GOOGL,99.24016247039046,99.93491764089593,95.64731407308213,95.83588409423828,25410700,-0.02523710247728228,0.9747628975227177,AI_Core
2022-10-17 00:00:00-04:00,GOOGL,98.11863744507288,100.17311396048777,98.08886363026959,99.2203140258789,28419200,0.035314850628524574,1.0353148506285246,AI_Core
2022-10-18 00:00:00-04:00,GOOGL,102.35662329095497,102.69407756152302,99.22032413323551,100.01432037353516,24060700,0.008002457515394967,1.008002457515395,AI_Core
2022-10-19 00:00:00-04:00,GOOGL,99.26003642606825,100.26245707797568,98.17820629721868,98.88288116455078,23811100,-0.011312772058627796,0.9886872279413722,AI_Core
2022-10-20 00:00:00-04:00,GOOGL,99.25008784068218,101.55268957569878,98.64466169907956,99.2203140258789,25323200,0.0034124497319876212,1.0034124497319876,AI_Core
2022-10-21 00:00:00-04:00,GOOGL,97.11621821439542,100.55027065536837,96.98719581452741,100.37162017822266,32458700,0.011603532639933523,1.0116035326399335,AI_Core
2022-10-24 00:00:00-04:00,GOOGL,101.03660346521866,101.97947637362036,99.23025197248559,101.7511978149414,27176400,0.013744698294887892,1.013744698294888,AI_Core
2022-10-25 00:00:00-04:00,GOOGL,102.12834936574457,104.03394937421807,101.94969889168885,103.69650268554688,40611400,0.01911825032412362,1.0191182503241236,AI_Core
2022-10-26 00:00:00-04:00,GOOGL,95.7068759553299,97.57277519166514,93.97992625935036,94.21812438964844,88114100,-0.09140499486893039,0.9085950051310696,AI_Core
2022-10-27 00:00:00-04:00,GOOGL,93.81119793302166,94.71437754260515,91.1116013795603,91.52845001220703,60710900,-0.028547313957535292,0.9714526860424647,AI_Core
2022-10-28 00:00:00-04:00,GOOGL,91.57805152128097,95.82596158594453,91.4391020058955,95.56790924072266,43697300,0.04413337304386644,1.0441333730438664,AI_Core
2022-10-31 00:00:00-04:00,GOOGL,94.70443378065085,95.30985993363518,93.27523763795979,93.80126190185547,31675000,-0.018485779932856383,0.9815142200671436,AI_Core
2022-11-01 00:00:00-04:00,GOOGL,94.73419948647523,95.30985177481894,89.69230111584282,89.79154968261719,47161400,-0.04274688994518705,0.957253110054813,AI_Core
2022-11-02 00:00:00-04:00,GOOGL,90.25802414226504,90.49622221132886,86.2284657912932,86.31779479980469,57038300,-0.038686879724106005,0.961313120275894,AI_Core
2022-11-03 00:00:00-04:00,GOOGL,85.67268674461754,85.87118391743043,82.71503040774212,82.80435943603516,61288000,-0.04070348845123051,0.9592965115487695,AI_Core
2022-11-04 00:00:00-04:00,GOOGL,84.75958884685714,85.99028799470479,83.08225969551783,85.93074035644531,51124900,0.0377562358033241,1.037756235803324,AI_Core
2022-11-07 00:00:00-05:00,GOOGL,86.62547560061769,88.2333297523098,86.19869991930204,87.82640075683594,34078900,0.022060328964085718,1.0220603289640857,AI_Core
2022-11-08 00:00:00-05:00,GOOGL,88.23333740234375,89.64268695690804,86.93315598764553,88.23333740234375,30429000,0.004633420497721419,1.0046334204977214,AI_Core
2022-11-09 00:00:00-05:00,GOOGL,87.78669965811274,88.769280979615,86.62547544780726,86.66517639160156,31769100,-0.017772885588486553,0.9822271144115134,AI_Core
2022-11-10 00:00:00-05:00,GOOGL,91.55821325740865,93.68216469901468,90.92301325088243,93.23554229736328,51620100,0.07581321794203877,1.0758132179420388,AI_Core
2022-11-11 00:00:00-05:00,GOOGL,93.97990902494139,96.20310883511553,93.21567912095048,95.68701171875,33090500,0.02629329289004456,1.0262932928900446,AI_Core
2022-11-14 00:00:00-05:00,GOOGL,94.37691176596793,96.06416792544084,93.80126696942858,94.98233795166016,30179500,-0.007364361729270796,0.9926356382707292,AI_Core
2022-11-15 00:00:00-05:00,GOOGL,97.52313939319663,99.38903833699794,95.98475998763868,97.70178985595703,41640800,0.02863113251308791,1.028631132513088,AI_Core
2022-11-16 00:00:00-05:00,GOOGL,97.16584598422887,98.89279554305216,96.90779361312791,98.10871887207031,29105200,0.004165010863293572,1.0041650108632936,AI_Core
2022-11-17 00:00:00-05:00,GOOGL,96.24282260056737,98.5354974736292,96.06417211875853,97.62239837646484,26052600,-0.004956954908764133,0.9950430450912359,AI_Core
2022-11-18 00:00:00-05:00,GOOGL,98.02931902405741,98.15834899839231,95.64732271616575,96.69937133789062,28342300,-0.00945507438789528,0.9905449256121047,AI_Core
2022-11-21 00:00:00-05:00,GOOGL,96.56041614884042,97.66209278418218,94.64488905580471,94.88308715820312,21647400,-0.018782792013620986,0.981217207986379,AI_Core
2022-11-22 00:00:00-05:00,GOOGL,95.23047029308894,96.49095083490623,93.34472440386492,96.32222747802734,23438500,0.015167511544230017,1.01516751154423,AI_Core
2022-11-23 00:00:00-05:00,GOOGL,96.36191252817821,98.01939485108537,96.36191252817821,97.72164154052734,18868100,0.014528464500255023,1.014528464500255,AI_Core
2022-11-25 00:00:00-05:00,GOOGL,97.50328307080257,97.90028493210765,96.66958597702451,96.72913360595703,9701400,-0.010156480375523524,0.9898435196244765,AI_Core
2022-11-28 00:00:00-05:00,GOOGL,96.31228565846759,96.84823703873785,94.89300910669101,95.3297119140625,26237500,-0.014467427131057753,0.9855325728689422,AI_Core
2022-11-29 00:00:00-05:00,GOOGL,95.01211718133456,95.39919193752951,93.40426295178399,94.47616577148438,20061700,-0.008953621336310946,0.991046378663689,AI_Core
2022-11-30 00:00:00-05:00,GOOGL,94.10893714279987,100.28229409060886,93.71193525947234,100.232666015625,43647500,0.06093071408152029,1.0609307140815203,AI_Core
2022-12-01 00:00:00-05:00,GOOGL,100.26243983174288,101.48321929784336,99.49821745338677,100.232666015625,28687100,0.0,1.0,AI_Core
2022-12-02 00:00:00-05:00,GOOGL,98.30721485364356,100.01431000072103,98.15833820772113,99.6867904663086,21480700,-0.005446084305802179,0.9945539156941978,AI_Core
2022-12-05 00:00:00-05:00,GOOGL,98.65458401715503,100.61973142014833,98.25758217071605,98.7339859008789,24405100,-0.009557982165668277,0.9904420178343317,AI_Core
2022-12-06 00:00:00-05:00,GOOGL,98.55534850991971,99.03174473103793,95.69694089448478,96.25274658203125,24910700,-0.025130549488183607,0.9748694505118164,AI_Core
2022-12-07 00:00:00-05:00,GOOGL,95.6870279579022,96.15349708147154,94.00969879373666,94.2280502319336,31045400,-0.021035205975884708,0.9789647940241153,AI_Core
2022-12-08 00:00:00-05:00,GOOGL,94.66473795397769,94.8632426874311,92.74921081619499,93.00726318359375,32213300,-0.01295566495682543,0.9870443350431746,AI_Core
2022-12-09 00:00:00-05:00,GOOGL,93.0668111039124,93.55314202323372,92.05446346281963,92.13386535644531,28225400,-0.00939064108815213,0.9906093589118479,AI_Core
2022-12-12 00:00:00-05:00,GOOGL,92.0147609619929,92.85838524401936,90.92301144571273,92.61026000976562,29420000,0.005170679114321786,1.0051706791143218,AI_Core
2022-12-13 00:00:00-05:00,GOOGL,97.0268965895578,98.78361996821883,94.3173656196912,94.9128646850586,40593700,0.024863386357517614,1.0248633863575176,AI_Core
2022-12-14 00:00:00-05:00,GOOGL,94.48608568861964,96.14356799976107,92.89808571200558,94.35706329345703,28733600,-0.005855912087848525,0.9941440879121515,AI_Core
2022-12-15 00:00:00-05:00,GOOGL,92.43161623135528,92.93779386609687,89.33501792983441,90.17864227294922,40107000,-0.04428307616476612,0.9557169238352339,AI_Core
2022-12-16 00:00:00-05:00,GOOGL,90.0793803135825,90.64510550177309,88.84867379330282,89.5831298828125,58011800,-0.006603696564140393,0.9933963034358596,AI_Core
2022-12-19 00:00:00-05:00,GOOGL,89.58314602418342,89.8808917929858,87.54851586254811,87.77679443359375,29493000,-0.020163790342910493,0.9798362096570895,AI_Core
2022-12-20 00:00:00-05:00,GOOGL,87.44926786505202,88.5112436825532,86.78429398082407,88.3524398803711,23453800,0.006558059570207275,1.0065580595702073,AI_Core
2022-12-21 00:00:00-05:00,GOOGL,88.41198318586204,89.54343362140024,87.6576803714429,88.90823364257812,24745600,0.00629064418548686,1.0062906441854869,AI_Core
2022-12-22 00:00:00-05:00,GOOGL,87.49887715318053,87.87602474408581,85.67267168123085,87.10187530517578,27658300,-0.020317109714091508,0.9796828902859085,AI_Core
2022-12-23 00:00:00-05:00,GOOGL,86.45676246957663,88.87846732577863,86.41706152102789,88.56086730957031,23003000,0.016750408636814207,1.0167504086368142,AI_Core
2022-12-27 00:00:00-05:00,GOOGL,88.13407950720169,88.27302902200118,86.35750205691602,86.73464965820312,20097300,-0.02062104524093611,0.9793789547590639,AI_Core
2022-12-28 00:00:00-05:00,GOOGL,86.32773122933094,87.37977975554813,85.29552938926575,85.37492370605469,19523200,-0.015676848381895092,0.9843231516181049,AI_Core
2022-12-29 00:00:00-05:00,GOOGL,85.97042658220978,88.18369924318996,85.96049945347275,87.78669738769531,23333500,0.028249204531582972,1.028249204531583,AI_Core
2022-12-30 00:00:00-05:00,GOOGL,86.32772570551357,87.6378265009634,85.92079672971684,87.56835174560547,23986300,-0.002487229256678325,0.9975127707433217,AI_Core
2023-01-03 00:00:00-05:00,GOOGL,88.91815977701387,90.36721788133093,87.8561840239744,88.45169067382812,28131200,0.010087422117854183,1.0100874221178542,AI_Core
2023-01-04 00:00:00-05:00,GOOGL,89.67246868908859,89.97022203407718,86.6155636263099,87.41949462890625,34854800,-0.011669602209506302,0.9883303977904937,AI_Core
2023-01-05 00:00:00-05:00,GOOGL,86.81406946153061,86.91331805370213,85.25584309067294,85.5535888671875,27194400,-0.02134427532027583,0.9786557246797242,AI_Core
2023-01-06 00:00:00-05:00,GOOGL,86.13914952357796,87.03240180139032,84.22362258367278,86.68502044677734,41381500,0.013224828958914525,1.0132248289589145,AI_Core
2023-01-09 00:00:00-05:00,GOOGL,87.69738621274176,89.37471527318449,87.20113572832027,87.35993194580078,29003900,0.007785791542124887,1.0077857915421249,AI_Core
2023-01-10 00:00:00-05:00,GOOGL,85.33523786963791,88.00506036543571,85.18636120771751,87.7569351196289,30467800,0.004544453790032987,1.004544453790033,AI_Core
2023-01-11 00:00:00-05:00,GOOGL,88.51123072369855,90.91308108868463,88.34250738771924,90.83367919921875,26862000,0.03505983971974036,1.0350598397197404,AI_Core
2023-01-12 00:00:00-05:00,GOOGL,90.79399088981015,91.18106565731547,89.07696090221926,90.44660949707031,30258100,-0.004261301596068856,0.9957386984039311,AI_Core
2023-01-13 00:00:00-05:00,GOOGL,90.1687035996184,91.49865871880165,89.45410175315347,91.42918395996094,26329200,0.010863585361068129,1.0108635853610681,AI_Core
2023-01-17 00:00:00-05:00,GOOGL,91.36963007309137,91.5582076664508,89.37470872387392,90.60540771484375,32602400,-0.009009992317966398,0.9909900076820336,AI_Core
2023-01-18 00:00:00-05:00,GOOGL,91.44904665854082,92.10410098989378,89.96029507511915,90.43669891357422,29116700,-0.001862016909636277,0.9981379830903637,AI_Core
2023-01-19 00:00:00-05:00,GOOGL,90.03968954197848,92.90801675008117,89.95036051681471,92.35221862792969,37000400,0.02118077879187119,1.0211807787918712,AI_Core
2023-01-20 00:00:00-05:00,GOOGL,94.38683418356587,97.56284161050858,94.3074322941516,97.2849349975586,63191100,0.05341199640803351,1.0534119964080335,AI_Core
2023-01-23 00:00:00-05:00,GOOGL,97.21546604814961,99.28979699304459,96.76884364481533,99.04167175292969,40005100,0.01805764433532464,1.0180576443353246,AI_Core
2023-01-24 00:00:00-05:00,GOOGL,97.36434811206689,98.86302676577444,96.47109568362592,96.96734619140625,33078500,-0.020943967572539246,0.9790560324274608,AI_Core
2023-01-25 00:00:00-05:00,GOOGL,94.85330946494906,95.4388889257961,93.05688528262908,94.50593566894531,42330000,-0.025383911379840196,0.9746160886201598,AI_Core
2023-01-26 00:00:00-05:00,GOOGL,95.77633347965728,96.8383091023994,94.66472978478917,96.78868103027344,30114000,0.02415451839262861,1.0241545183926286,AI_Core
2023-01-27 00:00:00-05:00,GOOGL,96.58027483939489,99.56770512279675,96.58027483939489,98.62483215332031,33879800,0.018970721612298513,1.0189707216122985,AI_Core
2023-01-30 00:00:00-05:00,GOOGL,96.74899462729292,97.55291796280574,95.67709179848833,96.21304321289062,27226200,-0.02445417536103245,0.9755458246389676,AI_Core
2023-01-31 00:00:00-05:00,GOOGL,96.14357246377932,98.1384939775665,96.09394438600727,98.09879302978516,29870700,0.01959973153246941,1.0195997315324694,AI_Core
2023-02-01 00:00:00-05:00,GOOGL,97.96976188272887,100.4311674201682,96.84823860370668,99.67686462402344,35531100,0.016086554640474926,1.016086554640475,AI_Core
2023-02-02 00:00:00-05:00,GOOGL,105.00659838352416,107.04122068782463,104.81802078918444,106.93204498291016,69883800,0.07278700414838424,1.0727870041483842,AI_Core
2023-02-03 00:00:00-05:00,GOOGL,102.158129703915,107.00153192767223,101.81075586334931,103.99425506591797,65309300,-0.02747342873188019,0.9725265712681198,AI_Core
2023-02-06 00:00:00-05:00,GOOGL,101.6320988290303,103.57739978303069,101.11599409443309,102.12834930419922,31999600,-0.017942392688288678,0.9820576073117113,AI_Core
2023-02-07 00:00:00-05:00,GOOGL,102.44594943032921,107.36875324134532,102.34670084961068,106.83280181884766,49010200,0.04606411977379343,1.0460641197737934,AI_Core
2023-02-08 00:00:00-05:00,GOOGL,101.28473527260346,102.3665577834305,97.30480393830761,98.62483215332031,94743500,-0.07683005149902633,0.9231699485009737,AI_Core
2023-02-09 00:00:00-05:00,GOOGL,99.25009341009356,99.27986722656759,92.92785973388537,94.29751586914062,119455000,-0.04387653889694354,0.9561234611030565,AI_Core
2023-02-10 00:00:00-05:00,GOOGL,94.7342150880715,96.02446938516859,93.54321694627534,93.8608169555664,54980700,-0.004631075480082014,0.995368924519918,AI_Core
2023-02-13 00:00:00-05:00,GOOGL,94.02952744911616,94.48607692679491,93.13627517879665,93.90050506591797,50076100,0.0004228400267425325,1.0004228400267425,AI_Core
2023-02-14 00:00:00-05:00,GOOGL,93.72186834498302,94.13871694148641,91.56814302420062,93.9699935913086,54726100,0.0007400229140603898,1.0007400229140604,AI_Core
2023-02-15 00:00:00-05:00,GOOGL,93.78141137501834,96.39169368435806,93.44396469123609,96.21304321289062,50169000,0.023869849681350752,1.0238698496813508,AI_Core
2023-02-16 00:00:00-05:00,GOOGL,94.65481268808418,96.94748732289182,94.02953228064146,94.79376220703125,42462600,-0.014751440745086164,0.9852485592549138,AI_Core
2023-02-17 00:00:00-05:00,GOOGL,94.13869882242984,94.8433734777026,92.5109981255953,93.64244842529297,34284100,-0.01214545931011568,0.9878545406898843,AI_Core
2023-02-21 00:00:00-05:00,GOOGL,92.3025791741885,92.40182774488592,91.03217929602812,91.10165405273438,33629300,-0.027132933998256337,0.9728670660017437,AI_Core
2023-02-22 00:00:00-05:00,GOOGL,91.0123280204154,91.41925701744177,89.9305056916628,90.96270751953125,30884000,-0.0015251812346095406,0.9984748187653905,AI_Core
2023-02-23 00:00:00-05:00,GOOGL,91.23067152186694,91.250525778245,89.0868737360254,90.2083969116211,41206400,-0.008292525898574321,0.9917074741014257,AI_Core
2023-02-24 00:00:00-05:00,GOOGL,88.76928168111633,89.21590405101533,87.91573031324553,88.46160125732422,36585100,-0.01936400284341877,0.9806359971565812,AI_Core
2023-02-27 00:00:00-05:00,GOOGL,89.1960678100586,89.48389400941119,88.67003591816348,89.1960678100586,27502300,0.00830265948496578,1.0083026594849658,AI_Core
2023-02-28 00:00:00-05:00,GOOGL,88.66012201714169,90.54587555642594,88.65019488627358,89.3846435546875,30142000,0.0021141710532630587,1.002114171053263,AI_Core
2023-03-01 00:00:00-05:00,GOOGL,89.30524826014633,90.34736982458105,88.99756778401425,89.6823959350586,31111200,0.0033311357357366234,1.0033311357357366,AI_Core
2023-03-02 00:00:00-05:00,GOOGL,88.98763304410512,91.58798051837316,88.91815071281441,91.3100814819336,32204400,0.018149443153298916,1.018149443153299,AI_Core
2023-03-03 00:00:00-05:00,GOOGL,91.78648392755778,93.02711001692573,91.75670254078115,92.94770812988281,35160100,0.017934784652155145,1.0179347846521551,AI_Core
2023-03-06 00:00:00-05:00,GOOGL,93.31493408001563,95.25031543626798,93.29508739318105,94.41661071777344,32639300,0.015803537466873463,1.0158035374668735,AI_Core
2023-03-07 00:00:00-05:00,GOOGL,94.26774701922037,94.95256755074698,92.8286160456438,93.15614318847656,27835500,-0.013350061177949013,0.986649938822051,AI_Core
2023-03-08 00:00:00-05:00,GOOGL,93.41418287651032,95.24038080876726,93.29508004833596,93.54320526123047,34103300,0.004154981727515272,1.0041549817275153,AI_Core
2023-03-09 00:00:00-05:00,GOOGL,93.34472325975115,94.81362051791201,91.2108445683197,91.62769317626953,28813500,-0.020477297946030815,0.9795227020539692,AI_Core
2023-03-10 00:00:00-05:00,GOOGL,91.4788000941082,92.09415333745333,89.72207694888773,89.95034790039062,35941000,-0.01830609521787374,0.9816939047821263,AI_Core
2023-03-13 00:00:00-04:00,GOOGL,89.41440265175312,91.87580822116699,88.74942886454899,90.4267578125,37335600,0.0052963654196973575,1.0052963654196974,AI_Core
2023-03-14 00:00:00-04:00,GOOGL,91.86588978493322,93.65239460696121,91.7467945115858,93.26531982421875,36050200,0.031390730801213795,1.0313907308012138,AI_Core
2023-03-15 00:00:00-04:00,GOOGL,92.52093242633808,96.2031097498891,91.94528010370921,95.3892593383789,50622100,0.02277308991341309,1.022773089913413,AI_Core
2023-03-16 00:00:00-04:00,GOOGL,95.4785816363032,100.43116647994931,94.78383404910875,99.56768798828125,65492000,0.04380397414639736,1.0438039741463974,AI_Core
2023-03-17 00:00:00-04:00,GOOGL,99.50814641831961,102.06879309004395,99.34934263318691,100.85794830322266,61028500,0.012958624841155952,1.012958624841156,AI_Core
2023-03-20 00:00:00-04:00,GOOGL,99.36918053022066,100.98695407092487,99.1210553359432,100.46092987060547,32960400,-0.003936411946667606,0.9960635880533324,AI_Core
2023-03-21 00:00:00-04:00,GOOGL,100.4907247990376,104.31185207942887,100.46095098101657,104.1332015991211,42110300,0.036554227929659344,1.0365542279296593,AI_Core
2023-03-22 00:00:00-04:00,GOOGL,103.4880705402918,105.79067243730059,102.55512479803791,102.5948257446289,43427400,-0.01477315429534598,0.985226845704654,AI_Core
2023-03-23 00:00:00-04:00,GOOGL,104.27214642263456,105.50285304125943,103.67664737256062,104.80809783935547,40797800,0.021572940727397683,1.0215729407273977,AI_Core
2023-03-24 00:00:00-04:00,GOOGL,104.20267726028,104.69892775737729,103.06129960251988,104.64930725097656,30393300,-0.0015150603021371056,0.9984849396978629,AI_Core
2023-03-27 00:00:00-04:00,GOOGL,103.83545616080272,103.97440569344221,101.16562607817814,101.691650390625,31120900,-0.028262555558617564,0.9717374444413824,AI_Core
2023-03-28 00:00:00-04:00,GOOGL,101.67179935357876,101.6817189110704,98.9920422554838,100.27236938476562,32057900,-0.013956711297412716,0.9860432887025873,AI_Core
2023-03-29 00:00:00-04:00,GOOGL,101.5129944157898,101.7214187034689,99.89522061779614,100.62966918945312,28779600,0.003563292728393286,1.0035632927283933,AI_Core
2023-03-30 00:00:00-04:00,GOOGL,100.15328474240918,100.40141000528641,99.0317537080076,100.13343048095703,33086200,-0.004931335981656071,0.9950686640183439,AI_Core
2023-03-31 00:00:00-04:00,GOOGL,100.54035541965774,103.11092940289926,100.28230303664719,102.95213317871094,36863400,0.028149467008323104,1.028149467008323,AI_Core
2023-04-03 00:00:00-04:00,GOOGL,101.62217960116656,103.74613119426743,101.16563003717293,103.57740783691406,25035400,0.006073450242334744,1.0060734502423347,AI_Core
2023-04-04 00:00:00-04:00,GOOGL,103.54762525002644,104.78825142936967,103.25979906775706,103.93470001220703,24420100,0.003449518410960195,1.0034495184109602,AI_Core
2023-04-05 00:00:00-04:00,GOOGL,104.98675068203352,105.30435068738927,102.88265348611964,103.68657684326172,28290500,-0.002387298649211167,0.9976127013507888,AI_Core
2023-04-06 00:00:00-04:00,GOOGL,104.47064244892897,108.35131686675595,103.54761634796358,107.60694122314453,48711500,0.037809758015341366,1.0378097580153414,AI_Core
2023-04-10 00:00:00-04:00,GOOGL,106.17775133008297,106.78316992246287,104.33169902046775,105.64179992675781,27067400,-0.018262216861193004,0.981737783138807,AI_Core
2023-04-11 00:00:00-04:00,GOOGL,105.75098808257366,105.9296385713799,103.89500842509663,104.55998229980469,26311800,-0.01024043160664767,0.9897595683933523,AI_Core
2023-04-12 00:00:00-04:00,GOOGL,105.78075520837217,105.94947855596209,103.55754758342394,103.85530090332031,24370300,-0.006739494221257969,0.993260505778742,AI_Core
2023-04-13 00:00:00-04:00,GOOGL,105.04629398559699,106.68392202189075,105.04629398559699,106.62437438964844,24843600,0.026662803556901427,1.0266628035569014,AI_Core
2023-04-14 00:00:00-04:00,GOOGL,106.08842602348172,108.12305600146057,106.03879794707,108.05358123779297,26578000,0.013404128805685867,1.0134041288056859,AI_Core
2023-04-17 00:00:00-04:00,GOOGL,103.8751497069163,105.36390108383588,103.73619261199721,105.17532348632812,37571200,-0.026637319360389156,0.9733626806396108,AI_Core
2023-04-18 00:00:00-04:00,GOOGL,105.69142923743296,105.74105731624348,103.28957863776436,103.71635437011719,26596400,-0.01387178159143565,0.9861282184085643,AI_Core
2023-04-19 00:00:00-04:00,GOOGL,102.8032512436726,104.19275410196762,102.29707363391327,103.39875030517578,20905700,-0.0030622370683028866,0.9969377629316971,AI_Core
2023-04-20 00:00:00-04:00,GOOGL,103.13077864388401,105.45322726139375,103.09107769672384,104.50042724609375,27820800,0.010654644641897804,1.0106546446418978,AI_Core
2023-04-21 00:00:00-04:00,GOOGL,104.67908499230083,105.20510932738867,103.99425685754319,104.61953735351562,25800100,0.0011398049803315047,1.0011398049803315,AI_Core
2023-04-24 00:00:00-04:00,GOOGL,104.69891971395418,105.83037015463859,103.9148430801148,105.17532348632812,23542800,0.00531245068437336,1.0053124506843734,AI_Core
2023-04-25 00:00:00-04:00,GOOGL,105.03637557743666,105.88992698575956,103.06129326840653,103.07122039794922,46664100,-0.020005672610576064,0.9799943273894239,AI_Core
2023-04-26 00:00:00-04:00,GOOGL,104.13319912015552,105.55247579876328,101.86037100841686,102.9322738647461,53347600,-0.0013480633358823324,0.9986519366641177,AI_Core
2023-04-27 00:00:00-04:00,GOOGL,103.66671285172822,107.5573220173271,102.7635409974829,106.78316497802734,50089200,0.03741189200134998,1.03741189200135,AI_Core
2023-04-28 00:00:00-04:00,GOOGL,106.23729608563893,106.54496893818438,104.30191480844489,106.53504180908203,36139800,-0.0023236169202923707,0.9976763830797076,AI_Core
2023-05-01 00:00:00-04:00,GOOGL,106.03879433997653,107.18017190898796,106.01894765339576,106.3960952758789,26681700,-0.0013042331503668736,0.9986957668496331,AI_Core
2023-05-02 00:00:00-04:00,GOOGL,106.3365485246071,106.39609615702363,102.93227004814128,104.53019714355469,30997200,-0.017537280174484304,0.9824627198255157,AI_Core
2023-05-03 00:00:00-04:00,GOOGL,104.73863263108603,106.68393374394951,104.17290734608075,104.61953735351562,21795400,0.0008546832628493206,1.0008546832628493,AI_Core
2023-05-04 00:00:00-04:00,GOOGL,104.69892635616654,104.80810206984134,103.1903281969406,103.9049301147461,23419500,-0.006830533348229473,0.9931694666517705,AI_Core
2023-05-05 00:00:00-04:00,GOOGL,104.03395220841355,105.08600082196858,103.32927742271336,104.77832794189453,26639300,0.008405739998900152,1.0084057399989002,AI_Core
2023-05-08 00:00:00-04:00,GOOGL,104.3912487209223,107.15040011064862,104.37140203396783,106.96182250976562,26511400,0.020839181257807038,1.020839181257807,AI_Core
2023-05-09 00:00:00-04:00,GOOGL,107.57717717560891,109.32398096474886,106.38617906657517,106.54497528076172,36360100,-0.0038971589976960486,0.996102841002304,AI_Core
2023-05-10 00:00:00-04:00,GOOGL,107.16031997482098,112.09305050241566,107.1206190314225,110.91197204589844,63153400,0.040987355373907075,1.040987355373907,AI_Core
2023-05-11 00:00:00-04:00,GOOGL,114.53461459902141,117.0357137366996,113.55204074909585,115.69583892822266,78900000,0.04313210552549296,1.043132105525493,AI_Core
2023-05-12 00:00:00-04:00,GOOGL,115.8050066061785,117.14488132168266,115.23928138975758,116.6287841796875,41102300,0.008063775327681766,1.0080637753276818,AI_Core
2023-05-15 00:00:00-04:00,GOOGL,115.2392819935686,117.59151189110723,115.14003341637807,115.63628387451172,36266800,-0.008509908700125468,0.9914900912998745,AI_Core
2023-05-16 00:00:00-04:00,GOOGL,115.6164352654177,119.84449149553303,115.55688763062979,118.6137924194336,45035600,0.025748912410165747,1.0257489124101657,AI_Core
2023-05-17 00:00:00-04:00,GOOGL,118.71302038007464,120.75756958924067,117.99841859802589,119.93379211425781,33323600,0.011128551477019855,1.0111285514770199,AI_Core
2023-05-18 00:00:00-04:00,GOOGL,120.04299070810453,122.38529363069811,119.92389543649637,121.90889739990234,35234200,0.016468296806315452,1.0164682968063155,AI_Core
2023-05-19 00:00:00-04:00,GOOGL,122.6234854701716,125.0253357573237,121.23398273827031,121.83940887451172,41353400,-0.0005700037230480515,0.999429996276952,AI_Core
2023-05-22 00:00:00-04:00,GOOGL,122.01806609562544,125.48189220233128,121.81956136739319,124.11224365234375,35253000,0.018654348365830797,1.0186543483658308,AI_Core
2023-05-23 00:00:00-04:00,GOOGL,123.22890704860153,123.6953760794371,121.29352588112114,121.64089965820312,34046300,-0.019912169189876372,0.9800878308101236,AI_Core
2023-05-24 00:00:00-04:00,GOOGL,120.21171384013235,120.99579047353133,118.96116056401159,119.99336242675781,34182600,-0.013544270357048527,0.9864557296429515,AI_Core
2023-05-25 00:00:00-04:00,GOOGL,123.58621039965489,124.38021415921419,121.04541048455478,122.55401611328125,42317000,0.02133996110065195,1.021339961100652,AI_Core
2023-05-26 00:00:00-04:00,GOOGL,122.24634848019274,124.32067954382788,121.53174653620708,123.67555236816406,35635900,0.00915136272520134,1.0091513627252013,AI_Core
2023-05-30 00:00:00-04:00,GOOGL,124.69781220896813,124.71766646734785,121.08510954631166,122.74258422851562,35076700,-0.007543674734284855,0.9924563252657151,AI_Core
2023-05-31 00:00:00-04:00,GOOGL,121.82949792288854,123.12967181163546,121.58137267253642,121.94860076904297,37325800,-0.006468687819008778,0.9935313121809912,AI_Core
2023-06-01 00:00:00-04:00,GOOGL,121.89896868299529,123.4869687186112,121.70047151811134,122.79222106933594,30772700,0.006917835013873441,1.0069178350138734,AI_Core
2023-06-02 00:00:00-04:00,GOOGL,123.060191211232,125.20399690730267,122.8319202321501,123.73509216308594,26980100,0.0076785897798656855,1.0076785897798657,AI_Core
2023-06-05 00:00:00-04:00,GOOGL,123.08004629574243,126.4743977650919,122.91131537751194,125.06504821777344,32305500,0.010748414467050216,1.0107484144670502,AI_Core
2023-06-06 00:00:00-04:00,GOOGL,125.06504658476162,127.32793996259925,124.41991945408888,126.35529327392578,26638300,0.010316591841916356,1.0103165918419164,AI_Core
2023-06-07 00:00:00-04:00,GOOGL,126.01784008371891,128.072309065116,121.20421224846599,121.58135986328125,52539000,-0.037781823673149306,0.9622181763268507,AI_Core
2023-06-08 00:00:00-04:00,GOOGL,121.31338907767194,122.3058899837172,120.33080772871682,121.22406005859375,29389200,-0.0029387712482348283,0.9970612287517652,AI_Core
2023-06-09 00:00:00-04:00,GOOGL,121.33323932610408,122.83191785844093,120.99579264278889,121.31339263916016,23778300,0.0007369212062624531,1.0007369212062625,AI_Core
2023-06-12 00:00:00-04:00,GOOGL,121.86919005532346,123.11974334684123,120.74766673085075,122.71281433105469,28306400,0.011535591095511055,1.011535591095511,AI_Core
2023-06-13 00:00:00-04:00,GOOGL,124.04276764194177,124.22141810946202,122.25626296673931,122.9013900756836,22278300,0.0015367241445556346,1.0015367241445556,AI_Core
2023-06-14 00:00:00-04:00,GOOGL,122.17685901958812,123.11973941592123,120.53923102358297,122.74258422851562,30592300,-0.0012921403661112496,0.9987078596338888,AI_Core
2023-06-15 00:00:00-04:00,GOOGL,122.21656558106999,124.51916746718288,121.48211700306517,124.15193939208984,35246300,0.01148220214225204,1.011482202142252,AI_Core
2023-06-16 00:00:00-04:00,GOOGL,124.98564142278578,125.1642918916508,122.35551246478781,122.6036376953125,45535600,-0.0124710230412719,0.9875289769587281,AI_Core
2023-06-20 00:00:00-04:00,GOOGL,122.00813366210225,123.63583450194002,121.22405705707857,122.1768569946289,26097500,-0.003480979102302051,0.996519020897698,AI_Core
2023-06-21 00:00:00-04:00,GOOGL,121.48212139117618,121.74017376602716,119.19936610971777,119.64599609375,30306300,-0.02071473242260735,0.9792852675773926,AI_Core
2023-06-22 00:00:00-04:00,GOOGL,119.10012175435556,122.31582292151224,117.93889738457422,122.22650146484375,26952200,0.02156783724774014,1.0215678372477401,AI_Core
2023-06-23 00:00:00-04:00,GOOGL,120.46976164956806,121.86919161284854,120.15216165092147,121.42256164550781,34913600,-0.0065774591410290295,0.993422540858971,AI_Core
2023-06-26 00:00:00-04:00,GOOGL,119.85441072671466,121.08510972170825,117.38307803534231,117.45255279541016,33969900,-0.03269580872200728,0.9673041912779927,AI_Core
2023-06-27 00:00:00-04:00,GOOGL,116.20201599292278,118.18701794330883,115.22936170547375,117.44264221191406,39535900,-8.437946438977217e-05,0.9999156205356102,AI_Core
2023-06-28 00:00:00-04:00,GOOGL,116.21193098693968,119.48718710532653,115.97373288245846,119.27876281738281,27091400,0.015634190196058828,1.0156341901960588,AI_Core
2023-06-29 00:00:00-04:00,GOOGL,118.34580529426692,119.15965573005691,117.41285959657364,118.20685577392578,24090900,-0.008986570770340152,0.9910134292296598,AI_Core
2023-06-30 00:00:00-04:00,GOOGL,119.26883719212228,120.17201669011786,118.79244097715116,118.80236053466797,29532200,0.005037819142073463,1.0050378191420735,AI_Core
2023-07-03 00:00:00-04:00,GOOGL,118.34580787808842,119.28868829776731,117.928959307964,119.00086212158203,14467900,0.0016708555791375979,1.0016708555791376,AI_Core
2023-07-05 00:00:00-04:00,GOOGL,118.3458033859375,121.69053409377197,118.33588382905948,120.83698272705078,27584800,0.015429473137705596,1.0154294731377056,AI_Core
2023-07-06 00:00:00-04:00,GOOGL,118.90161667979092,119.39786715412697,117.5121138372137,119.20928955078125,24745200,-0.013470157393338789,0.9865298426066612,AI_Core
2023-07-07 00:00:00-04:00,GOOGL,119.19936829427263,120.1422487852775,118.50462062484308,118.58402252197266,21709500,-0.005245119999999992,0.99475488,AI_Core
2023-07-10 00:00:00-04:00,GOOGL,117.41286932662906,117.42278888448908,115.2690635685402,115.57673645019531,35315200,-0.025359960033571327,0.9746400399664287,AI_Core
2023-07-11 00:00:00-04:00,GOOGL,115.41794182924588,116.8272914274114,114.48498846913382,116.26156616210938,23078800,0.005925324878931493,1.0059253248789315,AI_Core
2023-07-12 00:00:00-04:00,GOOGL,117.90911694459177,119.42764220013913,117.52204217640053,118.03813934326172,30404400,0.01528082959655963,1.0152808295965596,AI_Core
2023-07-13 00:00:00-04:00,GOOGL,120.02313496341503,123.89389001441005,119.54673119638662,123.60606384277344,44297900,0.04717055462319575,1.0471705546231957,AI_Core
2023-07-14 00:00:00-04:00,GOOGL,123.86411595510596,125.82926350630274,122.56393462065938,124.47946166992188,33283100,0.0070659788039153515,1.0070659788039154,AI_Core
2023-07-17 00:00:00-04:00,GOOGL,124.99557527494002,126.14687246896142,123.26861812563564,123.71524810791016,25716200,-0.006139274316900201,0.9938607256830998,AI_Core
2023-07-18 00:00:00-04:00,GOOGL,123.6656062716888,123.74500815821673,122.03790545876947,122.8319091796875,26193600,-0.007140097455506589,0.9928599025444934,AI_Core
2023-07-19 00:00:00-04:00,GOOGL,123.6656104289081,124.24126276731612,120.88661245663589,121.11488342285156,37224000,-0.013978662126989727,0.9860213378730103,AI_Core
2023-07-20 00:00:00-04:00,GOOGL,120.50946759155578,123.15944340000809,117.3334674734311,118.30611419677734,37906800,-0.023190950168096913,0.9768090498319031,AI_Core
2023-07-21 00:00:00-04:00,GOOGL,119.71546357937767,120.08268407322286,117.83963744818556,119.11995697021484,72937900,0.006879126907032518,1.0068791269070325,AI_Core
2023-07-24 00:00:00-04:00,GOOGL,120.74766705234958,122.07761466691946,120.0727661155314,120.61863708496094,29686100,0.012581268100364085,1.012581268100364,AI_Core
2023-07-25 00:00:00-04:00,GOOGL,120.44991665621404,122.22649427656242,120.11246239355489,121.29354095458984,52509600,0.005595353138947434,1.0055953531389474,AI_Core
2023-07-26 00:00:00-04:00,GOOGL,129.09460190925336,129.99776623656712,127.35772529958219,128.30059814453125,61682100,0.0577694173555765,1.0577694173555765,AI_Core
2023-07-27 00:00:00-04:00,GOOGL,130.6825925035767,132.24082619562287,127.82418504749104,128.4296112060547,44952100,0.0010055530791688305,1.0010055530791688,AI_Core
2023-07-28 00:00:00-04:00,GOOGL,129.79928007624758,132.7370897112607,129.59086334627574,131.58578491210938,36591200,0.024575124664909742,1.0245751246649097,AI_Core
2023-07-31 00:00:00-04:00,GOOGL,131.73465100315445,132.52865481704072,130.79177809982338,131.7247314453125,28055500,0.0010559387801345466,1.0010559387801345,AI_Core
2023-08-01 00:00:00-04:00,GOOGL,129.79927708428264,131.6354099568871,129.70002092843689,130.56350708007812,23166800,-0.008815537921339156,0.9911844620786608,AI_Core
2023-08-02 00:00:00-04:00,GOOGL,128.4792502900743,129.11445031870784,126.60342402236246,127.41728210449219,26273300,-0.024097276842113824,0.9759027231578862,AI_Core
2023-08-03 00:00:00-04:00,GOOGL,127.01034391124875,128.41969339996243,126.46446537651686,127.48674011230469,20089500,0.000545122346555349,1.0005451223465553,AI_Core
2023-08-04 00:00:00-04:00,GOOGL,128.31050853872318,130.52378119142634,126.95078722187826,127.14928436279297,26147200,-0.002646987045197391,0.9973530129548026,AI_Core
2023-08-07 00:00:00-04:00,GOOGL,128.19143287031562,130.6230572928783,128.05248333600815,130.5436553955078,22746300,0.026695950745815766,1.0266959507458158,AI_Core
2023-08-08 00:00:00-04:00,GOOGL,129.64046232824563,130.52378752085772,128.56855954209357,130.41461181640625,23535200,-0.0009885090065128166,0.9990114909934872,AI_Core
2023-08-09 00:00:00-04:00,GOOGL,130.67266960839547,131.04980964495556,128.0326136306667,128.6876678466797,24912900,-0.013241951539584407,0.9867580484604156,AI_Core
2023-08-10 00:00:00-04:00,GOOGL,130.33521897689877,131.0597403574535,128.47923208801416,128.71743774414062,20857800,0.00023133450127010846,1.00023133450127,AI_Core
2023-08-11 00:00:00-04:00,GOOGL,127.6951647046181,128.95562989704715,127.20883382963942,128.58840942382812,19591100,-0.0010024152327284819,0.9989975847672715,AI_Core
2023-08-14 00:00:00-04:00,GOOGL,128.4196995095872,130.3848471837526,127.99293136308722,130.34515380859375,24695600,0.013661763082980505,1.0136617630829805,AI_Core
2023-08-15 00:00:00-04:00,GOOGL,130.1168711231594,130.43446352895285,128.31051225646652,128.8067626953125,19770700,-0.011802441965278687,0.9881975580347213,AI_Core
2023-08-16 00:00:00-04:00,GOOGL,127.73487854003906,129.30303197258323,126.91110844639537,127.73487854003906,25216100,-0.00832164501959376,0.9916783549804062,AI_Core
2023-08-17 00:00:00-04:00,GOOGL,128.8266444615361,131.00022427090204,128.3204592134365,128.94573974609375,33446300,0.009479487669259656,1.0094794876692597,AI_Core
2023-08-18 00:00:00-04:00,GOOGL,127.546294758541,128.28075093151222,125.43227040921398,126.5041732788086,30504800,-0.018934836250447895,0.9810651637495521,AI_Core
2023-08-21 00:00:00-04:00,GOOGL,126.22626247354604,127.76463429731196,125.6109092007312,127.40733337402344,25248700,0.007139369965481812,1.0071393699654818,AI_Core
2023-08-22 00:00:00-04:00,GOOGL,127.54629719383558,129.30302819235456,127.35773472637845,128.11203002929688,22054900,0.0055310525431429,1.005531052543143,AI_Core
2023-08-23 00:00:00-04:00,GOOGL,129.20375527825698,132.40954397470435,128.89608243334328,131.37733459472656,27819700,0.025487884039328446,1.0254878840393284,AI_Core
2023-08-24 00:00:00-04:00,GOOGL,132.94548953796456,133.24324283014445,128.59834599183964,128.8067626953125,28500700,-0.019566327078744394,0.9804336729212556,AI_Core
2023-08-25 00:00:00-04:00,GOOGL,128.5685593040722,129.77941160779702,126.2957389175236,128.90602111816406,26762900,0.0007705994683395723,1.0007705994683396,AI_Core
2023-08-28 00:00:00-04:00,GOOGL,130.3252954237949,131.54606733409824,129.16407114652645,130.0275421142578,20543300,0.008700299538884071,1.008700299538884,AI_Core
2023-08-29 00:00:00-04:00,GOOGL,131.24833815410415,135.54586931655962,131.24833815410415,133.5608673095703,43075600,0.02717366750044148,1.0271736675004415,AI_Core
2023-08-30 00:00:00-04:00,GOOGL,133.76926593538553,135.2580172391428,133.06459879911617,134.86102294921875,28315800,0.009734555231922126,1.0097345552319221,AI_Core
2023-08-31 00:00:00-04:00,GOOGL,134.9900609451091,136.9651434659,134.77170950484623,135.14886474609375,30053800,0.0021343586944568838,1.0021343586944569,AI_Core
2023-09-01 00:00:00-04:00,GOOGL,136.4291897075704,136.4291897075704,133.83876157564302,134.64268493652344,21543700,-0.0037453500665454165,0.9962546499334546,AI_Core
2023-09-05 00:00:00-04:00,GOOGL,134.42431921159766,135.39696581622027,133.57076786425418,134.75184631347656,19403100,0.0008107486641741879,1.0008107486641742,AI_Core
2023-09-06 00:00:00-04:00,GOOGL,134.9999589338713,135.50612887444444,132.66757606735212,133.45166015625,18684500,-0.00964874465765686,0.9903512553423431,AI_Core
2023-09-07 00:00:00-04:00,GOOGL,132.58819181549026,134.56327406172488,131.9529918442149,134.24566650390625,18844300,0.005949767479300094,1.0059497674793,AI_Core
2023-09-08 00:00:00-04:00,GOOGL,133.8983069363544,135.6351836006342,133.8387593023914,135.35728454589844,23558300,0.008280476166877548,1.0082804761668775,AI_Core
2023-09-11 00:00:00-04:00,GOOGL,135.51606381265162,136.44901706515918,134.77168815088856,135.89321899414062,20763400,0.0039594060270946585,1.0039594060270947,AI_Core
2023-09-12 00:00:00-04:00,GOOGL,135.23817228733398,135.84359846496358,134.17620415931236,134.3250732421875,18405500,-0.01153954379446065,0.9884604562055394,AI_Core
2023-09-13 00:00:00-04:00,GOOGL,134.07695258141447,135.87337691641153,133.1439992452725,135.684814453125,20749500,0.010122765453370652,1.0101227654533707,AI_Core
2023-09-14 00:00:00-04:00,GOOGL,136.56814159733074,137.65988359424148,135.21833965192076,137.06439208984375,24751000,0.010167516846149027,1.010167516846149,AI_Core
2023-09-15 00:00:00-04:00,GOOGL,136.94529661649105,137.48125568773057,135.4565449765043,136.36964416503906,38919600,-0.005068770336421835,0.9949312296635782,AI_Core
2023-09-18 00:00:00-04:00,GOOGL,135.58556108112978,138.11644163882283,135.58556108112978,137.17356872558594,21861300,0.005895187051848216,1.0058951870518482,AI_Core
2023-09-19 00:00:00-04:00,GOOGL,136.38949123690924,137.3720727194704,135.59548737523636,137.0048370361328,20353700,-0.0012300597777015199,0.9987699402222985,AI_Core
2023-09-20 00:00:00-04:00,GOOGL,137.0445103226659,137.0445103226659,132.61795015441228,132.737060546875,29927500,-0.031150553378872736,0.9688494466211273,AI_Core
2023-09-21 00:00:00-04:00,GOOGL,130.45433880616167,131.23840796235106,129.09461723083658,129.4618377685547,31503900,-0.024674516407297564,0.9753254835927024,AI_Core
2023-09-22 00:00:00-04:00,GOOGL,129.7794091306759,131.03988948397537,128.62811962390344,129.2732391357422,26397300,-0.0014567893988162162,0.9985432106011838,AI_Core
2023-09-25 00:00:00-04:00,GOOGL,128.8564156388002,130.18636343695547,127.99294455474431,130.12681579589844,20094600,0.006602887541635516,1.0066028875416355,AI_Core
2023-09-26 00:00:00-04:00,GOOGL,128.79683289053142,129.38240472713073,126.26595282491911,127.6058349609375,25718700,-0.01937326153369534,0.9806267384663047,AI_Core
2023-09-27 00:00:00-04:00,GOOGL,127.60583773191125,129.9183513161121,127.60583773191125,129.56105041503906,22746500,0.015322304459667535,1.0153223044596675,AI_Core
2023-09-28 00:00:00-04:00,GOOGL,128.86631630656447,132.30037616629912,128.81668823150392,131.3177947998047,22513100,0.013559201466320614,1.0135592014663206,AI_Core
2023-09-29 00:00:00-04:00,GOOGL,132.28051235409288,133.04474225061801,129.38241168333343,129.878662109375,30859800,-0.010959159743914815,0.9890408402560852,AI_Core
2023-10-02 00:00:00-04:00,GOOGL,130.2260545847838,133.41197411116025,130.1863460664677,133.16384887695312,22288000,0.0252942763208599,1.02529427632086,AI_Core
2023-10-03 00:00:00-04:00,GOOGL,132.93559116374053,133.25318362014062,130.8513329307273,131.43690490722656,22989400,-0.012968564548793582,0.9870314354512064,AI_Core
2023-10-04 00:00:00-04:00,GOOGL,131.7942056872754,134.5533724955719,131.53616087031648,134.22584533691406,26752300,0.02121885349975372,1.0212188534997537,AI_Core
2023-10-05 00:00:00-04:00,GOOGL,134.05711364746094,134.47396223865763,132.44925177357314,134.05711364746094,19832600,-0.0012570730251658668,0.9987429269748341,AI_Core
2023-10-06 00:00:00-04:00,GOOGL,133.00504324406194,137.123931161278,133.00504324406194,136.54827880859375,27597600,0.018582864372897134,1.0185828643728971,AI_Core
2023-10-09 00:00:00-04:00,GOOGL,135.91306107397241,137.89806266081155,134.59303320140117,137.3819580078125,19278100,0.006105380503458102,1.006105380503458,AI_Core
2023-10-10 00:00:00-04:00,GOOGL,137.46136097879065,138.67221316791438,136.30013685860354,137.024658203125,27786600,-0.0026007767676974325,0.9973992232323026,AI_Core
2023-10-11 00:00:00-04:00,GOOGL,137.54078929024345,140.05181558848287,137.54078929024345,139.4960174560547,25884300,0.01803587241404503,1.018035872414045,AI_Core
2023-10-12 00:00:00-04:00,GOOGL,139.99224472470698,140.1609680480309,137.22315893559568,137.92784118652344,24765500,-0.011241727886785569,0.9887582721132144,AI_Core
2023-10-13 00:00:00-04:00,GOOGL,138.33479709793974,138.95014288451765,135.59548458868076,136.32994079589844,23420500,-0.011585046042039582,0.9884149539579604,AI_Core
2023-10-16 00:00:00-04:00,GOOGL,137.13385103003665,138.58290904447986,136.9552081327783,138.056884765625,28501900,0.012667385899565398,1.0126673858995654,AI_Core
2023-10-17 00:00:00-04:00,GOOGL,137.5904036136543,138.85086884355698,136.1512652036196,138.67222595214844,23515800,0.004457156827550435,1.0044571568275504,AI_Core
2023-10-18 00:00:00-04:00,GOOGL,138.40427778791232,139.66475844739028,136.3498083500332,136.9254608154297,23375000,-0.012596358966080912,0.9874036410339191,AI_Core
2023-10-19 00:00:00-04:00,GOOGL,137.4613862357858,138.61269101146914,136.3497899802919,136.71701049804688,26066000,-0.0015223634533814145,0.9984776365466186,AI_Core
2023-10-20 00:00:00-04:00,GOOGL,136.30015222216522,136.83609605175457,134.06702516754572,134.5831298828125,26335700,-0.015608011084069617,0.9843919889159304,AI_Core
2023-10-23 00:00:00-04:00,GOOGL,134.0273213470116,136.6276841287948,132.94549894839827,135.47637939453125,26317900,0.006637158108126595,1.0066371581081266,AI_Core
2023-10-24 00:00:00-04:00,GOOGL,136.79641151026584,138.31493679389348,136.38948247495046,137.76905822753906,44814300,0.016923089052528706,1.0169230890525287,AI_Core
2023-10-25 00:00:00-04:00,GOOGL,127.19891771324542,127.3477867890197,124.13208602522081,124.66803741455078,84366200,-0.09509407251191826,0.9049059274880817,AI_Core
2023-10-26 00:00:00-04:00,GOOGL,122.34558803554405,123.39764418527096,120.36058614753718,121.3630142211914,57061100,-0.026510589738165113,0.9734894102618349,AI_Core
2023-10-27 00:00:00-04:00,GOOGL,121.95851234164765,122.3852880471967,119.30853665872229,121.25383758544922,44566500,-0.0008995873779403807,0.9991004126220596,AI_Core
2023-10-30 00:00:00-04:00,GOOGL,122.28604612521336,124.45962571740641,121.82949657826617,123.52667236328125,28940100,0.018744435830580164,1.0187444358305802,AI_Core
2023-10-31 00:00:00-04:00,GOOGL,124.12215988427495,124.42984031174664,121.76993760214455,123.1495132446289,26292300,-0.0030532605747133346,0.9969467394252867,AI_Core
2023-11-01 00:00:00-04:00,GOOGL,123.13959750160885,125.54144807960145,122.79222366961514,125.50174713134766,30082400,0.019100634868496558,1.0191006348684966,AI_Core
2023-11-02 00:00:00-04:00,GOOGL,127.45696167163366,128.01275974342613,125.97813747508253,126.533935546875,27124600,0.008224494392473192,1.0082244943924732,AI_Core
2023-11-03 00:00:00-04:00,GOOGL,127.05997884535377,128.55864986310226,126.90117505497481,128.1318817138672,26393100,0.012628597696625166,1.0126285976966252,AI_Core
2023-11-06 00:00:00-05:00,GOOGL,128.08224111307598,129.3625605799608,127.7050859338931,129.2732391357422,19052700,0.008907677048119567,1.0089076770481196,AI_Core
2023-11-07 00:00:00-05:00,GOOGL,129.72980920218515,130.9208073441977,128.90603157499936,129.98785400390625,29757300,0.005527941226982636,1.0055279412269826,AI_Core
2023-11-08 00:00:00-05:00,GOOGL,129.98784740054361,131.21855399990926,129.7992698016351,130.851318359375,26425800,0.006642654131691517,1.0066426541316915,AI_Core
2023-11-09 00:00:00-05:00,GOOGL,130.97042365935377,131.55599554780142,129.09459758945283,129.26332092285156,23747800,-0.012135891761992812,0.9878641082380072,AI_Core
2023-11-10 00:00:00-05:00,GOOGL,129.12437037075154,131.80411971424755,128.43954234138178,131.59568786621094,26913300,0.01804353258687663,1.0180435325868766,AI_Core
2023-11-13 00:00:00-05:00,GOOGL,130.7917686694096,131.59569198317294,130.26574439881477,131.0994415283203,18324800,-0.003770992392966077,0.9962290076070339,AI_Core
2023-11-14 00:00:00-05:00,GOOGL,133.18368315787652,134.68235389570876,132.32021231855677,132.61795043945312,32395200,0.011582878564778465,1.0115828785647785,AI_Core
2023-11-15 00:00:00-05:00,GOOGL,133.8585988714082,134.01740265875648,132.56835974620077,133.6104736328125,23861500,0.007484078814899986,1.0074840788149,AI_Core
2023-11-16 00:00:00-05:00,GOOGL,134.17621044610362,136.1909862320152,133.3127394362453,135.9031524658203,28013200,0.017159424487249053,1.017159424487249,AI_Core
2023-11-17 00:00:00-05:00,GOOGL,134.98013143466227,135.03967906955006,132.64774810580346,134.29530334472656,37240600,-0.011830844920967754,0.9881691550790322,AI_Core
2023-11-20 00:00:00-05:00,GOOGL,132.68744121099556,135.63516995040786,132.61795888212296,135.22824096679688,27815500,0.006946911759643015,1.006946911759643,AI_Core
2023-11-21 00:00:00-05:00,GOOGL,135.26796249939974,136.15128783503684,134.94045047737754,135.94287109375,22635300,0.005284621923970612,1.0052846219239706,AI_Core
2023-11-22 00:00:00-05:00,GOOGL,136.43910658423133,138.37448040468396,136.43910658423133,137.4514617919922,17813900,0.011097240231169092,1.011097240231169,AI_Core
2023-11-24 00:00:00-05:00,GOOGL,136.9949104607267,137.09416661748833,134.97021510431284,135.6649627685547,12514300,-0.012997308287205023,0.987002691712795,AI_Core
2023-11-27 00:00:00-05:00,GOOGL,135.0099144629775,137.38199132880567,134.9801406435023,135.38706970214844,23436500,-0.002048377567318793,0.9979516224326812,AI_Core
2023-11-28 00:00:00-05:00,GOOGL,135.05953110146496,136.22075539571145,134.40447683977845,136.17112731933594,18730000,0.005791229686205934,1.005791229686206,AI_Core
2023-11-29 00:00:00-05:00,GOOGL,136.53836114342,137.25294788509495,133.8288226820438,133.9777069091797,23967200,-0.016107822952896922,0.9838921770471031,AI_Core
2023-11-30 00:00:00-05:00,GOOGL,134.03725467489437,134.53350514378005,130.29552189907486,131.53614807128906,38988300,-0.018223620139622976,0.981776379860377,AI_Core
2023-12-01 00:00:00-05:00,GOOGL,130.87118530273438,131.1193105581131,129.6901066640334,130.87118530273438,31442300,-0.005055361421974269,0.9949446385780257,AI_Core
2023-12-04 00:00:00-05:00,GOOGL,128.90602431139112,129.05489339161807,126.94086915840347,128.30059814453125,36669900,-0.019642117187651187,0.9803578828123488,AI_Core
2023-12-05 00:00:00-05:00,GOOGL,127.98299525723667,131.14907573021983,127.28824761685543,130.00770568847656,27384800,0.013305530672758525,1.0133055306727585,AI_Core
2023-12-06 00:00:00-05:00,GOOGL,130.4543016472136,130.85129589142994,128.90600289266644,129.04495239257812,23576200,-0.007405355634883537,0.9925946443651165,AI_Core
2023-12-07 00:00:00-05:00,GOOGL,134.02732621189014,137.52093391588886,133.68987951198724,135.9031524658203,56767100,0.05314582202625262,1.0531458220262526,AI_Core
2023-12-08 00:00:00-05:00,GOOGL,133.19362268827305,135.37712172033739,133.02489934634232,133.9777069091797,32260100,-0.014167776991964032,0.985832223008036,AI_Core
2023-12-11 00:00:00-05:00,GOOGL,131.3872714988426,132.3400638639477,130.37491635960205,132.29043579101562,31138000,-0.01259367067170225,0.9874063293282977,AI_Core
2023-12-12 00:00:00-05:00,GOOGL,130.82153234482118,132.0026107589198,130.2756538579234,131.52621459960938,29032800,-0.005776843857506986,0.994223156142493,AI_Core
2023-12-13 00:00:00-05:00,GOOGL,132.379774745465,132.4988700071408,130.58335054149978,131.5758514404297,30104800,0.00037739123695934573,1.0003773912369593,AI_Core
2023-12-14 00:00:00-05:00,GOOGL,132.37978056258655,132.71722724840416,128.71744966150473,130.95057678222656,38722400,-0.004752199217089692,0.9952478007829103,AI_Core
2023-12-15 00:00:00-05:00,GOOGL,130.63297472797083,132.5088009828191,130.19627187171184,131.6056365966797,50847100,0.0050023438655217856,1.0050023438655218,AI_Core
2023-12-18 00:00:00-05:00,GOOGL,131.63540528883573,136.1214986599511,131.43689298418388,134.78163146972656,32258000,0.024132666010195924,1.024132666010196,AI_Core
2023-12-19 00:00:00-05:00,GOOGL,135.8138370178058,136.43911751155446,135.05954168860268,135.62525939941406,25476800,0.0062592203439604255,1.0062592203439604,AI_Core
2023-12-20 00:00:00-05:00,GOOGL,137.9278469217378,140.63737005261123,137.03460219773686,137.3025665283203,49107200,0.012367217849638346,1.0123672178496383,AI_Core
2023-12-21 00:00:00-05:00,GOOGL,138.44397047150616,139.63496864718894,138.13628243906402,139.3669891357422,27488300,0.015035571873276421,1.0150355718732764,AI_Core
2023-12-22 00:00:00-05:00,GOOGL,139.71436841353267,140.9252208312421,139.65482077731141,140.42897033691406,26532200,0.007620034039319767,1.0076200340393198,AI_Core
2023-12-26 00:00:00-05:00,GOOGL,140.52822269290866,141.61004522322366,140.13122832314528,140.45875549316406,16780300,0.00021210122226578143,1.0002121012222658,AI_Core
2023-12-27 00:00:00-05:00,GOOGL,140.52820465495105,141.0145355681964,138.84095608348233,139.31735229492188,19628600,-0.008126251683169272,0.9918737483168307,AI_Core
2023-12-28 00:00:00-05:00,GOOGL,139.72426900145066,140.08156991463156,138.70199433347554,139.1783905029297,16045700,-0.0009974478390747388,0.9990025521609253,AI_Core
2023-12-29 00:00:00-05:00,GOOGL,138.5829084225353,139.3074298543242,137.73927658207975,138.6424560546875,18733000,-0.0038507015802206057,0.9961492984197794,AI_Core
2024-01-02 00:00:00-05:00,GOOGL,137.51102059365306,138.40426546198694,135.45653619437576,137.1338653564453,23711200,-0.010881159647425198,0.9891188403525748,AI_Core
2024-01-03 00:00:00-05:00,GOOGL,136.22077511288396,138.58293256213108,136.05205174427556,137.8782501220703,24212100,0.005428161480682814,1.0054281614806828,AI_Core
2024-01-04 00:00:00-05:00,GOOGL,137.38199394368868,138.1164501749052,135.327524638977,135.36721801757812,27137700,-0.018211952227918826,0.9817880477720812,AI_Core
2024-01-05 00:00:00-05:00,GOOGL,135.72449810296587,136.13142710669655,134.1364906048939,134.71214294433594,22513900,-0.0048392445588792965,0.9951607554411207,AI_Core
2024-01-08 00:00:00-05:00,GOOGL,135.26796265470722,137.96756674647926,135.23818883448922,137.79884338378906,21404000,0.022913305155635166,1.0229133051556352,AI_Core
2024-01-09 00:00:00-05:00,GOOGL,137.46138108120132,140.42896436301152,137.11399969220417,139.89300537109375,24759600,0.015197239221175218,1.0151972392211752,AI_Core
2024-01-10 00:00:00-05:00,GOOGL,139.94264312514758,141.92764515529154,139.85332166843838,141.21304321289062,21320200,0.009436053205771122,1.0094360532057711,AI_Core
2024-01-11 00:00:00-05:00,GOOGL,142.4139716480829,144.13099411000476,139.58533778589887,141.01454162597656,24008700,-0.0014056887550734087,0.9985943112449266,AI_Core
2024-01-12 00:00:00-05:00,GOOGL,141.60011549083978,142.12613980794654,140.75649872961355,141.58026123046875,18785500,0.0040117820330380916,1.004011782033038,AI_Core
2024-01-16 00:00:00-05:00,GOOGL,140.93514731118603,143.267530806828,140.38926871174172,141.42147827148438,22670500,-0.0011215049160412383,0.9988784950839588,AI_Core
2024-01-17 00:00:00-05:00,GOOGL,140.29000813187008,140.77632387999014,137.85836881382235,140.4091033935547,20968600,-0.007158565235658498,0.9928414347643415,AI_Core
2024-01-18 00:00:00-05:00,GOOGL,140.98475322574876,143.12855876412843,140.92520559596517,142.40402221679688,25746400,0.01420790230139568,1.0142079023013957,AI_Core
2024-01-19 00:00:00-05:00,GOOGL,143.65458671612103,145.35175478607076,143.29728578386394,145.28228759765625,34271900,0.020211966881648058,1.020211966881648,AI_Core
2024-01-22 00:00:00-05:00,GOOGL,145.99687917149566,147.27719858762836,144.7463184245613,144.89520263671875,32200400,-0.0026643644406914024,0.9973356355593086,AI_Core
2024-01-23 00:00:00-05:00,GOOGL,144.79597726482936,146.0762969530336,144.40890246194306,145.93734741210938,21636100,0.007192403588429874,1.0071924035884299,AI_Core
2024-01-24 00:00:00-05:00,GOOGL,147.42609610314366,148.72628517168496,146.98940837188923,147.58489990234375,25233500,0.011289450709158766,1.0112894507091588,AI_Core
2024-01-25 00:00:00-05:00,GOOGL,148.944605003714,151.90225320047952,148.4185656374429,150.73109436035156,29149100,0.021317861516250147,1.0213178615162501,AI_Core
2024-01-26 00:00:00-05:00,GOOGL,149.9668989175663,151.39608755777192,149.87756232275885,151.04872131347656,26115500,0.002107242400600118,1.0021072424006001,AI_Core
2024-01-29 00:00:00-05:00,GOOGL,150.91967200834566,152.62677462737892,150.29439164661815,152.35879516601562,27784300,0.00867318730769151,1.0086731873076915,AI_Core
2024-01-30 00:00:00-05:00,GOOGL,151.65416654936732,152.46800955182925,150.05623922063467,150.32421875,36331800,-0.013353849469593615,0.9866461505304064,AI_Core
2024-01-31 00:00:00-05:00,GOOGL,142.54296958721974,142.92012476265015,138.8210913381924,139.04937744140625,71910000,-0.07500349180157473,0.9249965081984253,AI_Core
2024-02-01 00:00:00-05:00,GOOGL,141.05424824171908,141.98720167736062,139.7342199917544,140.10145568847656,40466500,0.007566220478143704,1.0075662204781437,AI_Core
2024-02-02 00:00:00-05:00,GOOGL,138.2156582721091,141.55046162176478,135.47636147017644,141.31227111816406,62499600,0.008642418622543113,1.0086424186225431,AI_Core
2024-02-05 00:00:00-05:00,GOOGL,141.74898755775797,144.37910891749272,141.70927904042497,142.60252380371094,38505400,0.009130507034792235,1.0091305070347922,AI_Core
2024-02-06 00:00:00-05:00,GOOGL,143.56525733160348,144.2699396743933,142.11621441563744,143.01939392089844,29128200,0.0029233011174565338,1.0029233011174565,AI_Core
2024-02-07 00:00:00-05:00,GOOGL,143.67441319432578,144.52796450496214,142.85063569672877,144.4485626220703,25208900,0.009992831475445385,1.0099928314754454,AI_Core
2024-02-08 00:00:00-05:00,GOOGL,144.73640926724323,145.2326597213676,144.01188784464298,144.81581115722656,22563800,0.0025424173732839783,1.002542417373284,AI_Core
2024-02-09 00:00:00-05:00,GOOGL,145.58003513170593,148.31934750358255,145.08378464629212,147.8826446533203,26829500,0.021177476903845083,1.021177476903845,AI_Core
2024-02-12 00:00:00-05:00,GOOGL,147.30698549594433,148.2200845297744,146.26485649564665,146.4236602783203,21564100,-0.009865825556611307,0.9901341744433887,AI_Core
2024-02-13 00:00:00-05:00,GOOGL,143.83322330553597,145.57009981647306,142.61245148398422,144.05157470703125,27837700,-0.016200152125552925,0.9837998478744471,AI_Core
2024-02-14 00:00:00-05:00,GOOGL,144.9845305723091,145.42123338322318,143.00944836635193,144.8455810546875,22704200,0.005511958819409468,1.0055119588194095,AI_Core
2024-02-15 00:00:00-05:00,GOOGL,142.06659185995144,142.44374708435768,139.40669646187024,141.69937133789062,37590700,-0.021721130143480205,0.9782788698565198,AI_Core
2024-02-16 00:00:00-05:00,GOOGL,141.9177107623263,142.1162079157189,139.08907710730534,139.4662322998047,31468900,-0.015759696158149428,0.9842403038418506,AI_Core
2024-02-20 00:00:00-05:00,GOOGL,138.6126789723254,141.01452932682773,138.44395563708255,140.0617218017578,25144700,0.004269775501449136,1.0042697755014491,AI_Core
2024-02-21 00:00:00-05:00,GOOGL,140.38924578700608,141.61995232438937,139.62501587257833,141.4810028076172,23223300,0.010133254022596017,1.010133254022596,AI_Core
2024-02-22 00:00:00-05:00,GOOGL,143.84315762538745,143.9126399622496,141.72914086755702,143.00946044921875,27191900,0.010803271190266583,1.0108032711902666,AI_Core
2024-02-23 00:00:00-05:00,GOOGL,142.5925983953203,143.59501882359496,142.35439273418308,142.88043212890625,19493800,-0.0009022362570084708,0.9990977637429915,AI_Core
2024-02-26 00:00:00-05:00,GOOGL,141.07408198356765,141.37183529228255,136.35970255272923,136.53836059570312,53641800,-0.04438726450296093,0.9556127354970391,AI_Core
2024-02-27 00:00:00-05:00,GOOGL,136.9849952684124,138.20576728479702,136.06196144307498,137.8385467529297,33099200,0.009522497205576297,1.0095224972055763,AI_Core
2024-02-28 00:00:00-05:00,GOOGL,136.8658750875032,136.9750507978896,134.3945574118629,135.35728454589844,37328600,-0.018001221468758044,0.981998778531242,AI_Core
2024-02-29 00:00:00-05:00,GOOGL,136.250502609485,137.81865562171808,135.37709709777047,137.42166137695312,42133000,0.015251316824065553,1.0152513168240656,AI_Core
2024-03-01 00:00:00-05:00,GOOGL,137.39190716020826,137.82861002648335,135.89323609127652,136.11158752441406,31151100,-0.009533241262056014,0.990466758737944,AI_Core
2024-03-04 00:00:00-05:00,GOOGL,134.6426963696791,134.6426963696791,130.92081742410656,132.3500213623047,55999400,-0.027635899562442945,0.972364100437557,AI_Core
2024-03-05 00:00:00-05:00,GOOGL,130.8910407129197,132.24084271980698,129.6901078028214,131.67510986328125,40194800,-0.005099443823857741,0.9949005561761423,AI_Core
2024-03-06 00:00:00-05:00,GOOGL,132.12171457090452,132.57827164707297,129.86874843851078,130.41461181640625,35318600,-0.009572789027355144,0.9904272109726449,AI_Core
2024-03-07 00:00:00-05:00,GOOGL,131.79418082018677,133.92806672802465,130.6230370899261,133.3722686767578,37738200,0.02267887638629995,1.0226788763863,AI_Core
2024-03-08 00:00:00-05:00,GOOGL,133.20356361663008,137.05445713321666,132.99513174664168,134.39456176757812,39370400,0.007664959897307755,1.0076649598973078,AI_Core
2024-03-11 00:00:00-04:00,GOOGL,135.10915896262767,138.05688799115902,135.10915896262767,136.63760375976562,32437800,0.01668997586425114,1.0166899758642511,AI_Core
2024-03-12 00:00:00-04:00,GOOGL,136.00238731666215,138.33477032136187,136.00238731666215,137.46136474609375,27563400,0.006028801469443623,1.0060288014694436,AI_Core
2024-03-13 00:00:00-04:00,GOOGL,137.95759979749548,140.03192266340156,137.9476802422851,138.74166870117188,23347200,0.009313918550444944,1.009313918550445,AI_Core
2024-03-14 00:00:00-04:00,GOOGL,140.13120561748423,142.51320173883516,139.40668419509728,142.02688598632812,42753400,0.023678663489568486,1.0236786634895685,AI_Core
2024-03-15 00:00:00-04:00,GOOGL,141.43136997734203,142.10626328057222,138.97989168618588,140.1212615966797,49475400,-0.013417349654711752,0.9865826503452882,AI_Core
2024-03-18 00:00:00-04:00,GOOGL,147.4955587325886,151.00900524024846,146.06635501951953,146.57252502441406,69273700,0.046040574815144675,1.0460405748151447,AI_Core
2024-03-19 00:00:00-04:00,GOOGL,147.0489141116425,147.67417928324386,144.98451074334642,145.92738342285156,24070400,-0.004401517961534984,0.995598482038465,AI_Core
2024-03-20 00:00:00-04:00,GOOGL,146.89014708409312,147.74369854454548,145.63960128386148,147.62460327148438,21311500,0.011630578228863264,1.0116305782288633,AI_Core
2024-03-21 00:00:00-04:00,GOOGL,148.34912076601722,149.24236557867428,145.7983860112411,146.49314880371094,24755600,-0.007664403105576367,0.9923355968944236,AI_Core
2024-03-22 00:00:00-04:00,GOOGL,148.0017381108715,150.4432971327226,147.86278858243205,149.63937377929688,29211800,0.02147694278728096,1.021476942787281,AI_Core
2024-03-25 00:00:00-04:00,GOOGL,148.8155806383432,149.25228343768953,146.71148367170483,148.94461059570312,19229300,-0.004642916941221986,0.995357083058778,AI_Core
2024-03-26 00:00:00-04:00,GOOGL,149.09349296069317,151.1181882221387,148.85528728225617,149.5401153564453,22149100,0.003998162527401705,1.0039981625274017,AI_Core
2024-03-27 00:00:00-04:00,GOOGL,150.0462745317352,150.50283159628924,147.78337375554537,149.7386016845703,22879200,0.0013273115889465004,1.0013273115889465,AI_Core
2024-03-28 00:00:00-04:00,GOOGL,149.71878524234197,150.294422508123,149.04387667224117,149.7981719970703,24485400,0.0003978286950045984,1.0003978286950046,AI_Core
2024-04-01 00:00:00-04:00,GOOGL,149.5599671303415,154.57209984115423,149.48056523884867,154.323974609375,31730800,0.030212669166571615,1.0302126691665716,AI_Core
2024-04-02 00:00:00-04:00,GOOGL,152.34887623400127,153.53987419197475,151.0089940660557,153.4009246826172,24586000,-0.005981247755536656,0.9940187522444633,AI_Core
2024-04-03 00:00:00-04:00,GOOGL,152.44813128619023,153.91702825239753,151.5846452787233,153.7582244873047,24705000,0.002329189380225305,1.0023291893802253,AI_Core
2024-04-04 00:00:00-04:00,GOOGL,152.34889789636918,153.60937836042848,149.3217669288391,149.4011688232422,34724700,-0.028337057601899196,0.9716629423981008,AI_Core
2024-04-05 00:00:00-04:00,GOOGL,148.90492090258869,152.26949862092886,148.47815275024013,151.3563995361328,23459200,0.013087117914076574,1.0130871179140766,AI_Core
2024-04-08 00:00:00-04:00,GOOGL,151.63429745472348,154.10563032964885,151.46557410662442,153.68878173828125,20702000,0.015409868425098505,1.0154098684250985,AI_Core
2024-04-09 00:00:00-04:00,GOOGL,154.91945877952742,157.37093716554625,154.02621404495505,155.42564392089844,31079500,0.01130116435937989,1.01130116435938,AI_Core
2024-04-10 00:00:00-04:00,GOOGL,155.03859855501895,155.4355929246248,153.52005798758364,154.9691162109375,22838600,-0.0029372740459308044,0.9970627259540692,AI_Core
2024-04-11 00:00:00-04:00,GOOGL,155.73333190851926,158.48254871038773,155.28670949781988,158.21458435058594,27166400,0.0209426769604264,1.0209426769604264,AI_Core
2024-04-12 00:00:00-04:00,GOOGL,156.7754663121818,159.01851314437133,155.96160821412113,156.54718017578125,25353700,-0.010538877826268611,0.9894611221737314,AI_Core
2024-04-15 00:00:00-04:00,GOOGL,157.6687038087309,158.0458590213951,153.43072045036504,153.69869995117188,27136500,-0.01819566613343604,0.981804333866564,AI_Core
2024-04-16 00:00:00-04:00,GOOGL,153.03372500347797,154.4827679200494,152.27941458366453,153.2421417236328,20779500,-0.002970475532220518,0.9970295244677795,AI_Core
2024-04-17 00:00:00-04:00,GOOGL,154.45299200861103,155.902050049897,153.42079769070784,154.3041229248047,21763100,0.006930085870811675,1.0069300858708117,AI_Core
2024-04-18 00:00:00-04:00,GOOGL,154.17509879172633,155.76310641946125,153.4604968736819,154.84007263183594,19883000,0.0034733336794405822,1.0034733336794406,AI_Core
2024-04-19 00:00:00-04:00,GOOGL,155.02864105305625,155.1874448352903,151.157893513365,152.93446350097656,32615600,-0.012306950639259573,0.9876930493607404,AI_Core
2024-04-22 00:00:00-04:00,GOOGL,153.15280433294885,156.45783399355932,152.90467911948886,155.1080322265625,26446200,0.01421241933197126,1.0142124193319713,AI_Core
2024-04-23 00:00:00-04:00,GOOGL,155.78294214571977,157.77786342870908,155.10803368370046,157.07318115234375,21151600,0.01266954971687606,1.012669549716876,AI_Core
2024-04-24 00:00:00-04:00,GOOGL,156.3090053276995,158.3734094546399,155.99139770307863,157.93670654296875,22779100,0.005497599171862877,1.0054975991718629,AI_Core
2024-04-25 00:00:00-04:00,GOOGL,150.19516181159548,155.3164700492321,149.73860473773226,154.83013916015625,57109700,-0.01966969839254762,0.9803303016074524,AI_Core
2024-04-26 00:00:00-04:00,GOOGL,173.06238823512538,173.399850072579,168.37778247380382,170.66053771972656,64665300,0.10224365001180646,1.1022436500118065,AI_Core
2024-04-29 00:00:00-04:00,GOOGL,167.79220353593925,168.27853443993808,163.97108407090454,164.90402221679688,45610000,-0.03373079435846815,0.9662692056415318,AI_Core
2024-04-30 00:00:00-04:00,GOOGL,164.36810607308556,166.83943923844134,161.38068324502183,161.559326171875,33562900,-0.0202826832236066,0.9797173167763934,AI_Core
2024-05-01 00:00:00-04:00,GOOGL,163.0679131791334,165.86675805283966,161.86698033617475,162.63121032714844,33493200,0.0066346164017365705,1.0066346164017366,AI_Core
2024-05-02 00:00:00-04:00,GOOGL,163.5542352451639,165.47968963320443,162.66099039133817,165.37051391601562,24294500,0.01684365247824693,1.016843652478247,AI_Core
2024-05-03 00:00:00-04:00,GOOGL,166.303447513815,166.70045695836217,161.82727393012354,165.98585510253906,34662400,0.003720984908083036,1.003720984908083,AI_Core
2024-05-06 00:00:00-04:00,GOOGL,166.20423169951587,166.87912514098474,164.78494732975244,166.8394317626953,21871300,0.005142466263941214,1.0051424662639412,AI_Core
2024-05-07 00:00:00-04:00,GOOGL,167.23641214858006,170.47195983372737,167.12723643695188,169.96578979492188,28039700,0.018738723808849667,1.0187387238088497,AI_Core
2024-05-08 00:00:00-04:00,GOOGL,167.73264706920992,168.87401701223217,167.47460229491972,168.10980224609375,19569100,-0.01091977127319288,0.9890802287268071,AI_Core
2024-05-09 00:00:00-04:00,GOOGL,168.11973776202532,169.40999204467994,166.9188049315239,168.6854705810547,15346700,0.0034243591228442227,1.0034243591228442,AI_Core
2024-05-10 00:00:00-04:00,GOOGL,166.76992345897793,168.57628234941276,164.94372545466877,167.38526916503906,29799900,-0.007707844733378266,0.9922921552666217,AI_Core
2024-05-13 00:00:00-04:00,GOOGL,163.02818817677723,168.01054680668042,162.77014340140366,167.87159729003906,31327600,0.002905441604425185,1.0029054416044252,AI_Core
2024-05-14 00:00:00-04:00,GOOGL,168.49690435742923,169.96580164362084,167.5341771453294,169.0626220703125,25127100,0.007094855827312285,1.0070948558273123,AI_Core
2024-05-15 00:00:00-04:00,GOOGL,169.35043246910703,171.35527337198997,169.23132206360498,171.21632385253906,26948400,0.012739077129247711,1.0127390771292477,AI_Core
2024-05-16 00:00:00-04:00,GOOGL,171.99048456648705,173.8067631392547,171.3949930775493,172.87380981445312,27867900,0.009680653833810782,1.0096806538338108,AI_Core
2024-05-17 00:00:00-04:00,GOOGL,172.87379384019715,174.94813216308688,172.38747810748998,174.7397003173828,24479300,0.010793367167255541,1.0107933671672555,AI_Core
2024-05-20 00:00:00-04:00,GOOGL,174.86874028439564,177.42939448654315,174.7595645769426,175.59326171875,22554400,0.004884759444000686,1.0048847594440007,AI_Core
2024-05-21 00:00:00-04:00,GOOGL,175.57342356539291,176.814049834635,174.4916010932611,176.5163116455078,16989400,0.0052567502745992645,1.0052567502745993,AI_Core
2024-05-22 00:00:00-04:00,GOOGL,175.31537207270605,175.82154211929756,173.89610294407106,175.0573272705078,17880000,-0.00826543655597134,0.9917345634440287,AI_Core
2024-05-23 00:00:00-04:00,GOOGL,175.7421581518555,176.913302054648,171.65304376131735,172.24855041503906,21024900,-0.016044897401686464,0.9839551025983135,AI_Core
2024-05-24 00:00:00-04:00,GOOGL,173.6678149317287,174.45189917635065,172.34778682854989,173.67774963378906,16579400,0.008297307671421894,1.008297307671422,AI_Core
2024-05-28 00:00:00-04:00,GOOGL,173.1418049387412,175.94066516572397,173.06240303751144,175.07717895507812,20572200,0.008057620070733629,1.0080576200707336,AI_Core
2024-05-29 00:00:00-04:00,GOOGL,174.11444068348618,175.51387070822295,173.40977346435537,174.58091735839844,23388700,-0.0028345304604606714,0.9971654695395393,AI_Core
2024-05-30 00:00:00-04:00,GOOGL,173.88617571412965,173.90602997495594,170.50174360052324,170.81935119628906,22931500,-0.021546261865420413,0.9784537381345796,AI_Core
2024-05-31 00:00:00-04:00,GOOGL,170.57120566797727,171.76220372181547,168.16935530183432,171.20640563964844,37638900,0.0022658700003761467,1.0022658700003761,AI_Core
2024-06-03 00:00:00-04:00,GOOGL,171.24610323694733,173.22118553313896,169.8764622562065,171.8713836669922,27459100,0.003884072122531279,1.0038840721225313,AI_Core
2024-06-04 00:00:00-04:00,GOOGL,171.98055484617473,172.5462876288162,170.60097920010114,172.48672485351562,26879600,0.0035802422334347828,1.0035802422334348,AI_Core
2024-06-05 00:00:00-04:00,GOOGL,173.88617261813178,175.32529604295863,172.62569210446975,174.0946044921875,22068500,0.009321758761651866,1.0093217587616519,AI_Core
2024-06-06 00:00:00-04:00,GOOGL,174.5809159744427,175.8215421969568,174.43204688548622,175.40469360351562,23251000,0.00752515630883277,1.0075251563088328,AI_Core
2024-06-07 00:00:00-04:00,GOOGL,175.72229190224542,176.53613478615,172.9929143569092,173.15171813964844,19661400,-0.012844442287045066,0.9871555577129549,AI_Core
2024-06-10 00:00:00-04:00,GOOGL,173.85720320728015,175.9339073021769,171.66125199471998,173.89694213867188,23726700,0.004303878743047829,1.0043038787430478,AI_Core
2024-06-11 00:00:00-04:00,GOOGL,175.09922369027143,175.71527557404895,172.6648089773612,175.49667358398438,21540600,0.009199307507298249,1.0091993075072982,AI_Core
2024-06-12 00:00:00-04:00,GOOGL,177.11633707085997,179.2626031953618,174.9899479924397,176.6592559814453,27864700,0.006624526685997667,1.0066245266859977,AI_Core
2024-06-13 00:00:00-04:00,GOOGL,174.9899603208632,175.6159584417151,173.76778723125477,174.04600524902344,20913300,-0.014792605787360191,0.9852073942126398,AI_Core
2024-06-14 00:00:00-04:00,GOOGL,173.1119718356913,175.93390595699566,173.04240975410747,175.66561889648438,18063600,0.009305664011900916,1.009305664011901,AI_Core
2024-06-17 00:00:00-04:00,GOOGL,174.3440995355834,177.22564977606507,173.69822437013423,176.11277770996094,19618500,0.002545511274691048,1.002545511274691,AI_Core
2024-06-18 00:00:00-04:00,GOOGL,176.01340565485404,176.2618156783684,172.99274644008725,173.9764404296875,21869900,-0.012130506985652989,0.987869493014347,AI_Core
2024-06-20 00:00:00-04:00,GOOGL,174.25464833709086,176.1624353876285,173.8770754332329,175.17874145507812,20160100,0.006910711717179607,1.0069107117171796,AI_Core
2024-06-21 00:00:00-04:00,GOOGL,175.87428594679412,179.69980614084275,175.48676694016078,178.48756408691406,57759000,0.018888265804126947,1.018888265804127,AI_Core
2024-06-24 00:00:00-04:00,GOOGL,179.014178404994,179.73953132877418,177.53364940990167,178.0801544189453,18298000,-0.002282566127522312,0.9977174338724777,AI_Core
2024-06-25 00:00:00-04:00,GOOGL,178.47761719658297,183.1179143136271,178.27889222308787,182.8595733642578,23130200,0.026838582664683752,1.0268385826646838,AI_Core
2024-06-26 00:00:00-04:00,GOOGL,181.4684755299556,183.33650839401088,181.31942043498108,182.7105255126953,19839000,-0.0008150946041287632,0.9991849053958712,AI_Core
2024-06-27 00:00:00-04:00,GOOGL,183.00860111358634,184.86671815444103,182.8496302424256,184.2307891845703,18848900,0.008320613536680899,1.008320613536681,AI_Core
2024-06-28 00:00:00-04:00,GOOGL,183.14771276951015,183.95255865878133,180.80272201025824,180.9915008544922,29156600,-0.017582774000022727,0.9824172259999773,AI_Core
2024-07-01 00:00:00-04:00,GOOGL,181.86592606220148,182.71052611795955,180.1469331256833,181.82618713378906,16006100,0.0046117429567476,1.0046117429567476,AI_Core
2024-07-02 00:00:00-04:00,GOOGL,180.8921754401855,184.38979268671295,180.40528635394423,184.0618896484375,17372500,0.012295822454899685,1.0122958224548997,AI_Core
2024-07-03 00:00:00-04:00,GOOGL,183.67436680423387,184.90647074592763,182.8297667085458,184.63819885253906,10242100,0.0031310620857056826,1.0031310620857057,AI_Core
2024-07-05 00:00:00-04:00,GOOGL,184.67794276589416,189.64614308224583,184.618326787977,189.38780212402344,20967500,0.025723838842674374,1.0257238388426744,AI_Core
2024-07-08 00:00:00-04:00,GOOGL,188.69223602398804,188.96052307793317,186.58572400777334,187.82777404785156,21035900,-0.0082372151673753,0.9917627848326247,AI_Core
2024-07-09 00:00:00-04:00,GOOGL,189.09961914354798,190.14294413821008,187.51973523943423,187.778076171875,15121400,-0.00026459279639812205,0.9997354072036019,AI_Core
2024-07-10 00:00:00-04:00,GOOGL,187.94700799576873,190.53047817126304,187.82777604241306,189.96409606933594,15952500,0.01164150758185456,1.0116415075818546,AI_Core
2024-07-11 00:00:00-04:00,GOOGL,188.64256383874462,189.64613480059487,183.90289669863316,184.38978576660156,25625800,-0.029344020360035694,0.9706559796399643,AI_Core
2024-07-12 00:00:00-04:00,GOOGL,183.90289053636494,185.9199784961909,183.31664658309873,183.89295959472656,22898400,-0.0026944343462922404,0.9973055656537078,AI_Core
2024-07-15 00:00:00-04:00,GOOGL,183.74391265022248,187.04280482965035,183.74391265022248,185.3436737060547,16474000,0.007888905124618706,1.0078889051246187,AI_Core
2024-07-16 00:00:00-04:00,GOOGL,186.16839882768255,187.47999579867826,182.203769602895,182.75027465820312,18290700,-0.013992379648007591,0.9860076203519924,AI_Core
2024-07-17 00:00:00-04:00,GOOGL,181.80630830706235,182.38262131472416,178.75582629160562,179.86871337890625,20734100,-0.01576775348045989,0.9842322465195401,AI_Core
2024-07-18 00:00:00-04:00,GOOGL,180.77293018820677,181.33931230427376,175.3476639106666,176.55990600585938,25315700,-0.018395680443194395,0.9816043195568056,AI_Core
2024-07-19 00:00:00-04:00,GOOGL,177.7423170108804,179.14333780092795,176.00344711889437,176.5300750732422,18881900,-0.00016895643689451845,0.9998310435631055,AI_Core
2024-07-22 00:00:00-04:00,GOOGL,179.44142398482322,181.5380047578906,179.08371301817576,180.51455688476562,24100300,0.02257112171889286,1.0225711217188929,AI_Core
2024-07-23 00:00:00-04:00,GOOGL,180.8921451376013,182.4422209412431,180.38537908982045,180.6337890625,36352700,0.0006605128128835958,1.0006605128128836,AI_Core
2024-07-24 00:00:00-04:00,GOOGL,172.4959213091671,175.06944543810874,170.72724320681195,171.53208923339844,49585200,-0.05038758183803771,0.9496124181619623,AI_Core
2024-07-25 00:00:00-04:00,GOOGL,171.422773934444,172.31704385351824,166.12667101114428,166.21609497070312,44852000,-0.03099125234498834,0.9690087476550117,AI_Core
2024-07-26 00:00:00-04:00,GOOGL,166.08692140634935,167.020945440501,163.0165774179734,165.93788146972656,41336900,-0.001673806023571922,0.9983261939764281,AI_Core
2024-07-29 00:00:00-04:00,GOOGL,167.75623728269647,169.34605213128413,166.92158335005726,168.4517822265625,20293800,0.015149649583145797,1.0151496495831458,AI_Core
2024-07-30 00:00:00-04:00,GOOGL,169.15726982937002,170.1409636721862,167.3687148946011,169.20693969726562,18959700,0.004482929540558178,1.0044829295405582,AI_Core
2024-07-31 00:00:00-04:00,GOOGL,172.13820531777287,173.14177629603867,168.92873708461033,170.44900512695312,25729100,0.007340511162897467,1.0073405111628975,AI_Core
2024-08-01 00:00:00-04:00,GOOGL,169.1672144988525,172.94304963161613,167.80593251440823,169.67396545410156,24531400,-0.004547047207898336,0.9954529527921017,AI_Core
2024-08-02 00:00:00-04:00,GOOGL,165.38146509787933,167.43829227584254,163.62271782850132,165.60006713867188,29130100,-0.024010155621262408,0.9759898443787376,AI_Core
2024-08-05 00:00:00-04:00,GOOGL,154.5110472195564,163.38424670507362,153.94466504214253,158.23719787597656,53630700,-0.04446175288401133,0.9555382471159887,AI_Core
2024-08-06 00:00:00-04:00,GOOGL,158.31667357844438,159.54879271884894,155.41524640434096,157.2832794189453,49004600,-0.006028408426310139,0.9939715915736899,AI_Core
2024-08-07 00:00:00-04:00,GOOGL,160.2244595533612,161.94345261056785,157.46214140159782,157.9291534423828,25138600,0.004106437924130013,1.00410643792413,AI_Core
2024-08-08 00:00:00-04:00,GOOGL,159.4891744508348,162.64895800070045,159.19109453629167,160.99951171875,25578800,0.019441364747689427,1.0194413647476894,AI_Core
2024-08-09 00:00:00-04:00,GOOGL,158.99233275753915,162.74829078749448,158.04837777910737,162.62905883789062,28602300,0.01012144137422788,1.0101214413742279,AI_Core
2024-08-12 00:00:00-04:00,GOOGL,163.30472342732642,163.85121324225588,160.81067757790242,161.2578125,15895300,-0.008431742443135493,0.9915682575568645,AI_Core
2024-08-13 00:00:00-04:00,GOOGL,162.37070632388532,163.68230316130368,161.93350232416512,163.11593627929688,18551700,0.01152268997383854,1.0115226899738385,AI_Core
2024-08-14 00:00:00-04:00,GOOGL,161.3671090887839,162.18190106116018,156.70695082667962,159.3500213623047,40591100,-0.023087351260050792,0.9769126487399492,AI_Core
2024-08-15 00:00:00-04:00,GOOGL,159.4792243502646,160.61197337469392,158.59488533261137,160.27413940429688,31524300,0.005799296630723871,1.0057992966307239,AI_Core
2024-08-16 00:00:00-04:00,GOOGL,160.44303978023876,164.0102034694482,160.10520584481466,161.92356872558594,24208600,0.010291300439482232,1.0102913004394822,AI_Core
2024-08-19 00:00:00-04:00,GOOGL,164.22882628821975,165.6298623978553,163.21530919170212,165.6099853515625,22416200,0.022766399326487052,1.022766399326487,AI_Core
2024-08-20 00:00:00-04:00,GOOGL,165.8385269794626,167.56746621538298,165.7590491136282,166.1167449951172,18341500,0.0030599582656740676,1.003059958265674,AI_Core
2024-08-21 00:00:00-04:00,GOOGL,164.09963641871417,165.7888365119098,163.62269347422293,164.79519653320312,22902000,-0.007955540315655152,0.9920444596843448,AI_Core
2024-08-22 00:00:00-04:00,GOOGL,166.19621017398273,166.5241131721472,162.2713354606225,162.7582244873047,22493300,-0.01236062754710221,0.9876393724528978,AI_Core
2024-08-23 00:00:00-04:00,GOOGL,163.67239563965794,165.12310166986182,162.78805657250106,164.56666564941406,13955700,0.011111212154138794,1.0111112121541388,AI_Core
2024-08-26 00:00:00-04:00,GOOGL,165.32184299950146,166.48440008520606,163.41405584641612,165.10324096679688,14190400,0.0032605346609253516,1.0032605346609254,AI_Core
2024-08-27 00:00:00-04:00,GOOGL,164.78525544371954,165.3814455137806,163.4140425413684,163.63262939453125,11821900,-0.008907224132331693,0.9910927758676683,AI_Core
2024-08-28 00:00:00-04:00,GOOGL,163.99035967655564,164.54681088282098,160.50268829353018,161.81430053710938,16407400,-0.011112263270168121,0.9888877367298319,AI_Core
2024-08-29 00:00:00-04:00,GOOGL,163.26497594791422,164.91442188543905,159.23080022153445,160.75106811523438,19699800,-0.00657069503959673,0.9934293049604033,AI_Core
2024-08-30 00:00:00-04:00,GOOGL,161.5857509317876,162.61914514376983,160.66167290086105,162.34092712402344,22123800,0.00989019250341383,1.0098901925034138,AI_Core
2024-09-03 00:00:00-04:00,GOOGL,160.69146292560666,160.82064097809814,155.48478383780713,156.35919189453125,38945300,-0.03684674798562859,0.9631532520143714,AI_Core
2024-09-04 00:00:00-04:00,GOOGL,155.66364237973846,157.98875628626521,154.9680974284368,155.45497131347656,19353800,-0.005782970416376987,0.994217029583623,AI_Core
2024-09-05 00:00:00-04:00,GOOGL,155.30593568698094,158.4358956354768,154.98796360800392,156.23995971679688,18688700,0.005049619170668818,1.0050496191706688,AI_Core
2024-09-06 00:00:00-04:00,GOOGL,156.29957197054128,156.82619994728552,149.59250210192843,149.96014404296875,37912100,-0.04019340305265706,0.9598065969473429,AI_Core
2024-09-09 00:00:00-04:00,GOOGL,151.74112707707891,152.62663960312594,146.47780288600765,147.96029663085938,39260500,-0.013335859503684877,0.9866641404963151,AI_Core
2024-09-10 00:00:00-04:00,GOOGL,149.6915222389598,150.5073955995397,147.59215893091454,147.91055297851562,31118800,-0.0003361959490244537,0.9996638040509755,AI_Core
2024-09-11 00:00:00-04:00,GOOGL,149.16417992613762,150.7362162140882,146.77628554400584,150.39793395996094,29607700,0.0168167918472093,1.0168167918472093,AI_Core
2024-09-12 00:00:00-04:00,GOOGL,153.02464365732237,154.03950573290865,151.88043209882747,153.91015625,29621500,0.0233528626196029,1.023352862619603,AI_Core
2024-09-13 00:00:00-04:00,GOOGL,154.6463885405626,157.58152818841413,154.42751164329223,156.66616821289062,29591200,0.01790662832161627,1.0179066283216163,AI_Core
2024-09-16 00:00:00-04:00,GOOGL,156.51691894363321,157.45218236116395,155.8105069116596,157.2631378173828,18379800,0.003810456407416396,1.0038104564074164,AI_Core
2024-09-17 00:00:00-04:00,GOOGL,158.21830933206348,159.740594664956,157.5815364815847,158.5167999267578,20715600,0.007971748031829096,1.007971748031829,AI_Core
2024-09-18 00:00:00-04:00,GOOGL,159.05408446311074,159.69085736808276,157.8004420763462,159.00433349609375,23677300,0.0030755955807915125,1.0030755955807915,AI_Core
2024-09-19 00:00:00-04:00,GOOGL,162.88467834172684,162.9642616693234,160.52661614683478,161.3225860595703,26587700,0.014579807433572345,1.0145798074335723,AI_Core
2024-09-20 00:00:00-04:00,GOOGL,162.67573141732413,162.90456764484875,161.2429886014312,162.76527404785156,40896400,0.00894287665180693,1.008942876651807,AI_Core
2024-09-23 00:00:00-04:00,GOOGL,163.52143865567453,164.65569075995793,160.85494193042624,161.03404235839844,24150900,-0.010636370070830736,0.9893636299291693,AI_Core
2024-09-24 00:00:00-04:00,GOOGL,162.20807648352036,162.39712101997654,159.8798773312799,161.4718017578125,23332100,0.002718427687729452,1.0027184276877295,AI_Core
2024-09-25 00:00:00-04:00,GOOGL,160.6559541225392,161.9891949013652,160.48681299524299,160.6758575439453,18869200,-0.00492930781227674,0.9950706921877233,AI_Core
2024-09-26 00:00:00-04:00,GOOGL,162.81500754909376,163.2527917160846,161.46186338833198,161.9095916748047,20319300,0.00767840389787211,1.007678403897872,AI_Core
2024-09-27 00:00:00-04:00,GOOGL,161.98919151686223,164.86462098454524,161.81010627353578,163.12344360351562,21101300,0.007497097090757743,1.0074970970907577,AI_Core
2024-09-30 00:00:00-04:00,GOOGL,162.4966264954632,165.31234563823617,162.43691623380593,165.0138702392578,20413900,0.011588932859565082,1.011588932859565,AI_Core
2024-10-01 00:00:00-04:00,GOOGL,166.8445849442019,168.30717508055415,163.75026355678568,166.1481170654297,28338100,0.006873645376157089,1.006873645376157,AI_Core
2024-10-02 00:00:00-04:00,GOOGL,165.58099330587024,166.67545373891107,163.8995109959539,165.02381896972656,17760200,-0.006766842234272041,0.993233157765728,AI_Core
2024-10-03 00:00:00-04:00,GOOGL,163.58113216752693,165.79988539247842,163.0935970324702,165.02381896972656,15073100,0.0,1.0,AI_Core
2024-10-04 00:00:00-04:00,GOOGL,167.21273199051447,167.3818731227034,164.6457371019136,166.2177734375,19047400,0.007235043251498485,1.0072350432514985,AI_Core
2024-10-07 00:00:00-04:00,GOOGL,166.8744651557115,167.63062826044842,161.92951947546015,162.15835571289062,22463100,-0.024422284336131916,0.9755777156638681,AI_Core
2024-10-08 00:00:00-04:00,GOOGL,163.11351583433103,163.89952645082283,162.0489028416346,163.55130004882812,23072700,0.008590025039497684,1.0085900250394977,AI_Core
2024-10-09 00:00:00-04:00,GOOGL,162.62597153558053,164.00896330918712,158.9346838265827,161.0439910888672,31181800,-0.015330412899270063,0.9846695871007299,AI_Core
2024-10-10 00:00:00-04:00,GOOGL,160.0589719311791,162.2478928162512,159.59134021317385,161.26287841796875,14144100,0.001359177251020638,1.0013591772510206,AI_Core
2024-10-11 00:00:00-04:00,GOOGL,161.31261821924474,163.07368374330417,160.42710580677368,162.41702270507812,15344300,0.007156912355973155,1.0071569123559732,AI_Core
2024-10-14 00:00:00-04:00,GOOGL,162.8150044575592,165.39194326757854,162.5762089577725,164.12835693359375,19016100,0.01053666789363028,1.0105366678936303,AI_Core
2024-10-15 00:00:00-04:00,GOOGL,164.95417746587214,166.83464858810927,163.80003704311807,164.6258544921875,20247200,0.0030311493265910983,1.003031149326591,AI_Core
2024-10-16 00:00:00-04:00,GOOGL,163.70053329945262,164.96413494193072,162.91452270440968,164.32736206054688,16406000,-0.0018131564605169403,0.9981868435394831,AI_Core
2024-10-17 00:00:00-04:00,GOOGL,164.89448390766555,165.53125680199904,161.9394556622168,162.1085968017578,21453400,-0.013502104767990852,0.9864978952320091,AI_Core
2024-10-18 00:00:00-04:00,GOOGL,162.3672941471386,163.87963544942022,162.2578480953578,162.59613037109375,19757700,0.0030074504310968475,1.0030074504310968,AI_Core
2024-10-21 00:00:00-04:00,GOOGL,162.12849497134508,163.67068378195492,161.8001568233936,163.24285888671875,20946500,0.003977514804005322,1.0039775148040053,AI_Core
2024-10-22 00:00:00-04:00,GOOGL,162.15833529455813,164.93427806644567,162.15833529455813,164.3074493408203,16568100,0.006521513169775561,1.0065215131697756,AI_Core
2024-10-23 00:00:00-04:00,GOOGL,163.9293642522353,164.98403306169303,161.11362975074982,161.9593505859375,18280500,-0.014290884340929622,0.9857091156590704,AI_Core
2024-10-24 00:00:00-04:00,GOOGL,162.00908898296657,162.50656821640374,160.1982572859619,161.89964294433594,22412500,-0.0003686581934636557,0.9996313418065363,AI_Core
2024-10-25 00:00:00-04:00,GOOGL,162.84487350933975,164.7551922144046,162.59613385740113,164.4368133544922,19828900,0.0156712538954058,1.0156712538954058,AI_Core
2024-10-28 00:00:00-04:00,GOOGL,167.89923522550737,167.89923522550737,163.12343172049856,165.8794708251953,32138600,0.008773324180109565,1.0087733241801096,AI_Core
2024-10-29 00:00:00-04:00,GOOGL,166.88438836507615,169.52103755308448,166.24761551933543,168.82455444335938,42169000,0.017754358652781077,1.017754358652781,AI_Core
2024-10-30 00:00:00-04:00,GOOGL,179.76908724801194,181.10234312249673,173.18246710164854,173.58045959472656,68890800,0.028170695708619853,1.0281706957086199,AI_Core
2024-10-31 00:00:00-04:00,GOOGL,172.25718077657928,175.92858030114797,170.13791418034728,170.2473602294922,44769000,-0.019202042516861972,0.980797957483138,AI_Core
2024-11-01 00:00:00-04:00,GOOGL,169.21260195677476,171.45125861583475,168.02859889466288,170.4264373779297,31796500,0.0010518644647183883,1.0010518644647184,AI_Core
2024-11-04 00:00:00-05:00,GOOGL,169.07330370933886,169.86927360734452,167.16298506324307,168.3867950439453,21492700,-0.011967875203900191,0.9880321247960998,AI_Core
2024-11-05 00:00:00-05:00,GOOGL,168.57582742660242,169.67028795360784,167.9888054993283,168.88427734375,18242100,0.0029544020935541315,1.0029544020935541,AI_Core
2024-11-06 00:00:00-05:00,GOOGL,172.92381823687973,176.04798782367646,172.6253276023472,175.62014770507812,33695500,0.03988453198409836,1.0398845319840984,AI_Core
2024-11-07 00:00:00-05:00,GOOGL,176.51561739393105,180.16711381044533,176.29672527681126,179.83877563476562,25352900,0.024021320929372703,1.0240213209293727,AI_Core
2024-11-08 00:00:00-05:00,GOOGL,179.7392438048685,179.98798342551285,177.18220839921253,177.4508514404297,22006200,-0.01327813863226901,0.986721861367731,AI_Core
2024-11-11 00:00:00-05:00,GOOGL,177.6797148635318,179.6397845890685,177.57026880640515,179.4407958984375,17450400,0.011214059790949138,1.0112140597909491,AI_Core
2024-11-12 00:00:00-05:00,GOOGL,178.9134326696115,181.5699698633081,178.48559264894888,180.704345703125,25134900,0.007041597192884996,1.007041597192885,AI_Core
2024-11-13 00:00:00-05:00,GOOGL,179.55023156460638,180.04771085332573,177.6398977358846,177.9781951904297,23184000,-0.015086247660994534,0.9849137523390055,AI_Core
2024-11-14 00:00:00-05:00,GOOGL,177.38120927026733,177.9184953896884,173.44118190987194,174.69482421875,31007500,-0.018448164215659202,0.9815518357843408,AI_Core
2024-11-15 00:00:00-05:00,GOOGL,172.85413063132057,173.2620672474057,170.35679033869232,171.62039184570312,32504600,-0.017598874991265445,0.9824011250087346,AI_Core
2024-11-18 00:00:00-05:00,GOOGL,172.5457023973927,174.55552283170013,172.02831972302542,174.41622924804688,20135300,0.01629082285779515,1.0162908228577952,AI_Core
2024-11-19 00:00:00-05:00,GOOGL,172.8442186336241,177.96824963034788,172.68502160529414,177.22203063964844,23434900,0.016086813731142513,1.0160868137311425,AI_Core
2024-11-20 00:00:00-05:00,GOOGL,176.44594821026809,176.78423047859985,172.90389814923452,175.09280395507812,18997100,-0.012014458230081737,0.9879855417699183,AI_Core
2024-11-21 00:00:00-05:00,GOOGL,173.02329149320352,173.2521428982115,162.87471698401734,166.784912109375,59734400,-0.04744850535282197,0.952551494647178,AI_Core
2024-11-22 00:00:00-05:00,GOOGL,165.0138834352713,165.62080876483188,163.07370209558795,163.9293670654297,38604600,-0.017121123294849938,0.9828788767051501,AI_Core
2024-11-25 00:00:00-05:00,GOOGL,165.25264629068545,167.77984927042047,164.77507048279222,166.80477905273438,33135300,0.01754055443987057,1.0175405544398706,AI_Core
2024-11-26 00:00:00-05:00,GOOGL,166.78490128483136,168.96386286905866,166.73515032254275,168.2673797607422,20486700,0.008768338151423194,1.0087683381514232,AI_Core
2024-11-27 00:00:00-05:00,GOOGL,168.14801007731103,168.62558597335425,167.17295486151244,168.37684631347656,19266500,0.0006505512410666103,1.0006505512410666,AI_Core
2024-11-29 00:00:00-05:00,GOOGL,167.6505077939042,168.57581191461244,166.31726704322566,168.09823608398438,14257200,-0.0016546825504349938,0.998345317449565,AI_Core
2024-12-02 00:00:00-05:00,GOOGL,167.91916912565142,171.21247970085113,167.72018043971005,170.62545776367188,23789100,0.015034195114485671,1.0150341951144857,AI_Core
2024-12-03 00:00:00-05:00,GOOGL,170.62543391026162,171.8094217397436,169.98866109515185,170.47618103027344,22248700,-0.0008748796068005493,0.9991251203931995,AI_Core
2024-12-04 00:00:00-05:00,GOOGL,170.28716818705817,174.02822245628136,170.1976255515155,173.49093627929688,31615100,0.017684319479728705,1.0176843194797287,AI_Core
2024-12-05 00:00:00-05:00,GOOGL,174.4759419461396,175.17240993472817,171.46121858121353,171.7696533203125,21356200,-0.009921457546423929,0.9900785424535761,AI_Core
2024-12-06 00:00:00-05:00,GOOGL,171.16272669105973,174.19735345650352,170.9935855509351,173.8292236328125,21462400,0.011990303715984973,1.011990303715985,AI_Core
2024-12-09 00:00:00-05:00,GOOGL,173.28134907482925,175.57236409115308,172.9725456881121,174.6858367919922,25389600,0.004927900736582336,1.0049279007365823,AI_Core
2024-12-10 00:00:00-05:00,GOOGL,182.13667521959667,185.63297660419835,180.34369430470025,184.44761657714844,54813000,0.05588191901773998,1.05588191901774,AI_Core
2024-12-11 00:00:00-05:00,GOOGL,184.58707675233347,194.84689801892716,184.1288797897164,194.63771057128906,67894100,0.05524654741135371,1.0552465474113537,AI_Core
2024-12-12 00:00:00-05:00,GOOGL,194.2392695844635,194.4185600761266,190.96211115966233,191.2111358642578,34817500,-0.01760488600576826,0.9823951139942317,AI_Core
2024-12-13 00:00:00-05:00,GOOGL,190.26484320082633,191.97813450480885,188.90019258748762,189.07949829101562,25143500,-0.011148082791346714,0.9888519172086533,AI_Core
2024-12-16 00:00:00-05:00,GOOGL,192.11756882122688,198.22365926952406,191.8685441236521,195.89279174804688,44934900,0.03603401489115865,1.0360340148911586,AI_Core
2024-12-17 00:00:00-05:00,GOOGL,196.48048589662955,200.6342160179093,194.21933739249496,194.65762329101562,43504000,-0.006305328777078678,0.9936946712229213,AI_Core
2024-12-18 00:00:00-05:00,GOOGL,194.45842549322595,196.231480292107,187.00761009122783,187.66502380371094,34166100,-0.03592255658464838,0.9640774434153516,AI_Core
2024-12-19 00:00:00-05:00,GOOGL,190.88240503225677,192.27693717848743,187.64508415062235,187.77456665039062,32265200,0.000583714772520727,1.0005837147725207,AI_Core
2024-12-20 00:00:00-05:00,GOOGL,185.0552429190991,192.13750634222802,184.49742999563804,190.6632843017578,63462900,0.015383966545083672,1.0153839665450837,AI_Core
2024-12-23 00:00:00-05:00,GOOGL,191.86855908689105,194.33889522295496,189.40819366703502,193.8707275390625,25675000,0.01682255316775283,1.0168225531677528,AI_Core
2024-12-24 00:00:00-05:00,GOOGL,194.0799055884088,195.34495544433594,193.02404318868335,195.34495544433594,10403300,0.007604179981097969,1.007604179981098,AI_Core
2024-12-26 00:00:00-05:00,GOOGL,194.38868793025316,195.98245219810025,193.62170274567876,194.83694458007812,12046600,-0.0026005834811668738,0.9973994165188331,AI_Core
2024-12-27 00:00:00-05:00,GOOGL,194.18945436832726,194.558021252894,189.906226569023,192.00799560546875,18891400,-0.014519571638256124,0.9854804283617439,AI_Core
2024-12-30 00:00:00-05:00,GOOGL,189.05957268360805,191.79884463576994,188.3822175336386,190.49395751953125,14264700,-0.007885286657793644,0.9921147133422064,AI_Core
2024-12-31 00:00:00-05:00,GOOGL,190.33456284838633,191.21113466683676,187.77458160553064,188.56150817871094,17466900,-0.0101444127991418,0.9898555872008582,AI_Core
2025-01-02 00:00:00-05:00,GOOGL,189.90625140953068,191.25099101984424,186.76854591781662,188.69100952148438,20370800,0.0006867856755297108,1.0006867856755297,AI_Core
2025-01-03 00:00:00-05:00,GOOGL,190.62343412562188,192.45626758091493,189.23885731709424,191.0417938232422,18596200,0.012458380013543602,1.0124583800135436,AI_Core
2025-01-06 00:00:00-05:00,GOOGL,193.2232644718959,197.44672936937255,193.09378194764346,196.10198974609375,29563600,0.026487376513714134,1.0264873765137141,AI_Core
2025-01-07 00:00:00-05:00,GOOGL,196.34104650196386,200.21587045148732,193.84084384019965,194.7273712158203,26487200,-0.007009712303547966,0.992990287696452,AI_Core
2025-01-08 00:00:00-05:00,GOOGL,191.818753365396,195.52422692104554,191.62949216136246,193.193359375,24864800,-0.007877741229917468,0.9921222587700825,AI_Core
2025-01-10 00:00:00-05:00,GOOGL,193.54199496025797,195.7533354559894,189.5675553775491,191.29080200195312,26665200,-0.009847943941768134,0.9901520560582319,AI_Core
2025-01-13 00:00:00-05:00,GOOGL,189.32851141262705,190.43416651970912,186.62907690279673,190.26483154296875,21823700,-0.00536340716985384,0.9946365928301462,AI_Core
2025-01-14 00:00:00-05:00,GOOGL,190.4939429327445,191.23104632862814,187.57536549994643,188.92010498046875,17174900,-0.007067656968420377,0.9929323430315796,AI_Core
2025-01-15 00:00:00-05:00,GOOGL,192.336729949174,195.5939775570945,191.11153257710336,194.78713989257812,21776000,0.03105564075732392,1.031055640757324,AI_Core
2025-01-16 00:00:00-05:00,GOOGL,193.3826375623353,194.71740642480486,192.05782421701394,192.15744018554688,17815400,-0.013500376403090542,0.9864996235969095,AI_Core
2025-01-17 00:00:00-05:00,GOOGL,195.7632826747639,196.46054874763502,192.9941294144611,195.2353515625,27735100,0.016017653929929043,1.016017653929929,AI_Core
2025-01-21 00:00:00-05:00,GOOGL,198.29341465676947,201.50083912074155,197.09808382134892,197.2773895263672,29971300,0.010459365824500688,1.0104593658245007,AI_Core
2025-01-22 00:00:00-05:00,GOOGL,198.28344103159932,199.6978996202174,196.7594109579838,197.59613037109375,26200600,0.0016156988162292496,1.0016156988162292,AI_Core
2025-01-23 00:00:00-05:00,GOOGL,197.36703633289733,199.51861361447575,194.4385031217372,197.20765686035156,26951400,-0.001965997562870414,0.9980340024371296,AI_Core
2025-01-24 00:00:00-05:00,GOOGL,197.32718592161126,200.11625050908367,197.22756995808922,199.428955078125,23877500,0.011263752397536964,1.011263752397537,AI_Core
2025-01-27 00:00:00-05:00,GOOGL,191.65938720339696,196.11195036774717,189.98593319836488,191.0617218017578,41728900,-0.04195596007154212,0.9580440399284579,AI_Core
2025-01-28 00:00:00-05:00,GOOGL,191.99804618358004,194.71739168696277,189.93611434526252,194.53810119628906,24157900,0.018195059490452303,1.0181950594904523,AI_Core
2025-01-29 00:00:00-05:00,GOOGL,194.79709857472477,196.02229596670227,192.6754030526252,194.64768981933594,18218300,0.0005633272987295435,1.0005633272987295,AI_Core
2025-01-30 00:00:00-05:00,GOOGL,197.22758104242592,200.61431120284323,196.89886658344366,200.0863800048828,24354700,0.027941200795112753,1.0279412007951128,AI_Core
2025-01-31 00:00:00-05:00,GOOGL,201.2119817615517,204.6784017460065,201.01276501748202,203.22410583496094,32001100,0.015681856156333884,1.0156818561563339,AI_Core
2025-02-03 00:00:00-05:00,GOOGL,199.90707487204236,202.9551348332388,199.31938021531738,200.44496154785156,27838300,-0.013675268864837942,0.9863247311351621,AI_Core
2025-02-04 00:00:00-05:00,GOOGL,202.59654903669593,206.24227455727316,202.01880986682883,205.57489013671875,43856400,0.02559270409818981,1.0255927040981898,AI_Core
2025-02-05 00:00:00-05:00,GOOGL,190.32459218887777,191.99803076448742,187.29644352930725,190.5835723876953,70373900,-0.0729238757664099,0.9270761242335901,AI_Core
2025-02-06 00:00:00-05:00,GOOGL,188.76074056252688,191.35060376868358,187.98378464053243,190.85255432128906,29297400,0.0014113594903477633,1.0014113594903478,AI_Core
2025-02-07 00:00:00-05:00,GOOGL,190.3046897826863,190.43417229867478,182.52516013677956,184.61695861816406,49315000,-0.03267231987174635,0.9673276801282537,AI_Core
2025-02-10 00:00:00-05:00,GOOGL,186.61914089319663,187.46581586539978,185.1349480135509,185.74256896972656,23105600,0.006097004088831071,1.006097004088831,AI_Core
2025-02-11 00:00:00-05:00,GOOGL,184.3081687207876,186.21072116923287,183.56109458441756,184.5970458984375,21239500,-0.0061672619133191775,0.9938327380866808,AI_Core
2025-02-12 00:00:00-05:00,GOOGL,182.50524456499636,184.38787090784842,181.12066768003388,182.8937225341797,22072600,-0.009227251476142007,0.990772748523858,AI_Core
2025-02-13 00:00:00-05:00,GOOGL,183.6009567802338,185.5533021151623,182.4255521731024,185.41384887695312,21402500,0.013779184478584172,1.0137791844785842,AI_Core
2025-02-14 00:00:00-05:00,GOOGL,184.33806551853942,185.67283443666003,183.6009620380095,184.5074005126953,20448400,-0.004888784574335503,0.9951112154256645,AI_Core
2025-02-18 00:00:00-05:00,GOOGL,184.87594800082087,185.23454418579348,181.03100592832718,183.05308532714844,29916700,-0.007882150967959745,0.9921178490320403,AI_Core
2025-02-19 00:00:00-05:00,GOOGL,183.35192561125757,184.73650242741212,182.8737872119756,184.5472412109375,19549400,0.008162418465215815,1.0081624184652158,AI_Core
2025-02-20 00:00:00-05:00,GOOGL,184.07905024850896,184.5870551343315,182.00716304475998,183.83998107910156,20441500,-0.0038324069609230182,0.996167593039077,AI_Core
2025-02-21 00:00:00-05:00,GOOGL,184.42769462228776,184.61695583425816,178.38138255149903,178.95912170410156,35199200,-0.026549498897630364,0.9734505011023696,AI_Core
2025-02-24 00:00:00-05:00,GOOGL,181.28003655625,182.40561792977684,178.19212401815724,178.55072021484375,29854200,-0.0022820937282709286,0.9977179062717291,AI_Core
2025-02-25 00:00:00-05:00,GOOGL,177.3454308360551,178.04271218366185,174.0085088406691,174.73565673828125,41913400,-0.021366833311968536,0.9786331666880315,AI_Core
2025-02-26 00:00:00-05:00,GOOGL,174.38701976901885,175.39307405965482,170.9106295738481,172.05613708496094,35431300,-0.015334704452072412,0.9846652955479276,AI_Core
2025-02-27 00:00:00-05:00,GOOGL,173.31123936714644,173.87900779159736,167.28483845921406,167.8426513671875,39991000,-0.024489017300747817,0.9755109826992522,AI_Core
2025-02-28 00:00:00-05:00,GOOGL,168.02194319125016,169.94442183496423,166.11940597917265,169.61570739746094,48130600,0.010563798985721018,1.010563798985721,AI_Core
2025-03-03 00:00:00-05:00,GOOGL,171.25924816477874,172.69363277465732,165.28265575645824,166.3584442138672,40770500,-0.01920378267775047,0.9807962173222495,AI_Core
2025-03-04 00:00:00-05:00,GOOGL,165.5914841182232,172.6139690982364,165.15319817693035,170.2532196044922,45388000,0.023411948873589772,1.0234119488735898,AI_Core
2025-03-05 00:00:00-05:00,GOOGL,169.8547695105912,173.10204608630403,168.40045859307807,172.3450164794922,30954900,0.012286386594387855,1.0122863865943879,AI_Core
2025-03-06 00:00:00-05:00,GOOGL,169.8647356201999,174.12803748089462,169.83485387065045,171.67764282226562,28302000,-0.003872311894240199,0.9961276881057598,AI_Core
2025-03-07 00:00:00-05:00,GOOGL,170.5918843353401,174.28741777289434,169.60575619699736,173.18174743652344,27385800,0.008761214270718964,1.008761214270719,AI_Core
2025-03-10 00:00:00-04:00,GOOGL,167.7966101322015,167.99607150995365,163.23920372577845,165.41319274902344,43604000,-0.04485781442035297,0.955142185579647,AI_Core
2025-03-11 00:00:00-04:00,GOOGL,164.4558560210946,166.29078517095678,160.9255963482493,163.58824157714844,39587400,-0.011032682106825287,0.9889673178931747,AI_Core
2025-03-12 00:00:00-04:00,GOOGL,166.12124110886077,167.17831943801426,163.07963775446962,166.6497802734375,28372400,0.0187149068097614,1.0187149068097614,AI_Core
2025-03-13 00:00:00-04:00,GOOGL,165.58271795856493,165.67248166266438,161.6635485106855,162.31175231933594,31756200,-0.02603080512307765,0.9739691948769224,AI_Core
2025-03-14 00:00:00-04:00,GOOGL,162.82035345635094,166.03148669065808,162.00260445854184,165.03424072265625,31995900,0.016773205663900503,1.0167732056639005,AI_Core
2025-03-17 00:00:00-04:00,GOOGL,164.57550719551887,165.8420138841619,163.21925201833648,163.83753967285156,31184300,-0.007251228863565218,0.9927487711364348,AI_Core
2025-03-18 00:00:00-04:00,GOOGL,163.2292289881846,163.797666550582,156.28840488131223,160.22752380371094,42074800,-0.022034119142347097,0.9779658808576529,AI_Core
2025-03-19 00:00:00-04:00,GOOGL,161.31450558479577,165.41318720526314,160.5566041117451,163.4386444091797,34275600,0.02004100499863304,1.020041004998633,AI_Core
2025-03-20 00:00:00-04:00,GOOGL,161.1250457167365,164.43589456907407,160.51672503978745,162.35165405273438,28138500,-0.006650754846717621,0.9933492451532824,AI_Core
2025-03-21 00:00:00-04:00,GOOGL,160.7660482116765,163.7877026347692,160.44692216012342,163.53839111328125,36625800,0.007309670280053915,1.007309670280054,AI_Core
2025-03-24 00:00:00-04:00,GOOGL,166.60991043967152,167.85646804378672,164.68521758619846,167.2182159423828,30879100,0.022501290394575157,1.0225012903945752,AI_Core
2025-03-25 00:00:00-04:00,GOOGL,168.51462053018605,170.16008551836464,167.85644975168057,170.09027099609375,24174400,0.017175491542742893,1.017175491542743,AI_Core
2025-03-26 00:00:00-04:00,GOOGL,168.53459028680902,169.14291101426645,164.3860428738787,164.60543823242188,28901600,-0.03224659900622906,0.9677534009937709,AI_Core
2025-03-27 00:00:00-04:00,GOOGL,164.1766304631432,164.96444818748884,161.55386834836875,161.793212890625,24508300,-0.017084644176980524,0.9829153558230195,AI_Core
2025-03-28 00:00:00-04:00,GOOGL,160.04802279255455,161.37436185470784,153.20691433431318,153.9049835205078,48669300,-0.04875500788435272,0.9512449921156473,AI_Core
2025-03-31 00:00:00-04:00,GOOGL,152.68834136730996,155.11164193370462,150.24509161947617,154.21412658691406,54603500,0.00200866183365056,1.0020086618336506,AI_Core
2025-04-01 00:00:00-04:00,GOOGL,153.19693997672525,157.66461343058796,153.19693997672525,156.637451171875,30672900,0.01571402463959859,1.0157140246395986,AI_Core
2025-04-02 00:00:00-04:00,GOOGL,154.72270392156926,157.9737354754909,154.2739462849113,156.6074981689453,25041700,-0.00019122504040758326,0.9998087749595924,AI_Core
2025-04-03 00:00:00-04:00,GOOGL,150.69384170810525,152.35924068042604,149.97582338010557,150.30491638183594,46883400,-0.04024444461982446,0.9597555553801755,AI_Core
2025-04-04 00:00:00-04:00,GOOGL,147.60238713771614,150.65397293111235,144.9796402891217,145.19903564453125,62259500,-0.03397015121137925,0.9660298487886207,AI_Core
2025-04-07 00:00:00-04:00,GOOGL,141.1601793715283,152.42906261628312,140.14298415460087,146.34585571289062,76794100,0.007898262294020686,1.0078982622940207,AI_Core
2025-04-08 00:00:00-04:00,GOOGL,150.80354683062922,151.82074204837693,142.63609935843277,144.30149841308594,52200200,-0.013969355605227496,0.9860306443947725,AI_Core
2025-04-09 00:00:00-04:00,GOOGL,144.0222787835972,159.11061702523395,143.51368875470308,158.27293395996094,70406200,0.09682113977000806,1.096821139770008,AI_Core
2025-04-10 00:00:00-04:00,GOOGL,156.10888048544342,157.28563866565491,149.51708388683267,152.39913940429688,48022000,-0.0371118068560603,0.9628881931439397,AI_Core
2025-04-11 00:00:00-04:00,GOOGL,152.47891611104427,157.2357840662013,152.39914981719627,156.70724487304688,33636200,0.02826856821888679,1.0282685682188868,AI_Core
2025-04-14 00:00:00-04:00,GOOGL,159.5593589601424,161.27462328630523,157.12607630131762,158.63192749023438,30333000,0.012282027029105969,1.012282027029106,AI_Core
2025-04-15 00:00:00-04:00,GOOGL,158.6917731015249,159.2103301054895,154.78257030571797,155.87953186035156,27551500,-0.017350830147684237,0.9826491698523158,AI_Core
2025-04-16 00:00:00-04:00,GOOGL,152.67836778458886,155.46067741277207,151.09273508921532,152.90773010253906,28187400,-0.01906473365903394,0.9809352663409661,AI_Core
2025-04-17 00:00:00-04:00,GOOGL,153.86506752718316,154.2539928304109,148.0910202997611,150.7436981201172,33046600,-0.014152534871655575,0.9858474651283444,AI_Core
2025-04-21 00:00:00-04:00,GOOGL,148.46999532680982,148.53979463690146,145.6976525525358,147.26332092285156,26049100,-0.023088044413587028,0.976911955586413,AI_Core
2025-04-22 00:00:00-04:00,GOOGL,148.47995987784566,151.77087479980403,148.13091768280205,151.0528564453125,26971800,0.025733057618917865,1.0257330576189179,AI_Core
2025-04-23 00:00:00-04:00,GOOGL,155.1814586711159,157.09616926384234,153.38641273519517,154.92218017578125,31128800,0.025615693880437274,1.0256156938804373,AI_Core
2025-04-24 00:00:00-04:00,GOOGL,155.719954312099,159.15048293168,155.36094514919478,158.84133911132812,45894000,0.02529759735565329,1.0252975973556533,AI_Core
2025-04-25 00:00:00-04:00,GOOGL,164.61541287682232,165.6425750916004,160.59649729347288,161.51397705078125,56034000,0.016825833592223338,1.0168258335922233,AI_Core
2025-04-28 00:00:00-04:00,GOOGL,161.98265861948803,162.70067694860023,158.16321987401656,160.1676788330078,29745800,-0.00833549047801696,0.991664509521983,AI_Core
2025-04-29 00:00:00-04:00,GOOGL,159.87849612757626,160.29733764803302,157.086204107764,159.71893310546875,26809000,-0.0028017246101625926,0.9971982753898374,AI_Core
2025-04-30 00:00:00-04:00,GOOGL,157.5449218586139,158.83137774482094,154.9720253029664,158.3626708984375,34981100,-0.008491555638777348,0.9915084443612227,AI_Core
2025-05-01 00:00:00-04:00,GOOGL,160.00812396444732,161.5039930234171,158.47237175928248,160.8557891845703,30203200,0.015743093192282176,1.0157430931922822,AI_Core
2025-05-02 00:00:00-04:00,GOOGL,162.95997467027814,164.51567601619934,161.42420728854916,163.57826232910156,25715000,0.0169249310723123,1.0169249310723123,AI_Core
2025-05-05 00:00:00-04:00,GOOGL,162.55110755610633,164.93452502755278,162.2718798770323,163.75778198242188,21341800,0.0010974542140516075,1.0010974542140516,AI_Core
2025-05-06 00:00:00-04:00,GOOGL,161.72337824217448,164.3461400306944,160.74608144554134,162.78045654296875,21277200,-0.005968116004148372,0.9940318839958516,AI_Core
2025-05-07 00:00:00-04:00,GOOGL,163.62814193511582,164.545606521222,147.43285979099062,150.96311950683594,127490100,-0.07259678027142913,0.9274032197285709,AI_Core
2025-05-08 00:00:00-04:00,GOOGL,154.57313616382487,155.5005676767597,152.4789133936082,153.85511779785156,57498700,0.019156985497273515,1.0191569854972735,AI_Core
2025-05-09 00:00:00-04:00,GOOGL,153.74540257435322,154.62298385853498,151.78082688293327,152.32931518554688,32435300,-0.009917139151064291,0.9900828608489357,AI_Core
2025-05-12 00:00:00-04:00,GOOGL,157.0562906900787,158.66185748829406,155.81970007226886,158.02362060546875,44138800,0.03738154676915495,1.037381546769155,AI_Core
2025-05-13 00:00:00-04:00,GOOGL,158.35270013902556,160.12781218093087,155.72995326636035,159.09066772460938,42382100,0.0067524533044631685,1.0067524533044632,AI_Core
2025-05-14 00:00:00-04:00,GOOGL,159.51949150800576,166.5400972975048,159.170449289238,164.91458129882812,48755900,0.036607512291670696,1.0366075122916707,AI_Core
2025-05-15 00:00:00-04:00,GOOGL,165.3832808496498,165.75227223459135,161.92283584781248,163.5084686279297,33146700,-0.008526308952332973,0.991473691047667,AI_Core
2025-05-16 00:00:00-04:00,GOOGL,167.26806720706887,168.88361607338598,165.16387753981013,165.73231506347656,42846900,0.013600802785373345,1.0136008027853733,AI_Core
2025-05-19 00:00:00-04:00,GOOGL,164.05692133905376,166.18106002472402,163.7677267167175,166.08132934570312,30426100,0.0021058915522473853,1.0021058915522474,AI_Core
2025-05-20 00:00:00-04:00,GOOGL,165.9716462897934,168.03595283640126,162.45136908866291,163.5283966064453,46607700,-0.015371581798600653,0.9846284182013993,AI_Core
2025-05-21 00:00:00-04:00,GOOGL,163.2392111991083,172.66318349220677,163.1095643409873,168.09579467773438,73416000,0.027930305476431494,1.0279303054764315,AI_Core
2025-05-22 00:00:00-04:00,GOOGL,171.3767414156938,176.28319020253375,170.23988151650855,170.39942932128906,74864400,0.013704296695649765,1.0137042966956498,AI_Core
2025-05-23 00:00:00-04:00,GOOGL,168.5944139952117,169.49194456610303,167.42763794814334,168.00604248046875,35211400,-0.014045744462603649,0.9859542555373964,AI_Core
2025-05-27 00:00:00-04:00,GOOGL,169.69138381086714,172.69308880696215,169.53182079809207,172.423828125,37995700,0.026295397351823402,1.0262953973518234,AI_Core
2025-05-28 00:00:00-04:00,GOOGL,172.6831300854681,174.7873198647011,171.4365725199691,171.8853302001953,34784000,-0.003123106189327207,0.9968768938106728,AI_Core
2025-05-29 00:00:00-04:00,GOOGL,173.5208248376079,173.9396663818934,170.16011028339477,171.38671875,29317300,-0.00290083772486327,0.9970991622751367,AI_Core
2025-05-30 00:00:00-04:00,GOOGL,170.87811871209726,171.73575093359455,166.97888295989642,171.2670440673828,52639900,-0.000698272792022836,0.9993017272079772,AI_Core
2025-06-02 00:00:00-04:00,GOOGL,167.37777366516244,169.40218193277036,166.92901598525125,168.5644989013672,38612300,-0.015779715126935545,0.9842202848730645,AI_Core
2025-06-03 00:00:00-04:00,GOOGL,167.0287408798973,168.01600469808255,164.82482048675826,165.7223358154297,45084900,-0.016860982617701414,0.9831390173822986,AI_Core
2025-06-04 00:00:00-04:00,GOOGL,166.28081407126308,167.75673398423967,165.90185569784677,167.5872039794922,26900800,0.011252968134237928,1.011252968134238,AI_Core
2025-06-05 00:00:00-04:00,GOOGL,169.87088888051295,170.45926039928958,167.1284622369502,167.74676513671875,36379100,0.0009521082364145617,1.0009521082364146,AI_Core
2025-06-06 00:00:00-04:00,GOOGL,170.35956350392388,174.01945508865876,170.35956350392388,173.2017059326172,35731800,0.032518903070664296,1.0325189030706643,AI_Core
2025-06-09 00:00:00-04:00,GOOGL,174.27002138780236,176.1970440586742,174.1002861656323,175.817626953125,28935900,0.015103321335215414,1.0151033213352154,AI_Core
2025-06-10 00:00:00-04:00,GOOGL,175.92747903926403,180.8298886948226,174.63948090794972,178.3237762451172,61766100,0.01425425502222466,1.0142542550222247,AI_Core
2025-06-11 00:00:00-04:00,GOOGL,179.49195401036374,180.09101684926247,176.47662077845203,177.07569885253906,31646800,-0.006998939899425238,0.9930010601005748,AI_Core
2025-06-12 00:00:00-04:00,GOOGL,175.90749122267417,176.44666452455314,174.47971034788216,175.42823791503906,20941900,-0.009303709928440984,0.990696290071559,AI_Core
2025-06-13 00:00:00-04:00,GOOGL,172.17329464872896,176.85604320367563,172.1233689351953,174.39984130859375,27663100,-0.005862206784197244,0.9941377932158028,AI_Core
2025-06-16 00:00:00-04:00,GOOGL,174.45974398959817,176.66633252587772,174.37986589593493,176.49659729003906,27389200,0.012022694319630656,1.0120226943196307,AI_Core
2025-06-17 00:00:00-04:00,GOOGL,175.4282431183839,177.08567926563504,174.30998028900405,175.6778564453125,24973000,-0.004638847758527076,0.9953611522414729,AI_Core
2025-06-18 00:00:00-04:00,GOOGL,175.73776761612697,176.28692000243774,172.93211615674434,173.05194091796875,28707500,-0.014947333605252577,0.9850526663947474,AI_Core
2025-06-20 00:00:00-04:00,GOOGL,173.68095462694552,174.07035081830173,165.20409556084024,166.38226318359375,75659900,-0.03854147892820581,0.9614585210717942,AI_Core
2025-06-23 00:00:00-04:00,GOOGL,166.0128253516346,167.08116240174218,161.7494257286143,164.9344940185547,57671000,-0.008701463349140348,0.9912985366508597,AI_Core
2025-06-24 00:00:00-04:00,GOOGL,166.66183161080377,167.95982401484335,165.87306016657053,166.51206970214844,40524300,0.009564862056182566,1.0095648620561826,AI_Core
2025-06-25 00:00:00-04:00,GOOGL,167.3707300173257,172.0934098171055,167.29085192583665,170.41600036621094,35479000,0.023445331446817708,1.0234453314468177,AI_Core
2025-06-26 00:00:00-04:00,GOOGL,172.16330733603075,173.4213683331891,169.6771681943881,173.27159118652344,31796700,0.016756588666416716,1.0167565886664167,AI_Core
2025-06-27 00:00:00-04:00,GOOGL,173.27158802075178,178.40363764116194,171.46438989107267,178.25387573242188,108140200,0.028754191681284347,1.0287541916812843,AI_Core
2025-06-30 00:00:00-04:00,GOOGL,180.5003780733202,180.94967899066734,174.30997094439113,175.95741271972656,63378900,-0.012883102840033356,0.9871168971599666,AI_Core
2025-07-01 00:00:00-04:00,GOOGL,175.46818749328466,175.81763700531283,173.26159900853952,175.56802368164062,35904500,-0.0022129731965664368,0.9977870268034336,AI_Core
2025-07-02 00:00:00-04:00,GOOGL,175.26848197683447,178.58335417760583,174.79922295185074,178.3636932373047,29128900,0.015923569093273304,1.0159235690932733,AI_Core
2025-07-03 00:00:00-04:00,GOOGL,178.22391365801445,179.39210218822254,176.7761594232363,179.2523193359375,21689700,0.004982101920543602,1.0049821019205436,AI_Core
2025-07-07 00:00:00-04:00,GOOGL,178.78304908898676,179.0226833705182,175.40827199123135,176.5165557861328,34175600,-0.01526208174008381,0.9847379182599162,AI_Core
2025-07-08 00:00:00-04:00,GOOGL,177.5749242496101,177.67476043779465,172.54271112131266,174.09031677246094,40442500,-0.0137451073802477,0.9862548926197523,AI_Core
2025-07-09 00:00:00-04:00,GOOGL,174.97894087050608,179.1624626362242,172.50278095171484,176.34681701660156,43025600,0.012961664301466724,1.0129616643014667,AI_Core
2025-07-10 00:00:00-04:00,GOOGL,175.35836349959487,178.15402063985096,174.11029683512743,177.34527587890625,29252400,0.005661904644475024,1.005661904644475,AI_Core
2025-07-11 00:00:00-04:00,GOOGL,176.51656530489134,181.14938835134018,176.20704719654847,179.91131591796875,34282900,0.014469176166917563,1.0144691761669176,AI_Core
2025-07-14 00:00:00-04:00,GOOGL,180.7300224544814,183.3859118317051,179.40207776586954,181.2791748046875,32536600,0.00760296193565968,1.0076029619356597,AI_Core
2025-07-15 00:00:00-04:00,GOOGL,182.5272506181519,183.93507346834292,181.31913062189142,181.718505859375,33448300,0.00242350537595315,1.0024235053759531,AI_Core
2025-07-16 00:00:00-04:00,GOOGL,182.95659839065306,184.04490889196538,181.74846312672318,182.68701171875,33104200,0.005329704065058172,1.0053297040650582,AI_Core
2025-07-17 00:00:00-04:00,GOOGL,181.85827589550698,183.77530432362263,180.20083982993623,183.29605102539062,31992600,0.0033337854777450993,1.003333785477745,AI_Core
2025-07-18 00:00:00-04:00,GOOGL,185.11324367348885,186.1316703490662,183.42587032160213,184.77377319335938,34014500,0.008061942195165095,1.008061942195165,AI_Core
2025-07-21 00:00:00-04:00,GOOGL,185.9619330750015,189.99567783258155,185.86208164773134,189.8059844970703,45803100,0.02723444575894929,1.0272344457589493,AI_Core
2025-07-22 00:00:00-04:00,GOOGL,191.20380830960463,191.35357021159422,187.17006365240448,191.04405212402344,44660200,0.006522806065539122,1.0065228060655391,AI_Core
2025-07-23 00:00:00-04:00,GOOGL,191.20381577219638,192.23222149983224,188.88739669642578,189.93577575683594,58681900,-0.005801156093925508,0.9941988439060745,AI_Core
2025-07-24 00:00:00-04:00,GOOGL,196.7252403051011,197.64381545602902,190.70456849752816,191.8727569580078,74881700,0.01019808508141029,1.0101980850814103,AI_Core
2025-07-25 00:00:00-04:00,GOOGL,191.68305419336826,194.02942546808288,190.96416662133603,192.88119506835938,39785900,0.00525576494724711,1.005255764947247,AI_Core
2025-07-28 00:00:00-04:00,GOOGL,193.35047209995227,193.7498625541434,190.54482081320737,192.28213500976562,38139500,-0.0031058499942486772,0.9968941500057513,AI_Core
2025-07-29 00:00:00-04:00,GOOGL,192.13236281084488,195.61697034161693,191.78291329403916,195.44723510742188,41389200,0.016460708102161936,1.016460708102162,AI_Core
2025-07-30 00:00:00-04:00,GOOGL,195.2974741739121,197.2943808004953,194.3888780023715,196.2260284423828,32445400,0.00398467307318473,1.0039846730731847,AI_Core
2025-07-31 00:00:00-04:00,GOOGL,195.40729975764043,195.68686545955075,190.79443520574372,191.60317993164062,51329200,-0.02355879363934421,0.9764412063606558,AI_Core
2025-08-01 00:00:00-04:00,GOOGL,188.73762721302066,190.53484621084553,187.52950724447476,188.8374786376953,34832200,-0.014434527104049355,0.9855654728959506,AI_Core
2025-08-04 00:00:00-04:00,GOOGL,189.9956738002762,194.96798225717674,189.82593856567027,194.7383270263672,31547400,0.031248290494247044,1.031248290494247,AI_Core
2025-08-05 00:00:00-04:00,GOOGL,194.40884314692985,197.55396485726567,193.5901041516216,194.368896484375,31602300,-0.0018970612905705453,0.9981029387094295,AI_Core
2025-08-06 00:00:00-04:00,GOOGL,194.1991754853375,196.3258859841649,193.3704573812648,195.78671264648438,21562900,0.007294460110408352,1.0072944601104084,AI_Core
2025-08-07 00:00:00-04:00,GOOGL,196.75520727948205,197.23446060352177,194.0294340028213,196.21604919433594,26321800,0.002192878883598093,1.002192878883598,AI_Core
2025-08-08 00:00:00-04:00,GOOGL,196.9149587094283,202.29662132319493,196.86503299798275,201.10845947265625,39161800,0.024933792614868056,1.024933792614868,AI_Core
2025-08-11 00:00:00-04:00,GOOGL,200.62921267003748,201.16837075965444,198.76210983585918,200.68911743164062,25832400,-0.0020851536634273193,0.9979148463365727,AI_Core
2025-08-12 00:00:00-04:00,GOOGL,201.0585431482033,204.18370696130674,200.27975076589462,203.02549743652344,30397900,0.011641787231829515,1.0116417872318295,AI_Core
2025-08-13 00:00:00-04:00,GOOGL,203.81427054832747,204.21364576160173,197.2044995517677,201.6476287841797,28342900,-0.006786677879090264,0.9932133221209097,AI_Core
2025-08-14 00:00:00-04:00,GOOGL,201.18833871082708,204.12379383237695,200.91875205563483,202.62611389160156,25230400,0.004852450352734516,1.0048524503527345,AI_Core
2025-08-15 00:00:00-04:00,GOOGL,203.534714766441,206.12070520105007,200.96868242883633,203.58462524414062,34931400,0.004730443347750413,1.0047304433477504,AI_Core
2025-08-18 00:00:00-04:00,GOOGL,203.88415594549542,204.9525082638803,202.17680937496152,203.18524169921875,18526600,-0.001961756907934098,0.9980382430920659,AI_Core
2025-08-19 00:00:00-04:00,GOOGL,202.7159730378366,203.1253425488118,199.65072931767816,201.25823974609375,24240200,-0.00948396614345448,0.9905160338565455,AI_Core
2025-08-20 00:00:00-04:00,GOOGL,200.41952632200108,200.9686786831588,196.29592455953664,199.01171875,28955500,-0.011162380228148416,0.9888376197718516,AI_Core
2025-08-21 00:00:00-04:00,GOOGL,199.44105529785156,202.1668286588479,199.12154291514705,199.44105529785156,19774600,0.0021573430476768962,1.002157343047677,AI_Core
2025-08-22 00:00:00-04:00,GOOGL,202.41643648326647,208.21744781149425,200.98865555430208,205.771240234375,42827000,0.03173962816767961,1.0317396281676796,AI_Core
2025-08-25 00:00:00-04:00,GOOGL,206.11069972619865,210.19438514977915,204.9624845680577,208.1675262451172,29928900,0.011645388383783928,1.011645388383784,AI_Core
2025-08-26 00:00:00-04:00,GOOGL,207.18903343187435,207.52851912382437,205.3818354433132,206.81961059570312,28464100,-0.00647514851969222,0.9935248514803078,AI_Core
2025-08-27 00:00:00-04:00,GOOGL,205.38184246485358,208.58688428789492,205.3319167524022,207.15908813476562,23022900,0.0016414185196689246,1.001641418519669,AI_Core
2025-08-28 00:00:00-04:00,GOOGL,206.92944327697995,211.8917573213033,206.57997853322107,211.31265258789062,32339300,0.020050119405927047,1.020050119405927,AI_Core
2025-08-29 00:00:00-04:00,GOOGL,210.1844065843309,214.31800279201352,209.87488848734807,212.58070373535156,39728400,0.006000829254336759,1.0060008292543368,AI_Core
2025-09-02 00:00:00-04:00,GOOGL,208.11761422314743,211.3525932568575,205.88107328271496,211.0231170654297,47523000,-0.007327036944336007,0.992672963055664,AI_Core
2025-09-03 00:00:00-04:00,GOOGL,225.86013881710127,230.95224175670688,224.4423216543269,230.30325317382812,103336100,0.09136504273330615,1.0913650427333061,AI_Core
2025-09-04 00:00:00-04:00,GOOGL,229.2947939629136,232.01058815431742,225.76027598883607,231.94070434570312,51684200,0.007109978471034006,1.007109978471034,AI_Core
2025-09-05 00:00:00-04:00,GOOGL,231.84086323662245,235.39535470067108,231.5413241866342,234.63653564453125,46588900,0.011622933139023406,1.0116229331390234,AI_Core
2025-09-08 00:00:00-04:00,GOOGL,235.31608185012894,237.97434675109136,233.5172554040335,233.8870086669922,32474700,-0.003194417167301622,0.9968055828326984,AI_Core
2025-09-09 00:00:00-04:00,GOOGL,234.0169206603603,240.3128053844981,233.07753270088136,239.47335815429688,38061000,0.02388482164590222,1.0238848216459022,AI_Core
2025-09-10 00:00:00-04:00,GOOGL,238.74382884116824,241.50203443312756,237.6945274082077,239.01365661621094,35141100,-0.0019196354100891044,0.9980803645899109,AI_Core
2025-09-11 00:00:00-04:00,GOOGL,239.7232054178332,242.09165136894262,236.09557331646107,240.21287536621094,30599300,0.005017364978125993,1.005017364978126,AI_Core
2025-09-12 00:00:00-04:00,GOOGL,240.21286654309478,241.92175543476245,237.84442067897936,240.64259338378906,26771600,0.0017889050156991715,1.0017889050156992,AI_Core
2025-09-15 00:00:00-04:00,GOOGL,244.5000723057695,252.24500622225327,244.5000723057695,251.44552612304688,58383800,0.04489202259397507,1.044892022593975,AI_Core
2025-09-16 00:00:00-04:00,GOOGL,251.91521585326547,252.87457975705254,249.30692141357196,250.99581909179688,34109700,-0.0017884869068218734,0.9982115130931781,AI_Core
2025-09-17 00:00:00-04:00,GOOGL,251.0557800198683,251.43553649547647,246.11900683222018,249.36688232421875,34108000,-0.006489896020867025,0.993510103979133,AI_Core
2025-09-18 00:00:00-04:00,GOOGL,251.51547232528497,253.82397511354577,249.6367116291099,251.86524963378906,31239500,0.010018841661267652,1.0100188416612677,AI_Core
2025-09-19 00:00:00-04:00,GOOGL,253.08445699569828,255.83265939150547,251.64539584681071,254.55349731445312,55571400,0.010673356823034386,1.0106733568230344,AI_Core
2025-09-22 00:00:00-04:00,GOOGL,254.2636811395151,255.6128047936517,250.13639113793755,252.36492919921875,32290500,-0.008597674509774333,0.9914023254902257,AI_Core
2025-09-23 00:00:00-04:00,GOOGL,252.8745862102155,254.1937306726042,250.31626206974443,251.49549865722656,26628000,-0.00344513219309428,0.9965548678069057,AI_Core
2025-09-24 00:00:00-04:00,GOOGL,251.49550432970327,252.18505574615793,246.2789151995329,246.97845458984375,28201000,-0.017960735247747994,0.982039264752252,AI_Core
2025-09-25 00:00:00-04:00,GOOGL,244.24022750230412,246.32887284028934,240.58263166512353,245.6293182373047,31020400,-0.005462566986984996,0.994537433013015,AI_Core
2025-09-26 00:00:00-04:00,GOOGL,246.90849752367055,249.25695217808112,245.80921049475367,246.3788299560547,18503200,0.0030513935556579774,1.003051393555658,AI_Core
2025-09-29 00:00:00-04:00,GOOGL,247.6879914773483,250.98582213384148,242.61131034259105,243.89047241210938,32505800,-0.010099721410273599,0.9899002785897264,AI_Core
2025-09-30 00:00:00-04:00,GOOGL,242.65128209661555,243.13096406959585,239.09361157011617,242.94110107421875,34724300,-0.0038926134690757674,0.9961073865309242,AI_Core
2025-10-01 00:00:00-04:00,GOOGL,240.59263270567308,246.13900797357311,238.45403213601972,244.7399139404297,31658200,0.007404316759317631,1.0074043167593176,AI_Core
2025-10-02 00:00:00-04:00,GOOGL,244.98974812584623,246.64866670301694,242.14162021805868,245.52940368652344,25483300,0.003225831591515238,1.0032258315915152,AI_Core
2025-10-03 00:00:00-04:00,GOOGL,244.33018254314118,246.138996907564,241.5020306823554,245.1896209716797,30249600,-0.0013838778970748367,0.9986161221029252,AI_Core
2025-10-06 00:00:00-04:00,GOOGL,244.61999567020933,251.1557292673991,244.42012945214807,250.26629638671875,28894700,0.020705099159256113,1.0207050991592561,AI_Core
2025-10-07 00:00:00-04:00,GOOGL,248.10771903747053,250.27629875611288,245.35951661425605,245.59934997558594,23181300,-0.018647922147380647,0.9813520778526194,AI_Core
2025-10-08 00:00:00-04:00,GOOGL,244.79988761332393,245.84918907751907,243.66063338889384,244.46009826660156,21307100,-0.004638659300595149,0.9953613406994049,AI_Core
2025-10-09 00:00:00-04:00,GOOGL,244.3101967172578,244.60000044134677,238.99366696134817,241.3721160888672,27892100,-0.012631845440750467,0.9873681545592495,AI_Core
2025-10-10 00:00:00-04:00,GOOGL,241.27216783484693,243.93043262992407,235.6858257251368,236.4153594970703,33180300,-0.020535746515027986,0.979464253484972,AI_Core
2025-10-13 00:00:00-04:00,GOOGL,240.05299046060216,244.34017953936018,239.55331729181,243.9904022216797,24995000,0.03204124613867676,1.0320412461386768,AI_Core
2025-10-14 00:00:00-04:00,GOOGL,241.07230809804528,246.95845730298234,240.35277752895155,245.28955078125,22111600,0.005324588786037365,1.0053245887860374,AI_Core
2025-10-15 00:00:00-04:00,GOOGL,247.0883778879278,251.94520161834686,245.82920701293574,250.86590576171875,27007700,0.022733764902369558,1.0227337649023696,AI_Core
2025-10-16 00:00:00-04:00,GOOGL,251.60541868813706,256.79201310331337,249.93651222042618,251.29562377929688,27997200,0.0017129390949852663,1.0017129390949853,AI_Core
2025-10-17 00:00:00-04:00,GOOGL,250.59608169913423,254.05382673080507,247.64801305801078,253.13442993164062,29671600,0.007317302723738317,1.0073173027237383,AI_Core
2025-10-20 00:00:00-04:00,GOOGL,254.52352413042843,257.1617826336821,254.06381810029453,256.3822937011719,22350200,0.012830588752420269,1.0128305887524203,AI_Core
2025-10-21 00:00:00-04:00,GOOGL,254.5734808325197,254.71338870395212,243.99039197294186,250.29627990722656,47312100,-0.02373804253829992,0.9762619574617001,AI_Core
2025-10-22 00:00:00-04:00,GOOGL,254.20372304336274,256.19241249616164,249.12704181794433,251.52548217773438,35029400,0.004910988972602448,1.0049109889726024,AI_Core
2025-10-23 00:00:00-04:00,GOOGL,252.81462530948346,254.8732762688867,251.68537434804077,252.91456604003906,19901400,0.00552263671369535,1.0055226367136954,AI_Core
2025-10-24 00:00:00-04:00,GOOGL,256.412278354529,261.5089509442133,255.1531226659378,259.7501220703125,28655100,0.027027134645899675,1.0270271346458997,AI_Core
2025-10-27 00:00:00-04:00,GOOGL,264.6468909460984,269.9634205104271,264.10723541197956,269.0939636230469,35235200,0.03597242410613788,1.0359724241061379,AI_Core
2025-10-28 00:00:00-04:00,GOOGL,269.5137161039883,270.5530448339537,266.3257988486908,267.295166015625,29738600,-0.006684644958969366,0.9933153550410306,AI_Core
2025-10-29 00:00:00-04:00,GOOGL,267.57498405043395,275.1600191542769,267.49504976173847,274.3905334472656,43580300,0.026545064534484908,1.026545064534485,AI_Core
2025-10-30 00:00:00-04:00,GOOGL,291.3993974290424,291.3993974290424,279.87693527724974,281.2960205078125,74876000,0.025166637397401326,1.0251666373974013,AI_Core
2025-10-31 00:00:00-04:00,GOOGL,283.02486366213384,285.81304844327684,276.8489107040144,281.0061950683594,39267900,-0.0010303218613968435,0.9989696781386032,AI_Core
2025-11-03 00:00:00-05:00,GOOGL,281.9955439895644,285.3433603410046,279.61709481156873,283.5345458984375,29786000,0.008997491423500703,1.0089974914235007,AI_Core
2025-11-04 00:00:00-05:00,GOOGL,276.56908942406625,281.0861237356038,276.07941949471564,277.35858154296875,30078400,-0.021782052468770408,0.9782179475312296,AI_Core
2025-11-05 00:00:00-05:00,GOOGL,278.6876991693174,286.23278206992967,277.15870054271744,284.1241455078125,31010300,0.02439284166801814,1.0243928416680181,AI_Core
2025-11-06 00:00:00-05:00,GOOGL,285.14348075532007,288.1615262521665,280.9562476047489,284.5638732910156,37173600,0.0015476607326603276,1.0015476607326603,AI_Core
2025-11-07 00:00:00-05:00,GOOGL,283.0248465894465,283.59448127875606,275.0101005397699,278.647705078125,34479600,-0.020790299711869298,0.9792097002881307,AI_Core
2025-11-10 00:00:00-05:00,GOOGL,284.23409016650885,290.6098939896417,282.6750818691635,289.9103698730469,29557300,0.040419011496126034,1.040419011496126,AI_Core
2025-11-11 00:00:00-05:00,GOOGL,287.56189748708465,291.72918497214437,287.1321858980205,291.11956787109375,19842100,0.004170937378253692,1.0041709373782537,AI_Core
2025-11-12 00:00:00-05:00,GOOGL,291.4893355792204,291.8191369528623,283.504568014819,286.5225830078125,24829900,-0.015790710658504348,0.9842092893414957,AI_Core
2025-11-13 00:00:00-05:00,GOOGL,282.15543354563385,282.65510670070455,277.0587612643864,278.3879089355469,29494000,-0.028391039850579003,0.971608960149421,AI_Core
2025-11-14 00:00:00-05:00,GOOGL,271.23257767900105,278.3778974858086,270.52305035910666,276.22930908203125,31647200,-0.007753928185205039,0.992246071814795,AI_Core
2025-11-17 00:00:00-05:00,GOOGL,285.59319216713175,293.7578650793077,283.38464532335746,284.83367919921875,52670200,0.031149374212974257,1.0311493742129743,AI_Core
2025-11-18 00:00:00-05:00,GOOGL,287.7318125744744,288.61121173854644,278.0181648979437,284.09417724609375,49158700,-0.0025962588244621276,0.9974037411755379,AI_Core
2025-11-19 00:00:00-05:00,GOOGL,286.9722907427786,303.6114007455407,286.44263841708545,292.61859130859375,68198900,0.03000559231847899,1.030005592318479,AI_Core
2025-11-20 00:00:00-05:00,GOOGL,304.3409354639468,306.2197114167213,288.48131431646567,289.26080322265625,62025200,-0.011474964973761326,0.9885250350262387,AI_Core
2025-11-21 00:00:00-05:00,GOOGL,296.2262391249899,303.7213362601199,293.6579118539212,299.464111328125,74137700,0.03527373218836982,1.0352737321883698,AI_Core
2025-11-24 00:00:00-05:00,GOOGL,310.9266228942269,319.27117069793417,309.39762425695875,318.3717346191406,85165100,0.06313819444727531,1.0631381944472753,AI_Core
2025-11-25 00:00:00-05:00,GOOGL,325.9967549915166,328.6150374741804,317.4423529194355,323.22857666015625,88632100,0.015255255140113944,1.015255255140114,AI_Core
2025-11-26 00:00:00-05:00,GOOGL,320.4703785574214,324.287888914303,316.58293713459693,319.7408752441406,51373400,-0.010790201324564874,0.9892097986754351,AI_Core
2025-11-28 00:00:00-05:00,GOOGL,323.15862038246837,326.6363566172421,316.5829348985448,319.970703125,26018600,0.0007187941819570831,1.000718794181957,AI_Core
2025-12-01 00:00:00-05:00,GOOGL,317.49233426982363,319.6409227326276,313.684827275924,314.6841735839844,41183000,-0.01652191744239284,0.9834780825576072,AI_Core
2025-12-02 00:00:00-05:00,GOOGL,316.5329308632399,318.17187340075924,313.7047943107319,315.6035461425781,35854700,0.002921572280305318,1.0029215722803053,AI_Core
2025-12-03 00:00:00-05:00,GOOGL,315.68353592029735,321.369788644051,313.89469739870816,319.42108154296875,41838300,0.012095983860288984,1.012095983860289,AI_Core
2025-12-04 00:00:00-05:00,GOOGL,322.0193865832628,322.14927599125497,314.4943097586067,317.4123840332031,31240900,-0.0062885564724237675,0.9937114435275762,AI_Core
2025-12-05 00:00:00-05:00,GOOGL,319.28113189003057,322.9487461411032,318.961364259978,321.0599670410156,28851700,0.011491621597949253,1.0114916215979493,AI_Core
2025-12-08 00:00:00-05:00,GOOGL,320.04998779296875,320.44000244140625,311.2200012207031,313.7200012207031,33909400,-0.022861666273624293,0.9771383337263757,AI_Core
2025-12-09 00:00:00-05:00,GOOGL,312.3699951171875,317.989990234375,311.8999938964844,317.0799865722656,30194000,0.010710140693894532,1.0107101406938945,AI_Core
2025-12-10 00:00:00-05:00,GOOGL,315.8299865722656,321.30999755859375,314.67999267578125,320.2099914550781,33428900,0.009871341665706579,1.0098713416657066,AI_Core
2025-12-11 00:00:00-05:00,GOOGL,320.0799865722656,321.1199951171875,308.6000061035156,312.42999267578125,42353700,-0.024296552221695134,0.9757034477783049,AI_Core
2025-12-12 00:00:00-05:00,GOOGL,313.70001220703125,314.8699951171875,305.55999755859375,309.2900085449219,35940200,-0.010050200699258216,0.9899497993007418,AI_Core
2025-12-15 00:00:00-05:00,GOOGL,311.32000732421875,311.4200134277344,304.8800048828125,308.2200012207031,29151900,-0.003459559942633361,0.9965404400573666,AI_Core
2025-12-16 00:00:00-05:00,GOOGL,304.95001220703125,310.7699890136719,302.5899963378906,306.57000732421875,30585000,-0.005353299234149622,0.9946467007658504,AI_Core
2025-12-17 00:00:00-05:00,GOOGL,308.010009765625,308.0899963378906,296.1199951171875,296.7200012207031,43930400,-0.03212971219685745,0.9678702878031425,AI_Core
2025-12-18 00:00:00-05:00,GOOGL,301.7200012207031,303.9599914550781,299.2300109863281,302.4599914550781,33518000,0.019344803891752305,1.0193448038917523,AI_Core
2025-12-19 00:00:00-05:00,GOOGL,301.7300109863281,307.25,300.9700012207031,307.1600036621094,59943200,0.015539285656990032,1.01553928565699,AI_Core
2025-12-22 00:00:00-05:00,GOOGL,309.8800048828125,310.1300048828125,305.29998779296875,309.7799987792969,26429900,0.008529740480370585,1.0085297404803706,AI_Core
2025-12-23 00:00:00-05:00,GOOGL,309.6300048828125,314.94000244140625,309.32000732421875,314.3500061035156,25478700,0.014752428633956649,1.0147524286339566,AI_Core
2025-12-24 00:00:00-05:00,GOOGL,314.7699890136719,315.0799865722656,311.9200134277344,314.0899963378906,10097400,-0.0008271345970306543,0.9991728654029693,AI_Core
2025-12-26 00:00:00-05:00,GOOGL,314.4800109863281,315.0899963378906,312.2799987792969,313.510009765625,10899000,-0.0018465617467220419,0.998153438253278,AI_Core
2025-12-29 00:00:00-05:00,GOOGL,311.3699951171875,314.0199890136719,310.6199951171875,313.55999755859375,19621800,0.00015944560432412658,1.0001594456043241,AI_Core
2025-12-30 00:00:00-05:00,GOOGL,312.5,316.95001220703125,312.4599914550781,313.8500061035156,17380900,0.0009248901236762475,1.0009248901236762,AI_Core
