Date,Ticker,Open,High,Low,Close,Volume,Daily_Return,Log_Return,Category
2021-01-04 00:00:00-05:00,META,272.87388692508046,273.0923620269373,263.3603554297846,267.07440185546875,15106100,,,AI_Core
2021-01-05 00:00:00-05:00,META,266.4289601887683,270.5104357887981,266.34949815378604,269.0903625488281,9871600,0.0075483111797824964,1.0075483111797825,AI_Core
2021-01-06 00:00:00-05:00,META,260.18254915137,265.89266234839437,258.2063631514997,261.48345947265625,24354100,-0.028268953983038192,0.9717310460169618,AI_Core
2021-01-07 00:00:00-05:00,META,264.05549761855696,269.72587997913473,262.94327168855403,266.87579345703125,15789800,0.020622084453257195,1.0206220844532572,AI_Core
2021-01-08 00:00:00-05:00,META,266.44878529422607,267.0843602903066,261.3543662192144,265.71392822265625,18528300,-0.004353580440266014,0.995646419559734,AI_Core
2021-01-11 00:00:00-05:00,META,258.67309874273616,261.6423478463724,254.12485257045407,255.05833435058594,30412300,-0.04010175132084681,0.9598982486791532,AI_Core
2021-01-12 00:00:00-05:00,META,254.8497835250912,257.91834481107315,248.5636923990969,249.34820556640625,26383500,-0.02238754047664615,0.9776124595233538,AI_Core
2021-01-13 00:00:00-05:00,META,249.80503713335122,252.188382619965,247.4713326816302,249.8944091796875,19528900,0.0021905255425460624,1.002190525542546,AI_Core
2021-01-14 00:00:00-05:00,META,251.6421841179755,253.26088182402776,242.9131661140982,243.93601989746094,29739400,-0.02384362780178151,0.9761563721982185,AI_Core
2021-01-15 00:00:00-05:00,META,246.1803582278421,252.09902149522745,245.44550116665312,249.61636352539062,24942900,0.023286202793328492,1.0232862027933285,AI_Core
2021-01-19 00:00:00-05:00,META,255.11791059696782,260.38116333981225,250.9669140103909,259.2887878417969,28028500,0.03874915962960257,1.0387491596296026,AI_Core
2021-01-20 00:00:00-05:00,META,267.064434937094,268.44480710364064,261.7714222910091,265.62451171875,25199900,0.024435009047976353,1.0244350090479764,AI_Core
2021-01-21 00:00:00-05:00,META,267.3921687234662,271.70205875894015,265.634427714856,270.97711181640625,20838700,0.020151002115812666,1.0201510021158127,AI_Core
2021-01-22 00:00:00-05:00,META,270.1231077356851,276.5382869759463,270.1131674066485,272.5958251953125,21954000,0.005973616620443378,1.0059736166204434,AI_Core
2021-01-25 00:00:00-05:00,META,276.2106155172923,278.1570109214201,269.626601592223,276.0815124511719,19087000,0.01278701628450074,1.0127870162845007,AI_Core
2021-01-26 00:00:00-05:00,META,276.21062473395097,283.41033323994316,275.88289689272744,280.0934753417969,19373600,0.014531805679435239,1.0145318056794352,AI_Core
2021-01-27 00:00:00-05:00,META,280.57013844262696,281.4837699008926,266.26009441224045,270.2522277832031,35346200,-0.035135583028431894,0.9648644169715681,AI_Core
2021-01-28 00:00:00-05:00,META,275.25724544437986,284.800598380068,262.8638363318904,263.1617431640625,37758800,-0.026236544569129827,0.9737634554308702,AI_Core
2021-01-29 00:00:00-05:00,META,263.45964586527754,264.71091515254716,253.08215396222317,256.5379943847656,30389500,-0.025169877276452923,0.9748301227235471,AI_Core
2021-02-01 00:00:00-05:00,META,257.7196963932303,262.3374635439147,253.14169055369038,260.19244384765625,22914300,0.014245256230582148,1.0142452562305821,AI_Core
2021-02-02 00:00:00-05:00,META,262.16867372961775,266.9850361074179,261.44372671411134,265.227294921875,17320800,0.019350489198551424,1.0193504891985514,AI_Core
2021-02-03 00:00:00-05:00,META,263.7774390975395,267.3326222811993,262.0097878354705,264.80029296875,14223400,-0.001609947246382637,0.9983900527536174,AI_Core
2021-02-04 00:00:00-05:00,META,265.157769593735,266.2997860181599,262.168640172673,264.641357421875,16060000,-0.0006002091051076075,0.9993997908948924,AI_Core
2021-02-05 00:00:00-05:00,META,264.94923410714415,267.3028192101267,263.82709821386266,266.240234375,12454400,0.006041674546643838,1.0060416745466438,AI_Core
2021-02-08 00:00:00-05:00,META,266.8857343995216,267.98802000221724,263.16174740790035,264.73077392578125,13755200,-0.005669542970326069,0.9943304570296739,AI_Core
2021-02-09 00:00:00-05:00,META,264.59177204978135,271.49357368908437,263.9065559898149,267.5809020996094,14613400,0.010766138486896004,1.010766138486896,AI_Core
2021-02-10 00:00:00-05:00,META,270.56012457952625,271.90073587094,265.8629239761693,269.984130859375,14687200,0.008981316457596034,1.008981316457596,AI_Core
2021-02-11 00:00:00-05:00,META,270.0039992694149,271.6822483903936,266.62755975361455,268.514404296875,12828600,-0.005443751667261965,0.994556248332738,AI_Core
2021-02-12 00:00:00-05:00,META,268.6434160254985,269.2988413011865,266.4785457640893,268.6235656738281,9097600,0.0004065382534652606,1.0004065382534653,AI_Core
2021-02-16 00:00:00-05:00,META,268.9214954462222,274.68128004000954,268.17669806558547,272.06951904296875,15417200,0.012828187134277025,1.012828187134277,AI_Core
2021-02-17 00:00:00-05:00,META,269.35844805841447,272.0695214581162,267.70995953793226,271.67230224609375,12763200,-0.0014599827215935335,0.9985400172784065,AI_Core
2021-02-18 00:00:00-05:00,META,267.70007590425774,270.0635713617295,264.18462340424156,267.5213317871094,15249100,-0.015279328899801548,0.9847206711001985,AI_Core
2021-02-19 00:00:00-05:00,META,267.9880178207571,268.3951773652327,258.34538273459236,259.74560546875,25622600,-0.029065817915960523,0.9709341820840395,AI_Core
2021-02-22 00:00:00-05:00,META,256.1606138777245,261.2450916067546,255.74351408166407,258.5240783691406,17434900,-0.0047027825452713445,0.9952972174547287,AI_Core
2021-02-23 00:00:00-05:00,META,257.69985037363546,265.60462342546225,253.191350988149,264.0157165527344,21924600,0.021242269649453638,1.0212422696494536,AI_Core
2021-02-24 00:00:00-05:00,META,260.5102862251556,264.5322108365345,256.5976446434324,262.4765625,15736100,-0.005829781926739774,0.9941702180732602,AI_Core
2021-02-25 00:00:00-05:00,META,260.480444082425,265.08827150301914,252.2777481716755,252.92324829101562,19053100,-0.036396827655743036,0.963603172344257,AI_Core
2021-02-26 00:00:00-05:00,META,254.6909301136926,263.7079309890507,254.6909301136926,255.83294677734375,26619500,0.011504274541738413,1.0115042745417384,AI_Core
2021-03-01 00:00:00-05:00,META,259.0107326162491,264.8002773245595,256.11097494456624,263.0723571777344,22157300,0.0282974123997064,1.0282974123997064,AI_Core
2021-03-02 00:00:00-05:00,META,263.9363364333064,264.8598779371174,256.85579095898794,257.203369140625,15191700,-0.022309406051142955,0.977690593948857,AI_Core
2021-03-03 00:00:00-05:00,META,258.4844284037407,259.1795544591081,253.33042797944327,253.63827514648438,15513500,-0.013860992591397281,0.9861390074086027,AI_Core
2021-03-04 00:00:00-05:00,META,254.6909316482942,264.64141445272037,251.74153259851408,255.8528289794922,31626500,0.008731150027450951,1.008731150027451,AI_Core
2021-03-05 00:00:00-05:00,META,258.8617429438541,263.6085828239285,253.83683148586977,262.4466857910156,26820100,0.025772069192371294,1.0257720691923713,AI_Core
2021-03-08 00:00:00-05:00,META,263.7078969878338,263.7376876689268,253.28074947590162,253.5389404296875,18391800,-0.03394116155241256,0.9660588384475874,AI_Core
2021-03-09 00:00:00-05:00,META,259.3681806663693,266.6671995974328,258.0076892388815,263.89654541015625,22039700,0.0408521269471076,1.0408521269471076,AI_Core
2021-03-10 00:00:00-05:00,META,266.7764540911978,267.1041515407455,261.04646128800994,263.0623779296875,14210300,-0.0031609640026635244,0.9968390359973365,AI_Core
2021-03-11 00:00:00-05:00,META,266.2501095648282,275.97220493665156,265.96214311161896,271.9801025390625,21834000,0.03389965786654048,1.0338996578665405,AI_Core
2021-03-12 00:00:00-05:00,META,267.2730343215098,267.86884797479286,262.1885254683939,266.53814697265625,20600200,-0.0200086532639816,0.9799913467360184,AI_Core
2021-03-15 00:00:00-04:00,META,267.2134253470967,274.0457048286008,266.63746204114943,271.8510437011719,16844800,0.0199329694036654,1.0199329694036654,AI_Core
2021-03-16 00:00:00-04:00,META,274.1648374392851,280.1828274899557,272.89371792930007,277.3426513671875,22437700,0.020200796698254253,1.0202007966982543,AI_Core
2021-03-17 00:00:00-04:00,META,273.7974438086778,284.24448797008944,273.49953697383603,282.0398864746094,21315000,0.016936576773411538,1.0169365767734115,AI_Core
2021-03-18 00:00:00-04:00,META,277.92861547763636,283.211719403557,276.3496484982736,276.6872863769531,18728300,-0.018978167111615707,0.9810218328883843,AI_Core
2021-03-19 00:00:00-04:00,META,279.26921858795276,290.76887646170974,279.2493682351889,288.0975341796875,38930500,0.04123878603944697,1.041238786039447,AI_Core
2021-03-22 00:00:00-04:00,META,288.4352224866444,297.6309672357557,284.7608764742998,291.5037841796875,28273100,0.011823252877532386,1.0118232528775324,AI_Core
2021-03-23 00:00:00-04:00,META,291.11646090364803,295.9328233174748,287.79963356760106,288.61395263671875,23000900,-0.009913530114543545,0.9900864698854565,AI_Core
2021-03-24 00:00:00-04:00,META,288.98135511711854,289.69636174407646,279.2096180859463,280.1828308105469,18675000,-0.029212454038160196,0.9707875459618398,AI_Core
2021-03-25 00:00:00-04:00,META,279.0309091806208,286.06178331046056,275.82330413065733,276.8064270019531,24505600,-0.01205071630844079,0.9879492836915592,AI_Core
2021-03-26 00:00:00-04:00,META,276.3694427158467,282.5264459269405,275.84312049630233,281.05670166015625,17629200,0.015354681985664698,1.0153546819856647,AI_Core
2021-03-29 00:00:00-04:00,META,283.7876255653244,291.1462266275226,282.7250711018045,288.8026123046875,21718800,0.02755995711462278,1.0275599571146228,AI_Core
2021-03-30 00:00:00-04:00,META,287.819489559495,290.44119091458725,284.7112272475432,286.002197265625,17474500,-0.009696640264832745,0.9903033597351673,AI_Core
2021-03-31 00:00:00-04:00,META,287.9783924701882,294.44324370782823,286.60796038240426,292.4869079589844,19498200,0.02267363941731082,1.0226736394173108,AI_Core
2021-04-01 00:00:00-04:00,META,296.33005070789403,300.3023034795974,294.54254908298094,296.5882568359375,17616000,0.014022333189450897,1.014022333189451,AI_Core
2021-04-05 00:00:00-04:00,META,298.80279507741744,308.6142338487392,298.5942299891719,306.76715087890625,28237000,0.034319949655320814,1.0343199496553208,AI_Core
2021-04-06 00:00:00-04:00,META,306.697587369966,309.1901853123323,303.132494672926,304.135498046875,17335200,-0.008578665689893517,0.9914213343101065,AI_Core
2021-04-07 00:00:00-04:00,META,304.2149752941855,312.07010879752124,303.3808058477096,310.91815185546875,22855200,0.022301421084191864,1.0223014210841919,AI_Core
2021-04-08 00:00:00-04:00,META,312.6659554448147,313.6888093314046,307.8992338881179,310.8486328125,20894100,-0.00022359274475891588,0.9997764072552411,AI_Core
2021-04-09 00:00:00-04:00,META,309.23980561783935,312.5566323311916,308.1772209568356,310.2924499511719,15988600,-0.0017892401722854334,0.9982107598277146,AI_Core
2021-04-12 00:00:00-04:00,META,308.89228469218745,309.9846602325345,305.7939324729359,309.37890625,10881900,-0.00294413770401325,0.9970558622959868,AI_Core
2021-04-13 00:00:00-04:00,META,310.04422299179186,312.2488242933257,307.17428638234855,307.6112365722656,14036900,-0.005713607624903694,0.9942863923750963,AI_Core
2021-04-14 00:00:00-04:00,META,305.16826342390004,305.8932103611847,299.8554003462069,300.7193603515625,17421400,-0.022404500880721434,0.9775954991192786,AI_Core
2021-04-15 00:00:00-04:00,META,304.2149784475269,307.98863680837684,301.99052656720033,305.6847229003906,14558300,0.016511615823548098,1.016511615823548,AI_Core
2021-04-16 00:00:00-04:00,META,306.03227702070234,306.8068650471184,302.4969444090367,304.0560607910156,13059200,-0.0053279146367603,0.9946720853632397,AI_Core
2021-04-19 00:00:00-04:00,META,302.8942064698286,305.56554881533964,298.4750632513306,300.1434020996094,14553500,-0.01286821476680089,0.9871317852331991,AI_Core
2021-04-20 00:00:00-04:00,META,299.8951118354893,302.9835537939867,295.1482714936018,300.550537109375,16796400,0.0013564682978788323,1.0013564682978788,AI_Core
2021-04-21 00:00:00-04:00,META,299.8554348915821,299.8852255743065,295.3270692821806,299.3787536621094,14863500,-0.003898790062182411,0.9961012099378176,AI_Core
2021-04-22 00:00:00-04:00,META,299.2397360604261,300.8187332985432,293.9864532833794,294.4631042480469,16375400,-0.016419499894139045,0.983580500105861,AI_Core
2021-04-23 00:00:00-04:00,META,296.687582670293,300.4910015370838,295.08873509812,299.0411376953125,17536800,0.015547052860684474,1.0155470528606845,AI_Core
2021-04-26 00:00:00-04:00,META,301.23571193874966,303.67863831271933,299.46806109809256,300.93780517578125,16172600,0.006342496872123515,1.0063424968721235,AI_Core
2021-04-27 00:00:00-04:00,META,302.1692386782204,303.2218831391314,299.0212153184825,301.46417236328125,15309300,0.0017490896073777407,1.0017490896073777,AI_Core
2021-04-28 00:00:00-04:00,META,305.2278718530595,308.7632045092743,303.25168590435214,304.9696960449219,33907200,0.011628326026803082,1.011628326026803,AI_Core
2021-04-29 00:00:00-04:00,META,327.83002770338777,329.5083069817706,319.37904994231457,327.2242736816406,56526800,0.07297307872005976,1.0729730787200598,AI_Core
2021-04-30 00:00:00-04:00,META,323.8776259782797,327.53209104824134,322.248987887127,322.824951171875,26332400,-0.013444364809090392,0.9865556351909096,AI_Core
2021-05-03 00:00:00-04:00,META,323.90743925273455,326.27090422619693,319.6074585992322,320.3423156738281,18719500,-0.007690345771089735,0.9923096542289103,AI_Core
2021-05-04 00:00:00-04:00,META,317.80006933320976,319.9550297777541,310.9479394226379,316.1515808105469,24032600,-0.013082052099380626,0.9869179479006194,AI_Core
2021-05-05 00:00:00-04:00,META,315.98283253130006,318.8329195218456,312.3084859817305,312.8348083496094,15577600,-0.010491082955947806,0.9895089170440522,AI_Core
2021-05-06 00:00:00-04:00,META,312.33817167373155,318.0184933882546,311.09684289263714,317.8000183105469,19012200,0.015871667181577287,1.0158716671815773,AI_Core
2021-05-07 00:00:00-04:00,META,320.143703732976,320.69981667352516,316.5388796429248,316.8665771484375,15916700,-0.0029371966907730807,0.9970628033092269,AI_Core
2021-05-10 00:00:00-04:00,META,312.1694082519749,312.3977933814333,302.7154276382799,303.8475341796875,24239200,-0.041086829308132344,0.9589131706918677,AI_Core
2021-05-11 00:00:00-04:00,META,298.66375202538734,304.7115031678488,297.61110747680095,304.4036560058594,18920100,0.001830266049955842,1.0018302660499558,AI_Core
2021-05-12 00:00:00-04:00,META,299.0411002600775,302.84451865074016,296.1214922814983,300.45123291015625,24645500,-0.012984151200953531,0.9870158487990465,AI_Core
2021-05-13 00:00:00-04:00,META,303.9567447761737,306.71745902247187,300.66970829138313,303.1424560546875,18079200,0.008957271096757369,1.0089572710967574,AI_Core
2021-05-14 00:00:00-04:00,META,307.39275439730136,314.6520430906645,306.93592356007673,313.74835205078125,19245700,0.03498650810620996,1.03498650810621,AI_Core
2021-05-17 00:00:00-04:00,META,311.3749437134494,313.49017310689794,309.4186080633365,313.2716979980469,15401300,-0.0015192240839474458,0.9984807759160526,AI_Core
2021-05-18 00:00:00-04:00,META,313.4008264166306,314.3045176079125,307.6609220624403,307.80987548828125,14522400,-0.017434778004745466,0.9825652219952545,AI_Core
2021-05-19 00:00:00-04:00,META,302.07982599882513,312.4771964632496,301.46413180895377,311.41461181640625,19106200,0.011710918379102653,1.0117109183791027,AI_Core
2021-05-20 00:00:00-04:00,META,311.4047047515973,317.0353857038535,310.9876352326923,316.3998107910156,17320200,0.016008237203552822,1.0160082372035528,AI_Core
2021-05-21 00:00:00-04:00,META,317.07511701397885,317.71066162154136,313.6192466103653,314.0363464355469,13600900,-0.007469866526025992,0.992530133473974,AI_Core
2021-05-24 00:00:00-04:00,META,316.002603774066,323.68893285411247,315.82385968766243,322.3780822753906,16445400,0.026562962964402637,1.0265629629644026,AI_Core
2021-05-25 00:00:00-04:00,META,324.8110776685687,326.8965163184287,322.5468949273761,325.51617431640625,16437000,0.009734197867505623,1.0097341978675056,AI_Core
2021-05-26 00:00:00-04:00,META,326.0723009791142,327.5420150886895,323.55985234776074,325.3870849609375,9686900,-0.0003965681758820727,0.9996034318241179,AI_Core
2021-05-27 00:00:00-04:00,META,325.72472236570246,331.4646263219847,324.4933337229342,330.4417724609375,20477700,0.015534382689487591,1.0155343826894876,AI_Core
2021-05-28 00:00:00-04:00,META,328.7039190666391,330.5609424009443,326.05242698912605,326.4496765136719,12037400,-0.012081087441018212,0.9879189125589818,AI_Core
2021-06-01 00:00:00-04:00,META,327.859776244359,329.12098577650926,324.3741453730533,326.84686279296875,11765900,0.001216684554687486,1.0012166845546875,AI_Core
2021-06-02 00:00:00-04:00,META,328.0882083208523,329.56786271635684,324.85081275421754,326.8667297363281,11654300,6.078364402717362e-05,1.0000607836440272,AI_Core
2021-06-03 00:00:00-04:00,META,323.520114193703,325.1090213066614,321.23608105411955,323.7783203125,12610800,-0.009448527925492556,0.9905514720745074,AI_Core
2021-06-04 00:00:00-04:00,META,323.63926759923044,330.1537592993756,322.92426093429344,328.05841064453125,13289400,0.013219199876941312,1.0132191998769413,AI_Core
2021-06-07 00:00:00-04:00,META,327.1944541755547,335.347494066772,326.6482512651954,334.24517822265625,20136700,0.01885873788746939,1.0188587378874694,AI_Core
2021-06-08 00:00:00-04:00,META,334.36433464179675,335.95321124660705,329.93525170354593,331.3652648925781,14580500,-0.008616170158061931,0.9913838298419381,AI_Core
2021-06-09 00:00:00-04:00,META,333.41101346017734,334.463657978423,327.710840656936,327.9591064453125,13727900,-0.010279165646314259,0.9897208343536857,AI_Core
2021-06-10 00:00:00-04:00,META,328.4953491638462,331.62349184699826,326.27086722654735,330.15374755859375,13240200,0.006691813308886463,1.0066918133088865,AI_Core
2021-06-11 00:00:00-04:00,META,330.2729174472799,330.52118322602627,326.64824313875914,328.96209716796875,13587900,-0.0036093801734402575,0.9963906198265597,AI_Core
2021-06-14 00:00:00-04:00,META,329.59765568348803,334.483539749573,327.52215732246464,334.4338684082031,12250800,0.016633439801547967,1.016633439801548,AI_Core
2021-06-15 00:00:00-04:00,META,334.65235745209895,337.5620556551971,332.7059620693409,334.4140319824219,15795200,-5.931344775478298e-05,0.9999406865522452,AI_Core
2021-06-16 00:00:00-04:00,META,334.3643653995588,335.2084448088056,326.439710773516,328.7833251953125,17232200,-0.01683753146879119,0.9831624685312088,AI_Core
2021-06-17 00:00:00-04:00,META,328.197430149362,335.6354937373488,327.8597923156813,334.1756896972656,17794100,0.016400967107288,1.016400967107288,AI_Core
2021-06-18 00:00:00-04:00,META,332.2094430903154,333.8182006835169,326.71780460807463,327.37322998046875,23039500,-0.020355938287908715,0.9796440617120913,AI_Core
2021-06-21 00:00:00-04:00,META,328.7932669596741,330.61058945270315,325.3771273795917,329.9849548339844,11337500,0.007977820464035723,1.0079778204640357,AI_Core
2021-06-22 00:00:00-04:00,META,330.3821755239405,337.56203287221103,330.29280347884355,336.6781921386719,15345300,0.020283462038609867,1.0202834620386099,AI_Core
2021-06-23 00:00:00-04:00,META,336.995997823339,341.0377722588904,335.85398122199473,338.2273864746094,14817800,0.004601409809458001,1.004601409809458,AI_Core
2021-06-24 00:00:00-04:00,META,339.47864729083625,342.5074778063374,339.41906592570973,340.7994079589844,12329100,0.007604415216589944,1.00760441521659,AI_Core
2021-06-25 00:00:00-04:00,META,340.2134913461353,341.7328767106353,337.3236740242663,339.001953125,14594400,-0.00527423109314995,0.99472576890685,AI_Core
2021-06-28 00:00:00-04:00,META,340.0843790089774,355.65563137017324,339.39916304899543,353.1729736328125,29156100,0.041802179536668316,1.0418021795366683,AI_Core
2021-06-29 00:00:00-04:00,META,353.7985962511624,354.26533714219687,346.6286791220538,349.4490051269531,21417300,-0.010544319027455118,0.9894556809725449,AI_Core
2021-06-30 00:00:00-04:00,META,349.72705702806195,350.4718543781205,344.76174136100525,345.2979736328125,15107500,-0.011878790419313279,0.9881212095806867,AI_Core
2021-07-01 00:00:00-04:00,META,344.4142055426795,352.2097581594582,344.09641802750997,351.93170166015625,17137000,0.01921160427775348,1.0192116042777535,AI_Core
2021-07-02 00:00:00-04:00,META,352.63675169325717,353.9674527570495,350.17394402400754,352.2395324707031,11521300,0.0008746890635165094,1.0008746890635165,AI_Core
2021-07-06 00:00:00-04:00,META,354.02699008079225,356.30111303287634,346.7577610194668,350.3327941894531,13488500,-0.0054131864980504485,0.9945868135019496,AI_Core
2021-07-07 00:00:00-04:00,META,352.79564674200435,354.0170950982068,347.5721245438341,348.0587158203125,14218900,-0.006491194677912038,0.993508805322088,AI_Core
2021-07-08 00:00:00-04:00,META,343.331720320965,345.9136601651972,340.1836969240964,343.25225830078125,14406500,-0.013809329578784668,0.9861906704212153,AI_Core
2021-07-09 00:00:00-04:00,META,342.92456873238206,348.2771632659908,342.8748973921492,347.98919677734375,13018700,0.013800166967617322,1.0138001669676173,AI_Core
2021-07-12 00:00:00-04:00,META,348.7935700152841,351.7330283603502,347.21460329360013,350.7101745605469,10018600,0.00781914441138265,1.0078191444113827,AI_Core
2021-07-13 00:00:00-04:00,META,349.0616794159111,356.00318078237416,346.38039692535693,349.6475830078125,11456000,-0.0030298281310653374,0.9969701718689347,AI_Core
2021-07-14 00:00:00-04:00,META,352.10048763359197,352.7360626317846,344.32481607097134,345.21856689453125,13894200,-0.012667086313541853,0.9873329136864581,AI_Core
2021-07-15 00:00:00-04:00,META,346.80742583126903,346.80742583126903,337.85991789887277,342.07049560546875,14781600,-0.009119067138773751,0.9908809328612262,AI_Core
2021-07-16 00:00:00-04:00,META,342.5174133110356,343.5899081740883,337.7805130149065,338.7934265136719,11026100,-0.009580098646030377,0.9904199013539696,AI_Core
2021-07-19 00:00:00-04:00,META,335.2283652584028,337.43296686382087,332.2193848529158,334.6126708984375,14372300,-0.012340132033422657,0.9876598679665773,AI_Core
2021-07-20 00:00:00-04:00,META,336.4498015039066,341.067569648738,332.1796418476506,339.28997802734375,11024300,0.013978272599025177,1.0139782725990252,AI_Core
2021-07-21 00:00:00-04:00,META,339.13104771021216,344.11621354828037,338.88278193590014,343.8282470703125,9279700,0.01337578277246676,1.0133757827724668,AI_Core
2021-07-22 00:00:00-04:00,META,344.2750906471809,349.10139282568565,342.81528675252025,348.7538146972656,12385400,0.014325663085923868,1.0143256630859239,AI_Core
2021-07-23 00:00:00-04:00,META,358.4064473473775,372.7264018878384,354.7122509878652,367.224853515625,33694300,0.05296297284774676,1.0529629728477468,AI_Core
2021-07-26 00:00:00-04:00,META,367.01622481789286,371.8425269491049,365.66567363094293,369.8762512207031,14925200,0.0072200933016788316,1.0072200933016788,AI_Core
2021-07-27 00:00:00-04:00,META,369.33014064595517,370.5615293237317,362.02117968943355,365.2585754394531,15705400,-0.012484380292084873,0.9875156197079151,AI_Core
2021-07-28 00:00:00-04:00,META,371.9617017952176,374.93095068238745,364.38462570750005,370.6905822753906,29676900,0.014871675030222242,1.0148716750302222,AI_Core
2021-07-29 00:00:00-04:00,META,358.49575222098156,362.98438618631917,354.26529403428776,355.8343505859375,33413200,-0.04007717595160332,0.9599228240483967,AI_Core
2021-07-30 00:00:00-04:00,META,351.5443361411562,358.22766169034094,350.491691683396,353.828369140625,15976200,-0.0056374024655273525,0.9943625975344726,AI_Core
2021-08-02 00:00:00-04:00,META,355.61590753540196,356.9068774625231,348.30694725009323,349.5085754394531,13180400,-0.012208726258054803,0.9877912737419452,AI_Core
2021-08-03 00:00:00-04:00,META,350.2831820422814,351.3159459164224,345.2880755211377,348.8034973144531,12406100,-0.0020173414174844417,0.9979826585825156,AI_Core
2021-08-04 00:00:00-04:00,META,349.97532638335207,357.9794128958687,349.0716352860186,356.43023681640625,14180600,0.021865433003607437,1.0218654330036074,AI_Core
2021-08-05 00:00:00-04:00,META,357.14526133882947,361.3756899337369,354.4242475815402,360.4521484375,10247200,0.011283867656731283,1.0112838676567313,AI_Core
2021-08-06 00:00:00-04:00,META,358.893024268515,362.6170111631922,358.893024268515,360.9884033203125,8925000,0.0014877283576670841,1.001487728357667,AI_Core
2021-08-09 00:00:00-04:00,META,361.23667258484005,363.2426493012661,358.2475427107706,359.1015625,7798900,-0.005226873780314389,0.9947731262196856,AI_Core
2021-08-10 00:00:00-04:00,META,359.3200344847057,361.5743072827586,356.5494100527903,358.6249084472656,7469900,-0.0013273516534320073,0.998672648346568,AI_Core
2021-08-11 00:00:00-04:00,META,359.5881517418357,359.8463275378054,355.3279025907099,357.4629821777344,8400300,-0.0032399485985566967,0.9967600514014433,AI_Core
2021-08-12 00:00:00-04:00,META,355.96346124829,360.4818859888844,354.6327300964026,360.1343078613281,7170700,0.007473013477701906,1.007473013477702,AI_Core
2021-08-13 00:00:00-04:00,META,360.45207926877004,362.13035816764733,358.9724250927654,360.6606140136719,7195700,0.001461416312900754,1.0014614163129008,AI_Core
2021-08-16 00:00:00-04:00,META,360.0052586371251,364.40455162461785,354.9009295725257,364.0172424316406,11222100,0.009306889323494216,1.0093068893234942,AI_Core
2021-08-17 00:00:00-04:00,META,360.462075868413,362.1403550292865,352.60694265481555,355.9635009765625,12328700,-0.022124615310195272,0.9778753846898047,AI_Core
2021-08-18 00:00:00-04:00,META,353.7787829603999,357.36372674757365,352.6864073237661,352.9843444824219,10042400,-0.008369275181212443,0.9916307248187876,AI_Core
2021-08-19 00:00:00-04:00,META,348.9126880907285,355.08954110949225,348.56510998256186,352.6565246582031,12004500,-0.000928709245446635,0.9990712907545534,AI_Core
2021-08-20 00:00:00-04:00,META,352.14017520075987,357.4927694576704,350.85911533837884,356.8770751953125,8697700,0.011967878777232155,1.0119678787772322,AI_Core
2021-08-23 00:00:00-04:00,META,356.94661777356487,363.1532624039116,356.6089799423798,360.8294982910156,10942000,0.011075026585947167,1.0110750265859472,AI_Core
2021-08-24 00:00:00-04:00,META,361.1373449529852,365.4075043305499,359.32996276565495,362.9745178222656,9235100,0.005944690058349966,1.00594469005835,AI_Core
2021-08-25 00:00:00-04:00,META,363.0638488420155,368.2873397576155,362.86522411420407,365.8345031738281,9684500,0.007879300642704923,1.007879300642705,AI_Core
2021-08-26 00:00:00-04:00,META,365.82460856264174,366.877253078658,361.6040901691806,361.85235595703125,7888700,-0.010885105648180904,0.9891148943518191,AI_Core
2021-08-27 00:00:00-04:00,META,362.567400908495,371.1474516832084,361.55445699138,370.045166015625,11219100,0.022641306388417215,1.0226413063884172,AI_Core
2021-08-30 00:00:00-04:00,META,369.97559188303035,378.84363823095765,367.94973464178105,378.0194091796875,13547300,0.02154937801221224,1.0215493780122122,AI_Core
2021-08-31 00:00:00-04:00,META,377.3143748304173,380.10487999697085,376.1723279061096,376.7483215332031,12345400,-0.0033624930773863415,0.9966375069226137,AI_Core
2021-09-01 00:00:00-04:00,META,376.9568836285368,381.6639938380198,376.18229548892714,379.3998107910156,11567200,0.007037826331971697,1.0070378263319717,AI_Core
2021-09-02 00:00:00-04:00,META,378.85358112737276,379.10184690792806,371.4651890735768,372.6767272949219,14832900,-0.017720313254971587,0.9822796867450284,AI_Core
2021-09-03 00:00:00-04:00,META,372.1504282729059,374.54371418349507,370.5217901040204,373.64996337890625,7509600,0.0026114753423123194,1.0026114753423123,AI_Core
2021-09-07 00:00:00-04:00,META,373.2725838694114,380.30345767823303,370.56151054382633,379.52886962890625,10793800,0.01573372628445413,1.0157337262844541,AI_Core
2021-09-08 00:00:00-04:00,META,377.5228659344318,378.22793223895627,372.19012201827695,374.9508361816406,11067200,-0.012062411620338387,0.9879375883796616,AI_Core
2021-09-09 00:00:00-04:00,META,375.0203804671173,377.1951608723424,373.9577956290019,375.37786865234375,9098900,0.0011389025693391286,1.0011389025693391,AI_Core
2021-09-10 00:00:00-04:00,META,378.71460289028454,381.12776972486705,375.63613092654236,376.0631408691406,11549600,0.0018255530600594927,1.0018255530600595,AI_Core
2021-09-13 00:00:00-04:00,META,379.03231255851546,379.1018342481609,371.75317345030254,373.898193359375,13026300,-0.005756872382552847,0.9942431276174472,AI_Core
2021-09-14 00:00:00-04:00,META,374.7820203796107,375.9637679324981,372.5078973191111,373.9180603027344,8711600,5.313463320288925e-05,1.000053134633203,AI_Core
2021-09-15 00:00:00-04:00,META,374.38479292291254,374.9409058407148,365.11952742999154,371.326171875,17940300,-0.0069317016290572075,0.9930682983709428,AI_Core
2021-09-16 00:00:00-04:00,META,370.2040213099669,370.9686690276953,367.14536982728856,370.4721374511719,11934200,-0.002299957526601726,0.9977000424733983,AI_Core
2021-09-17 00:00:00-04:00,META,368.8335664300614,368.8335664300614,359.0816795986663,362.1899719238281,26299000,-0.022355704221981743,0.9776442957780183,AI_Core
2021-09-20 00:00:00-04:00,META,356.8075775570263,358.5255877160873,347.3734776350834,353.2325744628906,19822800,-0.024731213328074486,0.9752687866719255,AI_Core
2021-09-21 00:00:00-04:00,META,356.0131576959178,357.5424835116956,352.72612092380973,355.000244140625,11751900,0.005004265760093718,1.0050042657600937,AI_Core
2021-09-22 00:00:00-04:00,META,344.82129547424677,347.4131755007979,338.3266546093435,340.82916259765625,43692900,-0.0399185121048965,0.9600814878951035,AI_Core
2021-09-23 00:00:00-04:00,META,342.96430614109624,347.244436588427,340.6206914406906,343.5601501464844,21806300,0.008012775456224697,1.0080127754562247,AI_Core
2021-09-24 00:00:00-04:00,META,340.8589909880195,351.8919385080049,339.9950308835849,350.5115661621094,18801900,0.020233475892536212,1.0202334758925362,AI_Core
2021-09-27 00:00:00-04:00,META,347.3834211027895,352.6863747332731,344.67234776955803,351.12725830078125,15205800,0.0017565529874330466,1.001756552987433,AI_Core
2021-09-28 00:00:00-04:00,META,345.5561863357287,347.1748841230016,336.56897692930727,338.2869567871094,21710300,-0.036568797238386574,0.9634312027616134,AI_Core
2021-09-29 00:00:00-04:00,META,340.76960230808635,342.83519056135003,336.52923371146676,337.254150390625,14452200,-0.003053048235419631,0.9969469517645804,AI_Core
2021-09-30 00:00:00-04:00,META,338.08838065803866,340.42205494779716,335.8043171003503,337.0357360839844,16547100,-0.0006476252594301846,0.9993523747405698,AI_Core
2021-10-01 00:00:00-04:00,META,339.2403025206699,342.6266516425788,336.2909339336575,340.630615234375,14905300,0.010666166122796028,1.010666166122796,AI_Core
2021-10-04 00:00:00-04:00,META,333.2024545158559,333.6096140159672,320.46146851508894,323.96697998046875,42885000,-0.04891995759817602,0.951080042401824,AI_Core
2021-10-05 00:00:00-04:00,META,326.3006776114081,332.85490048506125,323.8974817514608,330.6502990722656,35377900,0.02062963050184874,1.0206296305018487,AI_Core
2021-10-06 00:00:00-04:00,META,327.4526216500832,332.0604490478025,323.53995055480846,331.3255920410156,26443000,0.002042317731587584,1.0020423177315876,AI_Core
2021-10-07 00:00:00-04:00,META,334.66231004958246,336.48954276448234,326.6979538184617,326.936279296875,28307500,-0.013247732289865644,0.9867522677101344,AI_Core
2021-10-08 00:00:00-04:00,META,329.2103921435758,331.0872658382954,326.4297969914836,327.760498046875,15946100,0.002521037896964451,1.0025210378969645,AI_Core
2021-10-11 00:00:00-04:00,META,325.35731443923436,328.1676700761693,323.0534004471165,323.19244384765625,14708200,-0.013937171277319194,0.9860628287226808,AI_Core
2021-10-12 00:00:00-04:00,META,320.78919081230543,322.12983213718235,315.168449699641,321.5240478515625,31658700,-0.005162237013437654,0.9948377629865623,AI_Core
2021-10-13 00:00:00-04:00,META,324.701893760912,324.7316844463322,320.42179355552446,322.28875732421875,14761500,0.002378389665613101,1.002378389665613,AI_Core
2021-10-14 00:00:00-04:00,META,326.08223402824575,328.2272542836697,324.83099494199575,326.2510681152344,14302200,0.012294287966829742,1.0122942879668297,AI_Core
2021-10-15 00:00:00-04:00,META,326.3999618857561,326.7872710290615,320.27277972807207,322.5071716308594,21596400,-0.011475507209841918,0.9885244927901581,AI_Core
2021-10-18 00:00:00-04:00,META,326.66816609552274,333.5600274303866,325.2282122699886,333.0138244628906,21585000,0.032578044013412244,1.0325780440134122,AI_Core
2021-10-19 00:00:00-04:00,META,337.2938929273335,340.0843979551159,334.94033811013963,337.63153076171875,18786300,0.01386641021968349,1.0138664102196835,AI_Core
2021-10-20 00:00:00-04:00,META,341.0675687432612,341.5938910279222,337.0953159364956,338.41607666015625,13639500,0.0023236748554482656,1.0023236748554483,AI_Core
2021-10-21 00:00:00-04:00,META,337.9195461799882,339.93546327387196,335.4567385215077,339.5084533691406,16354400,0.0032279102097190204,1.003227910209719,AI_Core
2021-10-22 00:00:00-04:00,META,324.08616582509086,327.34341175250825,318.8824942988653,322.35821533203125,35224500,-0.05051490726347918,0.9494850927365208,AI_Core
2021-10-25 00:00:00-04:00,META,318.07809817024844,327.2738721557028,317.5021349079901,326.409912109375,38409000,0.012568926692842153,1.0125689266928422,AI_Core
2021-10-26 00:00:00-04:00,META,325.9829107086796,327.9193656165144,307.4523491823087,313.6192626953125,65654000,-0.03918584865087227,0.9608141513491277,AI_Core
2021-10-27 00:00:00-04:00,META,312.01053497096626,317.03543243091343,309.89530546712155,310.05419921875,29971800,-0.011367488865076658,0.9886325111349233,AI_Core
2021-10-28 00:00:00-04:00,META,310.81882690664725,323.2619070153959,305.9726738656549,314.7215881347656,50806800,0.015053461387641631,1.0150534613876416,AI_Core
2021-10-29 00:00:00-04:00,META,317.96888127486596,323.73857554960784,317.3829776736138,321.325439453125,37059400,0.020983153260943688,1.0209831532609437,AI_Core
2021-11-01 00:00:00-04:00,META,323.7783380427413,331.13694007847226,323.738607028624,327.6910095214844,31518900,0.019810352019414168,1.0198103520194142,AI_Core
2021-11-02 00:00:00-04:00,META,329.0812646943905,332.46761360260626,321.5538292016757,325.80413818359375,28353000,-0.00575808088432439,0.9942419191156756,AI_Core
2021-11-03 00:00:00-04:00,META,325.21825476736853,329.8459328747701,320.9580354976296,329.3196105957031,20786500,0.010790140455884556,1.0107901404558846,AI_Core
2021-11-04 00:00:00-04:00,META,331.69303111979514,334.9303963680135,330.34244948206873,333.520263671875,22495300,0.012755550963313045,1.012755550963313,AI_Core
2021-11-05 00:00:00-04:00,META,337.9493222910368,344.3843824919673,337.28398694368224,338.7636413574219,26872800,0.015721316683490638,1.0157213166834906,AI_Core
2021-11-08 00:00:00-05:00,META,342.03081085258987,342.3982393556077,335.99297015181077,336.2710266113281,18342500,-0.007357976009780387,0.9926420239902196,AI_Core
2021-11-09 00:00:00-05:00,META,337.6414662706003,338.94237655440764,332.14982834025784,333.0435791015625,17556700,-0.00959775673298191,0.9904022432670181,AI_Core
2021-11-10 00:00:00-05:00,META,330.1835499468234,330.87870625923074,323.25198870461344,325.3672180175781,21872600,-0.02304911899125206,0.9769508810087479,AI_Core
2021-11-11 00:00:00-05:00,META,327.5320799248782,330.1537507579003,324.73163470083574,325.46649169921875,12376600,0.0003051127346063165,1.0003051127346063,AI_Core
2021-11-12 00:00:00-05:00,META,327.8895713138474,339.48854119804446,327.49235212990004,338.5252990722656,25414300,0.0401233543424655,1.0401233543424655,AI_Core
2021-11-15 00:00:00-05:00,META,341.9513528589392,351.1967681291148,340.81927665538785,345.1490173339844,25076600,0.019566390694790492,1.0195663906947905,AI_Core
2021-11-16 00:00:00-05:00,META,341.444923311803,344.24536894528535,338.50546458262573,340.5809631347656,18181100,-0.013235020150147103,0.9867649798498529,AI_Core
2021-11-17 00:00:00-05:00,META,341.8520275379172,344.8907981611505,337.7407621147875,338.4060974121094,13602800,-0.006385752458500371,0.9936142475414996,AI_Core
2021-11-18 00:00:00-05:00,META,337.3633994408119,340.0843826522268,332.9740471795485,336.3405456542969,17487200,-0.00610376637303045,0.9938962336269695,AI_Core
2021-11-19 00:00:00-05:00,META,339.8262220829443,349.65754120765286,337.54215865420935,342.9046936035156,26488500,0.019516374204749054,1.019516374204749,AI_Core
2021-11-22 00:00:00-05:00,META,346.6287072571534,351.3755482699117,338.1479691189288,338.6445007324219,27116800,-0.012423839482406218,0.9875761605175938,AI_Core
2021-11-23 00:00:00-05:00,META,336.5789224948041,339.031789952363,331.18659628153375,334.91058349609375,17225000,-0.011026067832941022,0.988973932167059,AI_Core
2021-11-24 00:00:00-05:00,META,333.6691950342229,339.4090984270407,330.5013213830883,338.694091796875,13566200,0.011297069985921615,1.0112970699859216,AI_Core
2021-11-26 00:00:00-05:00,META,333.47060617009134,335.4070915076629,329.5976658008317,330.8092041015625,14750700,-0.023280263477525653,0.9767197365224743,AI_Core
2021-11-29 00:00:00-05:00,META,334.55304345009216,338.30682076869596,332.98398677543236,335.68511962890625,16650900,0.014739358720644358,1.0147393587206444,AI_Core
2021-11-30 00:00:00-05:00,META,332.6761530506527,333.4805317723644,321.1864052077006,322.2092590332031,25390000,-0.040144348997657175,0.9598556510023428,AI_Core
2021-12-01 00:00:00-05:00,META,327.99885131334366,328.20738609874235,308.1375874041913,308.4454345703125,30329600,-0.04271703583003583,0.9572829641699642,AI_Core
2021-12-02 00:00:00-05:00,META,309.2398199712345,312.4176337740731,305.06897344912215,308.2368469238281,24396200,-0.0006762546081284793,0.9993237453918715,AI_Core
2021-12-03 00:00:00-05:00,META,311.5537375237762,311.5735878782237,297.4224368749896,304.7115173339844,27471000,-0.011437080365394925,0.9885629196346051,AI_Core
2021-12-06 00:00:00-05:00,META,305.99258224552244,317.87955048932594,304.2149905529818,315.6650085449219,21758300,0.03594708630239185,1.0359470863023919,AI_Core
2021-12-07 00:00:00-05:00,META,319.3393510353418,324.27487651444534,318.77329771925037,320.57073974609375,18794000,0.015540940770677025,1.015540940770677,AI_Core
2021-12-08 00:00:00-05:00,META,322.74553882599275,330.4417785979972,320.82893413037664,328.2669677734375,19937700,0.02400789302679196,1.024007893026792,AI_Core
2021-12-09 00:00:00-05:00,META,327.25407850637987,333.7983618194721,325.7247525848153,327.5321350097656,16879200,-0.0022385218002776153,0.9977614781997224,AI_Core
2021-12-10 00:00:00-05:00,META,330.2530905762638,332.7059578569133,324.1060270329738,327.46258544921875,14528000,-0.00021234423469562724,0.9997876557653044,AI_Core
2021-12-13 00:00:00-05:00,META,328.65422586839105,338.7238693550957,327.3036443722298,332.1696472167969,22948700,0.014374349854719748,1.0143743498547197,AI_Core
2021-12-14 00:00:00-05:00,META,325.77436431738806,333.3713218947086,325.3771451062712,331.4248962402344,20461000,-0.0022420801623588282,0.9977579198376412,AI_Core
2021-12-15 00:00:00-05:00,META,330.18357510906884,339.7368382857609,321.7326278482403,339.28997802734375,24681300,0.023731113372389423,1.0237311133723894,AI_Core
2021-12-16 00:00:00-05:00,META,336.62855788973843,342.07052456232094,331.4248863696693,332.57684326171875,22635000,-0.019785832769525502,0.9802141672304745,AI_Core
2021-12-17 00:00:00-05:00,META,330.4913648129282,334.7714640548974,328.4555977203839,331.4745178222656,40012600,-0.0033144984739230665,0.9966855015260769,AI_Core
2021-12-20 00:00:00-05:00,META,327.49239434582324,327.6115570857802,320.2926858498686,323.19244384765625,17901800,-0.0249855525215672,0.9750144474784328,AI_Core
2021-12-21 00:00:00-05:00,META,324.14571370639186,333.669184716812,321.5041623573449,331.8816833496094,16116800,0.0268856517760947,1.0268856517760947,AI_Core
2021-12-22 00:00:00-05:00,META,331.48445199749193,332.189548621576,325.98290422148904,328.15771484375,16764600,-0.011220771415506148,0.9887792285844939,AI_Core
2021-12-23 00:00:00-05:00,META,327.8101307259051,334.33456247386124,326.08218034839234,332.9144592285156,13987700,0.014495299575786325,1.0144952995757863,AI_Core
2021-12-27 00:00:00-05:00,META,336.4994852665034,345.45690479000456,335.6653157807883,343.77862548828125,17795000,0.032633506772105525,1.0326335067721055,AI_Core
2021-12-28 00:00:00-05:00,META,344.2254883901896,350.26329907524985,342.80541534319065,343.8183288574219,16637600,0.00011549109280495351,1.000115491092805,AI_Core
2021-12-29 00:00:00-05:00,META,344.5035583071662,347.264272790598,339.27012615391544,340.56109619140625,10747000,-0.00947370280357096,0.990526297196429,AI_Core
2021-12-30 00:00:00-05:00,META,341.613733726055,344.8213387057519,340.8391456583301,341.9712219238281,10593300,0.004140595470803143,1.0041405954708031,AI_Core
2021-12-31 00:00:00-05:00,META,340.64049867127704,341.05759851401064,333.9373226475047,334.01678466796875,12870500,-0.02326054575911407,0.9767394542408859,AI_Core
2022-01-03 00:00:00-05:00,META,335.9532641001233,338.71397854824414,334.85097850917924,336.1916198730469,14537900,0.0065111554416046324,1.0065111554416046,AI_Core
2022-01-04 00:00:00-05:00,META,337.5918461106454,340.710048791719,329.5678785035941,334.195556640625,15998000,-0.0059372783687339226,0.9940627216312661,AI_Core
2022-01-05 00:00:00-05:00,META,330.7099111630695,333.43092506420857,321.5935978412268,321.92132568359375,20564500,-0.0367276904588838,0.9632723095411162,AI_Core
2022-01-06 00:00:00-05:00,META,320.58063509691385,336.8172227357935,320.481322726394,330.15374755859375,27962800,0.02557277576289363,1.0255727757628936,AI_Core
2022-01-07 00:00:00-05:00,META,330.4318256549176,334.6622844079269,326.59861641000646,329.4884338378906,14722000,-0.0020151633159488647,0.9979848366840511,AI_Core
2022-01-10 00:00:00-05:00,META,323.05338636520554,326.0623666414972,313.2419171246315,325.79425048828125,24942400,-0.011211875653962755,0.9887881243460372,AI_Core
2022-01-11 00:00:00-05:00,META,324.51316123835636,332.3087126977734,323.0235665762721,332.0505065917969,16226800,0.019203089355134706,1.0192030893551347,AI_Core
2022-01-12 00:00:00-05:00,META,332.85487581183287,334.03662330125775,327.74060701207145,330.9482116699219,14104900,-0.0033196604130771856,0.9966803395869228,AI_Core
2022-01-13 00:00:00-05:00,META,332.65630784591855,333.30179283796394,323.50026430952033,324.21527099609375,14797100,-0.02034439358307627,0.9796556064169237,AI_Core
2022-01-14 00:00:00-05:00,META,319.5578022642355,330.4219156428618,318.9818086610025,329.59765625,16868500,0.016601270006097568,1.0166012700060976,AI_Core
2022-01-18 00:00:00-05:00,META,321.04741364542525,321.96101482732695,315.43661257012167,315.94305419921875,22645600,-0.04142809207485454,0.9585719079251455,AI_Core
2022-01-19 00:00:00-05:00,META,317.3631065456677,324.83096079185947,317.1148407594168,317.373046875,20814700,0.004526108919867378,1.0045261089198674,AI_Core
2022-01-20 00:00:00-05:00,META,321.65315473896703,325.54597570040505,313.78811140295323,314.36407470703125,16925000,-0.009480868642112061,0.9905191313578879,AI_Core
2022-01-21 00:00:00-05:00,META,312.6261943760006,316.10191525145456,300.9378525135199,301.06695556640625,28710700,-0.042298469228766455,0.9577015307712335,AI_Core
2022-01-24 00:00:00-05:00,META,295.77389108985574,307.3828004084756,287.00515781406256,306.5684814453125,38878100,0.01827342980419777,1.0182734298041978,AI_Core
2022-01-25 00:00:00-05:00,META,297.8692766654803,304.105711463683,295.5156917587425,298.06787109375,25108500,-0.027728259315786485,0.9722717406842135,AI_Core
2022-01-26 00:00:00-05:00,META,304.8803074843086,305.37683902690725,288.83240439081436,292.586181640625,28348800,-0.018390742460803078,0.9816092575391969,AI_Core
2022-01-27 00:00:00-05:00,META,295.68454210791685,299.6170635525719,292.218761538942,292.59613037109375,21629900,3.4002735238347626e-05,1.0000340027352383,AI_Core
2022-01-28 00:00:00-05:00,META,293.56934456757705,299.8057803837421,290.99731446167857,299.6170959472656,21871600,0.0239954150017887,1.0239954150017887,AI_Core
2022-01-31 00:00:00-05:00,META,298.5942528696925,311.6133279292589,297.2437013868694,311.0870056152344,21579500,0.03828189320007125,1.0382818932000712,AI_Core
2022-02-01 00:00:00-05:00,META,312.37793715110746,317.4425651980272,309.95486067855575,316.7871398925781,18023800,0.0183232799006523,1.0183232799006523,AI_Core
2022-02-02 00:00:00-05:00,META,325.54600207276366,325.7247461844524,314.67194735675173,320.7594299316406,58458300,0.012539303332860907,1.012539303332861,AI_Core
2022-02-03 00:00:00-05:00,META,242.95287599915073,246.27964337200504,234.11462066512175,236.1106719970703,188119900,-0.2639010736258336,0.7360989263741664,AI_Core
2022-02-04 00:00:00-05:00,META,233.3400539489898,240.92705595132773,228.5137663432525,235.44534301757812,89342200,-0.0028178691537519285,0.9971821308462481,AI_Core
2022-02-07 00:00:00-05:00,META,236.05110936639238,236.64695332171354,222.4560723238542,223.34983825683594,88613800,-0.05137287748281838,0.9486271225171816,AI_Core
2022-02-08 00:00:00-05:00,META,219.31801460687512,224.20388375091662,214.6506054269495,218.65264892578125,94729700,-0.02103063681493811,0.9789693631850619,AI_Core
2022-02-09 00:00:00-05:00,META,222.6447597583816,231.75114721199498,220.6685737472987,230.39065551757812,86563300,0.05368334959335974,1.0536833495933597,AI_Core
2022-02-10 00:00:00-05:00,META,226.68650936204733,233.36981952520125,225.12739308159553,226.48789978027344,49310400,-0.016939731034390504,0.9830602689656095,AI_Core
2022-02-11 00:00:00-05:00,META,226.87521985005384,228.82161518931338,217.2524352504062,218.0270233154297,46156900,-0.037356858680097416,0.9626431413199026,AI_Core
2022-02-14 00:00:00-05:00,META,217.78868216906557,219.46696135685332,213.2901072050722,216.18984985351562,38184000,-0.00842635666889846,0.9915736433311015,AI_Core
2022-02-15 00:00:00-05:00,META,218.9406576660542,219.61593340796617,213.56818180448667,219.46697998046875,42685500,0.015158575340949776,1.0151585753409498,AI_Core
2022-02-16 00:00:00-05:00,META,210.93654707270989,215.95151900472374,210.8868908846818,215.0378875732422,45817500,-0.020181133433470166,0.9798188665665298,AI_Core
2022-02-17 00:00:00-05:00,META,212.53539144000152,215.99124715160343,205.722977245562,206.2691650390625,38747500,-0.04077757009770222,0.9592224299022978,AI_Core
2022-02-18 00:00:00-05:00,META,207.9374784326616,209.28804483223993,203.75667618414028,204.72988891601562,37128400,-0.007462463537656561,0.9925375364623434,AI_Core
2022-02-22 00:00:00-05:00,META,200.93639836684068,206.04074245924153,198.67221554938297,200.67820739746094,39852400,-0.019790376187898806,0.9802096238121012,AI_Core
2022-02-23 00:00:00-05:00,META,202.74379248058972,205.50450704512744,196.67617554494552,197.07339477539062,44481400,-0.017963149406306278,0.9820368505936937,AI_Core
2022-02-24 00:00:00-05:00,META,189.7346534758809,206.90472477172978,188.90048402059335,206.15992736816406,49957200,0.04610735306574276,1.0461073530657428,AI_Core
2022-02-25 00:00:00-05:00,META,203.5183647840356,209.8541125423845,201.77056393873042,209.01992797851562,37627600,0.013872728065353446,1.0138727280653534,AI_Core
2022-02-28 00:00:00-05:00,META,206.23936372000767,211.67142078419803,205.3952690687819,209.56613159179688,34239800,0.0026131652544507666,1.0026131652544508,AI_Core
2022-03-01 00:00:00-05:00,META,208.41414716725657,210.28111063720308,200.81722054189382,202.0784149169922,27094900,-0.03572961249955042,0.9642703875004496,AI_Core
2022-03-02 00:00:00-05:00,META,203.35946456811018,207.6991455549935,200.61861581106922,206.66636657714844,29452100,0.022703818525302788,1.0227038185253028,AI_Core
2022-03-03 00:00:00-05:00,META,207.57006201226622,207.62964337626647,200.02277607812186,201.56202697753906,27263500,-0.02469845328075637,0.9753015467192436,AI_Core
2022-03-04 00:00:00-05:00,META,200.96619957261413,204.46178636010308,197.411031416221,198.67222595214844,32130900,-0.014337030981101617,0.9856629690188984,AI_Core
2022-03-07 00:00:00-05:00,META,199.39716569198725,199.49647807935557,185.98088647861746,186.16957092285156,38560600,-0.06293106632986645,0.9370689336701336,AI_Core
2022-03-08 00:00:00-05:00,META,186.54690946667915,195.33550881323646,184.81897421696758,188.969970703125,37508100,0.01504219925088579,1.0150421992508858,AI_Core
2022-03-09 00:00:00-05:00,META,194.3821677815155,197.71886025141615,192.5747857485553,197.12301635742188,31894700,0.04314466274170847,1.0431446627417085,AI_Core
2022-03-10 00:00:00-05:00,META,193.48842180655208,194.9184351766103,189.74458461606886,193.85586547851562,24853000,-0.016574172510541718,0.9834258274894583,AI_Core
2022-03-11 00:00:00-05:00,META,191.30368493188337,192.21730121306823,185.37509670416912,186.30857849121094,34694500,-0.03893246649346871,0.9610675335065313,AI_Core
2022-03-14 00:00:00-04:00,META,185.73260739881346,190.95611432836714,184.53100942336172,185.33538818359375,31010500,-0.005223539975981795,0.9947764600240182,AI_Core
2022-03-15 00:00:00-04:00,META,189.47645828108818,190.94618754859334,184.62037992402477,190.6979217529297,31721700,0.028934212844574425,1.0289342128445744,AI_Core
2022-03-16 00:00:00-04:00,META,193.34940583091395,202.31676549191621,193.17066172479323,202.21746826171875,40640300,0.06040729968580316,1.0604072996858032,AI_Core
2022-03-17 00:00:00-04:00,META,200.3008320695021,206.5968487329181,199.71492845430384,206.3982391357422,29499700,0.020674627716199545,1.0206746277161995,AI_Core
2022-03-18 00:00:00-04:00,META,205.26615383037955,215.2960978900843,204.57101264324805,214.98825073242188,52128000,0.04161862830152474,1.0416186283015247,AI_Core
2022-03-21 00:00:00-04:00,META,213.01206410379527,213.22061405063212,206.18972452199992,210.02294921875,30142300,-0.023095687772499596,0.9769043122275004,AI_Core
2022-03-22 00:00:00-04:00,META,209.90375302784108,217.93764542226702,208.72200545565147,215.14712524414062,31998800,0.024398171935265722,1.0243981719352657,AI_Core
2022-03-23 00:00:00-04:00,META,211.85014499977373,215.29607503983217,210.6882630346818,211.979248046875,23717300,-0.014724236699285798,0.9852757633007142,AI_Core
2022-03-24 00:00:00-04:00,META,213.50856930007075,219.1392353325616,213.30001937904194,218.046875,31502300,0.028623683728622673,1.0286236837286227,AI_Core
2022-03-25 00:00:00-04:00,META,218.98035503124117,223.9357457242786,217.37159753839384,220.28128051757812,40039000,0.010247363176280944,1.010247363176281,AI_Core
2022-03-28 00:00:00-04:00,META,220.58910733267237,222.4858463037378,218.01706243313592,222.03897094726562,26224100,0.007979300036560444,1.0079793000365604,AI_Core
2022-03-29 00:00:00-04:00,META,224.50178514139634,229.2883414646526,223.72718197285437,228.26548767089844,31417900,0.028042449922503154,1.0280424499225032,AI_Core
2022-03-30 00:00:00-04:00,META,227.32208418810893,229.546535896173,225.13734833785708,226.26943969726562,25588000,-0.008744414208207485,0.9912555857917925,AI_Core
2022-03-31 00:00:00-04:00,META,226.86527101996631,226.9050020311638,220.7182077665488,220.81752014160156,24192300,-0.024094811756100953,0.975905188243899,AI_Core
2022-04-01 00:00:00-04:00,META,222.99234595192877,225.70340426165572,221.15517295953632,223.29026794433594,19544800,0.011198150405586915,1.011198150405587,AI_Core
2022-04-04 00:00:00-04:00,META,224.41241418163085,232.72436333956819,224.29325144843688,232.26754760742188,28054800,0.04020452725384294,1.040204527253843,AI_Core
2022-04-05 00:00:00-04:00,META,232.45621733585187,235.2169316018234,229.4174466080516,230.23175048828125,29727200,-0.008764879726467556,0.9912351202735324,AI_Core
2022-04-06 00:00:00-04:00,META,225.33598120608156,227.40155454329366,219.8741334398678,221.7510223388672,28995100,-0.03683561512010369,0.9631643848798963,AI_Core
2022-04-07 00:00:00-04:00,META,222.37659412026866,223.95557583351015,217.04385056799424,221.4033966064453,21037200,-0.0015676398185467955,0.9984323601814532,AI_Core
2022-04-08 00:00:00-04:00,META,220.83740643634152,223.56833032502462,218.5037017793808,220.78775024414062,18375700,-0.0027806545506572355,0.9972193454493428,AI_Core
2022-04-11 00:00:00-04:00,META,216.90486095018167,219.07967176886117,213.72706176092154,214.95846557617188,20516600,-0.026402210546205063,0.9735977894537949,AI_Core
2022-04-12 00:00:00-04:00,META,218.71223225422102,220.48980861439927,211.6515526954061,212.654541015625,20128800,-0.010717998727667988,0.989282001272332,AI_Core
2022-04-13 00:00:00-04:00,META,210.3506337496348,215.10739934568304,209.8640273741091,213.49864196777344,19231800,0.00396935305551005,1.00396935305551,AI_Core
2022-04-14 00:00:00-04:00,META,213.3993497039803,213.49866208481365,208.54327127888956,208.72201538085938,18379500,-0.0223731005634924,0.9776268994365076,AI_Core
2022-04-18 00:00:00-04:00,META,208.543274705327,211.89983321381135,206.85507027401516,209.3079376220703,16580800,0.002807189457910253,1.0028071894579103,AI_Core
2022-04-19 00:00:00-04:00,META,209.0596591305934,216.91477715151493,207.5501988958004,215.80255126953125,20089900,0.03102898877723259,1.0310289887772326,AI_Core
2022-04-20 00:00:00-04:00,META,212.12821385078016,212.67440159783553,197.54011418103042,199.0297088623047,43036500,-0.07772309599008287,0.9222769040099171,AI_Core
2022-04-21 00:00:00-04:00,META,200.20152312891832,201.56201470052716,184.2926483333906,186.765380859375,49954100,-0.06162058957446681,0.9383794104255332,AI_Core
2022-04-22 00:00:00-04:00,META,189.04942502299562,191.3831294620627,181.99868582411173,182.83285522460938,36426800,-0.021055966671503334,0.9789440333284967,AI_Core
2022-04-25 00:00:00-04:00,META,181.46244249034362,185.88157089937965,180.39987269787414,185.69290161132812,29281100,0.015642956421618948,1.015642956421619,AI_Core
2022-04-26 00:00:00-04:00,META,185.33536941679247,185.89148232296554,178.2548247330513,179.69476318359375,31747400,-0.03230138780581404,0.967698612194186,AI_Core
2022-04-27 00:00:00-04:00,META,173.21999209687453,179.95297396586366,167.8276666489614,173.73638916015625,71062900,-0.03315830644073825,0.9668416935592618,AI_Core
2022-04-28 00:00:00-04:00,META,201.51236675769346,207.08345147435523,191.5618700393527,204.30287170410156,100890600,0.17593598377233488,1.1759359837723349,AI_Core
2022-04-29 00:00:00-04:00,META,203.04170375030583,211.00605951633852,198.51332293664208,199.07937622070312,49193400,-0.025567410970922633,0.9744325890290774,AI_Core
2022-05-02 00:00:00-04:00,META,199.77450522946864,210.4102178692344,199.59576114199825,209.66542053222656,49915300,0.053174992369815044,1.053174992369815,AI_Core
2022-05-03 00:00:00-04:00,META,208.99014717021623,213.40927537457003,206.6465174147809,210.55918884277344,41556300,0.004262831268399436,1.0042628312683994,AI_Core
2022-05-04 00:00:00-04:00,META,209.1887491007281,222.74407035940482,205.52435875990173,221.86024475097656,41375900,0.05367163489901983,1.0536716348990198,AI_Core
2022-05-05 00:00:00-04:00,META,217.22262091760084,218.64269383122198,204.72988570563564,206.83517456054688,41129200,-0.06772312996992469,0.9322768700300753,AI_Core
2022-05-06 00:00:00-04:00,META,205.9017188084952,207.92757620794703,199.62556730800335,202.3564910888672,34747200,-0.02165339372858288,0.9783466062714171,AI_Core
2022-05-09 00:00:00-04:00,META,198.4537315749027,201.16480482052688,194.22328811081877,194.8489227294922,36303200,-0.03710070440032465,0.9628992955996754,AI_Core
2022-05-10 00:00:00-04:00,META,198.12604417981822,201.55212452552124,192.8429555526192,196.27894592285156,34452500,0.007339138309451432,1.0073391383094514,AI_Core
2022-05-11 00:00:00-04:00,META,194.9681017385989,199.27799243110317,186.96401469453613,187.43075561523438,31153400,-0.04507967100605392,0.9549203289939461,AI_Core
2022-05-12 00:00:00-04:00,META,185.7623795104132,196.67614834334174,183.49819687355438,189.91339111328125,38262200,0.013245614306455211,1.0132456143064552,AI_Core
2022-05-13 00:00:00-04:00,META,191.24409306072036,198.50338187615907,189.95310800388307,197.2421875,24549800,0.03859020337511221,1.0385902033751122,AI_Core
2022-05-16 00:00:00-04:00,META,195.68309466090108,203.94537210166712,194.57085364070758,198.65234375,27112600,0.007149364280904624,1.0071493642809046,AI_Core
2022-05-17 00:00:00-04:00,META,200.71794589759568,204.0347887788307,196.98403340882493,201.2144775390625,24872700,0.01289757644282763,1.0128975764428276,AI_Core
2022-05-18 00:00:00-04:00,META,198.61262813981287,199.60569128051193,190.3006945011028,190.90646362304688,23960000,-0.05122898730790626,0.9487710126920937,AI_Core
2022-05-19 00:00:00-04:00,META,189.8737016693562,193.93532696686927,188.28480946656214,189.96307373046875,24446900,-0.004941634110623316,0.9950583658893767,AI_Core
2022-05-20 00:00:00-04:00,META,193.6175370131133,196.53714530133018,186.56678209731146,192.19744873046875,31465600,0.011762154381489198,1.0117621543814892,AI_Core
2022-05-23 00:00:00-04:00,META,193.83598024475504,195.62349677540197,189.91338420576912,194.86875915527344,25059200,0.013898781916459546,1.0138987819164595,AI_Core
2022-05-24 00:00:00-04:00,META,179.29755957893033,182.40583701791712,174.88835665003077,180.02249145507812,50406300,-0.07618598160398637,0.9238140183960136,AI_Core
2022-05-25 00:00:00-04:00,META,179.14857994637404,184.16355170943515,178.0760851163933,182.55479431152344,28030200,0.01406659154629697,1.014066591546297,AI_Core
2022-05-26 00:00:00-04:00,META,181.61138743549637,191.49236240543442,180.99567799980568,190.30068969726562,23056500,0.04243052292849714,1.0424305229284971,AI_Core
2022-05-27 00:00:00-04:00,META,190.0325607294829,193.97502255882603,188.48338467468687,193.7764129638672,22562700,0.01826437556338245,1.0182643755633825,AI_Core
2022-05-31 00:00:00-04:00,META,193.53806654327124,196.22927420586925,190.6780399723834,192.29673767089844,26131100,-0.007635992793636137,0.9923640072063639,AI_Core
2022-06-01 00:00:00-04:00,META,195.1468225764307,198.1458773543672,183.7166718529617,187.3314208984375,36623500,-0.025821118093842577,0.9741788819061574,AI_Core
2022-06-02 00:00:00-04:00,META,187.14273921918476,199.54610286315108,186.42773257091963,197.48052978515625,31951600,0.05417729091064305,1.054177290910643,AI_Core
2022-06-03 00:00:00-04:00,META,194.6205141545029,195.2461487952102,188.46352558358373,189.4565887451172,19465000,-0.040631555165304145,0.9593684448346959,AI_Core
2022-06-06 00:00:00-04:00,META,192.64432063982002,195.55398831610356,187.09308626734085,192.9025115966797,30574200,0.01818845612278186,1.0181884561227819,AI_Core
2022-06-07 00:00:00-04:00,META,190.5986047413895,195.16670133175938,190.1616696801112,194.2928009033203,18828700,0.007207212053036649,1.0072072120530366,AI_Core
2022-06-08 00:00:00-04:00,META,193.3196042963057,200.62854978866102,193.06141332875293,195.27593994140625,22267200,0.00506008989275486,1.0050600898927549,AI_Core
2022-06-09 00:00:00-04:00,META,192.9323054091504,198.0664400188012,182.40583007585803,182.72361755371094,23501600,-0.06427992302309093,0.9357200769769091,AI_Core
2022-06-10 00:00:00-04:00,META,181.7702799166873,181.82987643665223,173.8059240304574,174.35211181640625,27450800,-0.04581512696268675,0.9541848730373133,AI_Core
2022-06-13 00:00:00-04:00,META,169.4066358708141,171.38283695644884,162.89214415630036,163.12054443359375,31749300,-0.06441887778588773,0.9355811222141123,AI_Core
2022-06-14 00:00:00-04:00,META,164.87827126596156,165.59327793615202,160.24066823896615,162.59422302246094,27244300,-0.0032265795394464947,0.9967734204605535,AI_Core
2022-06-15 00:00:00-04:00,META,166.04016743535288,170.96576767627823,162.84250265313943,168.17526245117188,30008300,0.03432495524727197,1.034324955247272,AI_Core
2022-06-16 00:00:00-04:00,META,162.584294783492,163.93486122919495,158.50280476509815,159.75405883789062,26944100,-0.050073973368861324,0.9499260266311387,AI_Core
2022-06-17 00:00:00-04:00,META,160.55843379168454,164.74916126130907,158.79078269630057,162.60415649414062,31374200,0.017840533611368947,1.017840533611369,AI_Core
2022-06-21 00:00:00-04:00,META,164.77896178821595,166.59626917748903,154.88806126492062,155.9605712890625,50724900,-0.04085741317023173,0.9591425868297683,AI_Core
2022-06-22 00:00:00-04:00,META,157.28133881462222,159.67460937224337,154.36173087266783,154.76889038085938,47267800,-0.0076409114069890816,0.9923590885930109,AI_Core
2022-06-23 00:00:00-04:00,META,155.1859958737986,158.64185168649269,153.18000389759936,157.64878845214844,40499200,0.018607732240000674,1.0186077322400007,AI_Core
2022-06-24 00:00:00-04:00,META,160.60808476606041,169.06898629668228,160.1810749228338,168.9796142578125,68736000,0.07187385273882607,1.071873852738826,AI_Core
2022-06-27 00:00:00-04:00,META,170.13160815521564,170.558618091581,166.84455597473104,168.31430053710938,29174600,-0.003937242510733019,0.996062757489267,AI_Core
2022-06-28 00:00:00-04:00,META,168.72142760981015,170.11172514854024,159.49587736831415,159.5653839111328,27744500,-0.05197963927044713,0.9480203607295529,AI_Core
2022-06-29 00:00:00-04:00,META,162.4353516237137,165.17620054541592,159.20789628875934,162.8027801513672,28595200,0.020288838098101447,1.0202888380981014,AI_Core
2022-06-30 00:00:00-04:00,META,161.02519001781133,164.08382645795453,157.3905902626989,160.13143920898438,35250600,-0.01640844793865992,0.9835915520613401,AI_Core
2022-07-01 00:00:00-04:00,META,159.19796310685604,159.50581028200295,153.9247998088432,158.91990661621094,31423900,-0.007565863385467275,0.9924341366145327,AI_Core
2022-07-05 00:00:00-04:00,META,157.0429977445288,167.0828662735314,155.9307719234765,167.02328491210938,28618600,0.0509903288294018,1.0509903288294018,AI_Core
2022-07-06 00:00:00-04:00,META,167.033214553339,170.39969794014357,164.31223128939016,168.5923309326172,23085900,0.009394175317132936,1.009394175317133,AI_Core
2022-07-07 00:00:00-04:00,META,168.27454597600874,171.52186668535077,166.61613235121607,170.99554443359375,24083400,0.014254583750533012,1.014254583750533,AI_Core
2022-07-08 00:00:00-04:00,META,168.80085998074657,171.20407084283283,166.98355270569803,169.6946258544922,19249200,-0.007607909220153863,0.9923920907798461,AI_Core
2022-07-11 00:00:00-04:00,META,165.91105887075022,166.328143553091,160.7868496540944,161.7501220703125,21885600,-0.046816472496847616,0.9531835275031524,AI_Core
2022-07-12 00:00:00-04:00,META,163.65683682680094,164.75913770909463,160.97556891534006,162.137451171875,16639700,0.002394613967550141,1.0023946139675501,AI_Core
2022-07-13 00:00:00-04:00,META,159.0489939667087,163.83555035660143,158.50280621658072,162.35589599609375,16555100,0.001347281720786242,1.0013472817207862,AI_Core
2022-07-14 00:00:00-04:00,META,160.10162123508712,161.46211272302358,156.188950513321,156.95361328125,23765200,-0.03327432417344256,0.9667256758265574,AI_Core
2022-07-15 00:00:00-04:00,META,159.42633397021643,163.83553629770498,158.71134252124213,163.55747985839844,23342800,0.04207527586711102,1.042075275867111,AI_Core
2022-07-18 00:00:00-04:00,META,165.59328022000832,170.4990146042201,164.49097951767354,166.0699462890625,23574300,0.015361366736875937,1.015361366736876,AI_Core
2022-07-19 00:00:00-04:00,META,169.18817796538053,175.2657352484484,168.33414297985146,174.56065368652344,25933700,0.05112729658310333,1.0511272965831033,AI_Core
2022-07-20 00:00:00-04:00,META,176.25880119663285,182.3264182430064,175.4742727457146,181.8199462890625,24784300,0.04158607595257591,1.041586075952576,AI_Core
2022-07-21 00:00:00-04:00,META,179.3770096978159,182.5746743968108,177.6292087773565,181.89938354492188,27195800,0.0004369006672848563,1.0004369006672849,AI_Core
2022-07-22 00:00:00-04:00,META,171.86945307838997,174.38190172971616,167.2417749894323,168.09580993652344,42583900,-0.0758857635435004,0.9241142364564996,AI_Core
2022-07-25 00:00:00-04:00,META,167.82764636306086,169.38676254055434,163.66670998438224,165.4939422607422,26166300,-0.01547848025934595,0.984521519740654,AI_Core
2022-07-26 00:00:00-04:00,META,164.78888117236554,164.84846252953244,156.85430212928955,158.0459747314453,28468400,-0.04500447223356552,0.9549955277664345,AI_Core
2022-07-27 00:00:00-04:00,META,161.46212428769684,169.68468546683903,160.8960862055005,168.4036407470703,43846600,0.06553577864431492,1.065535778644315,AI_Core
2022-07-28 00:00:00-04:00,META,159.94274035613432,160.38961572025178,153.77582699484466,159.6051025390625,73214300,-0.05224672203626857,0.9477532779637314,AI_Core
2022-07-29 00:00:00-04:00,META,156.5961304718885,159.0291321576182,154.09360709228082,157.99635314941406,42065400,-0.010079561142192883,0.9899204388578071,AI_Core
2022-08-01 00:00:00-04:00,META,156.15917010521343,164.04409342402658,154.15317843083196,158.82057189941406,40596700,0.0052166947753569115,1.005216694775357,AI_Core
2022-08-02 00:00:00-04:00,META,157.2118327223143,161.11457897672165,156.9139107318116,159.07879638671875,27374500,0.0016258881593012031,1.0016258881593012,AI_Core
2022-08-03 00:00:00-04:00,META,161.56144252689967,168.3639158538557,160.44921667380174,167.62905883789062,31721900,0.053748599092906746,1.0537485990929067,AI_Core
2022-08-04 00:00:00-04:00,META,167.1325373671115,170.95582154448263,165.64294258692857,169.3867950439453,23938200,0.010485868131936193,1.0104858681319362,AI_Core
2022-08-05 00:00:00-04:00,META,165.83161242349757,170.4195590937745,164.64986491074373,165.95077514648438,25832700,-0.02028505171592332,0.9797149482840767,AI_Core
2022-08-08 00:00:00-04:00,META,166.83462322756057,176.27864912306143,165.9706630633594,169.0690155029297,27299100,0.018790152403282523,1.0187901524032825,AI_Core
2022-08-09 00:00:00-04:00,META,167.77803139779587,168.3540098954533,165.44434187513875,167.36094665527344,18655100,-0.010102790523593308,0.9898972094764067,AI_Core
2022-08-10 00:00:00-04:00,META,174.769170437189,179.22801380351459,172.74331334330634,177.1028594970703,30262100,0.05820899700013693,1.058208997000137,AI_Core
2022-08-11 00:00:00-04:00,META,178.46337508205696,181.82985836067613,175.14653283572773,176.25877380371094,24079100,-0.004766076029242949,0.995233923970757,AI_Core
2022-08-12 00:00:00-04:00,META,179.5557414317746,180.20124155559793,177.6689275530866,179.24789428710938,21274000,0.016958704630086974,1.016958704630087,AI_Core
2022-08-15 00:00:00-04:00,META,177.71858826208515,180.18138063501422,176.96385056905282,179.63519287109375,15878700,0.0021606869387487126,1.0021606869387487,AI_Core
2022-08-16 00:00:00-04:00,META,178.1952459401866,179.7344967831318,175.81188539703066,178.22503662109375,21156700,-0.007850111258610237,0.9921498887413898,AI_Core
2022-08-17 00:00:00-04:00,META,175.5338393460009,176.90427136073453,172.96180938893704,173.63710021972656,20118100,-0.025742378783297104,0.9742576212167029,AI_Core
2022-08-18 00:00:00-04:00,META,173.13060732813116,174.54075503123113,170.66781522362834,173.44839477539062,18844500,-0.0010867806712802075,0.9989132193287198,AI_Core
2022-08-19 00:00:00-04:00,META,169.0193585513689,171.12466290092638,165.89121544108187,166.79490661621094,26240800,-0.038360044598831355,0.9616399554011686,AI_Core
2022-08-22 00:00:00-04:00,META,164.34200627110621,164.34200627110621,161.13440177445395,161.91893005371094,19499700,-0.029233366062666688,0.9707666339373333,AI_Core
2022-08-23 00:00:00-04:00,META,161.3528773706251,163.9050566390296,159.58522638399307,159.9923858642578,18111800,-0.01189820232145844,0.9881017976785416,AI_Core
2022-08-24 00:00:00-04:00,META,159.48592065438604,164.31220734346127,158.6616765626065,162.12745666503906,20891500,0.013344827563186001,1.013344827563186,AI_Core
2022-08-25 00:00:00-04:00,META,164.03415860747302,167.70850426753756,162.88221690647927,167.60919189453125,15550500,0.033811270109649794,1.0338112701096498,AI_Core
2022-08-26 00:00:00-04:00,META,167.3112491377752,169.73432526979917,160.54849256698262,160.65773010253906,24023600,-0.04147422771637976,0.9585257722836202,AI_Core
2022-08-29 00:00:00-04:00,META,159.5455264556274,161.91894673546284,157.90696319573627,158.06585693359375,20052700,-0.016132888017844293,0.9838671119821557,AI_Core
2022-08-30 00:00:00-04:00,META,159.23768284651592,160.53859315412387,154.82848001713788,156.06980895996094,19567900,-0.012627951490317035,0.987372048509683,AI_Core
2022-08-31 00:00:00-04:00,META,165.91107021908033,166.67571794587022,161.0152609370121,161.79977416992188,40953000,0.03671411689515769,1.0367141168951577,AI_Core
2022-09-01 00:00:00-04:00,META,162.4452699687775,166.19904741902297,159.2376802751425,164.21292114257812,30145700,0.014914402600599175,1.0149144026005992,AI_Core
2022-09-02 00:00:00-04:00,META,166.28841544244423,166.76508149443754,158.11551025538967,159.2078857421875,22634200,-0.030478937744764845,0.9695210622552352,AI_Core
2022-09-06 00:00:00-04:00,META,158.9894072176834,160.56837389852208,156.59612152734138,157.44021606445312,19339800,-0.01110290278332593,0.9888970972166741,AI_Core
2022-09-07 00:00:00-04:00,META,156.66562873223995,159.8434427650851,155.72222182065045,159.2773895263672,16831200,0.011669022742968993,1.011669022742969,AI_Core
2022-09-08 00:00:00-04:00,META,157.60905392509943,161.104625185907,156.6457814896264,160.93580627441406,22530800,0.010412129135079384,1.0104121291350794,AI_Core
2022-09-09 00:00:00-04:00,META,162.11757181554066,168.36393284637623,161.88917151614353,167.9766387939453,22086800,0.04374932268040976,1.0437493226804098,AI_Core
2022-09-12 00:00:00-04:00,META,166.2288473797376,170.20110015435628,166.11960982231793,167.7879638671875,23220400,-0.001123221229526239,0.9988767787704738,AI_Core
2022-09-13 00:00:00-04:00,META,160.41939772079658,160.50878491113568,151.61093335516279,152.0677490234375,44444100,-0.09369095661827886,0.9063090433817211,AI_Core
2022-09-14 00:00:00-04:00,META,152.2663636796208,152.47489844050713,148.01605491490287,150.4192657470703,43064200,-0.010840452935968137,0.9891595470640319,AI_Core
2022-09-15 00:00:00-04:00,META,148.76088484267365,153.13035728599013,147.66850915537285,148.5126190185547,34606300,-0.012675548700800343,0.9873244512991997,AI_Core
2022-09-16 00:00:00-04:00,META,147.02299299091143,147.5493152145355,143.28906608768818,145.2751922607422,40122800,-0.021799001183919753,0.9782009988160802,AI_Core
2022-09-19 00:00:00-04:00,META,144.23249552916624,147.54932277133344,144.09346729604968,146.9932098388672,22169500,0.011825952878737,1.011825952878737,AI_Core
2022-09-20 00:00:00-04:00,META,144.76875195384073,147.80752291864286,144.21263898681053,145.07659912109375,23217400,-0.013038770429426028,0.986961229570574,AI_Core
2022-09-21 00:00:00-04:00,META,145.37450849074926,148.56224775043975,141.01496203125282,141.13412475585938,38338600,-0.02717512258433652,0.9728248774156635,AI_Core
2022-09-22 00:00:00-04:00,META,140.56809023965945,143.577070336103,139.89279942616923,141.82928466796875,34418500,0.0049255267874577235,1.0049255267874577,AI_Core
2022-09-23 00:00:00-04:00,META,140.4389776261321,141.63065028026608,137.92652926974512,139.4359893798828,31710700,-0.016874479016719235,0.9831255209832808,AI_Core
2022-09-26 00:00:00-04:00,META,139.14799788660858,141.25330198021248,135.24526714438548,135.42401123046875,30497000,-0.028772902657747346,0.9712270973422527,AI_Core
2022-09-27 00:00:00-04:00,META,136.96326843093527,138.45286316247478,133.18962541378022,133.46768188476562,30826500,-0.014445956281517791,0.9855540437184822,AI_Core
2022-09-28 00:00:00-04:00,META,133.68616806769387,141.0447702879112,133.33860502663492,140.627685546875,32658500,0.05364597302507468,1.0536459730250747,AI_Core
2022-09-29 00:00:00-04:00,META,138.39327831830832,138.86994437759347,134.26213206332815,135.4637451171875,38985400,-0.036720652904198015,0.963279347095802,AI_Core
2022-09-30 00:00:00-04:00,META,135.10625901635723,140.0119939257211,134.5600711949405,134.7388153076172,33166400,-0.005351467353447159,0.9946485326465528,AI_Core
2022-10-03 00:00:00-04:00,META,136.18867923947806,138.65147159879163,135.15590023490822,137.6484832763672,27723100,0.021594875701608673,1.0215948757016087,AI_Core
2022-10-04 00:00:00-04:00,META,139.51544995703262,141.4022639154571,138.37341822182503,139.30690002441406,34670700,0.012048202120158003,1.012048202120158,AI_Core
2022-10-05 00:00:00-04:00,META,137.2810426926311,139.2373781305464,133.84503784216344,138.01589965820312,27979300,-0.009267310994535705,0.9907326890054643,AI_Core
2022-10-06 00:00:00-04:00,META,136.76465957644757,140.46878091958473,135.6524336864408,138.1053009033203,36231100,0.0006477604778767354,1.0006477604778767,AI_Core
2022-10-07 00:00:00-04:00,META,135.81132903212566,137.33071464180736,131.52130353212522,132.5242919921875,33214800,-0.040411257747736684,0.9595887422522633,AI_Core
2022-10-10 00:00:00-04:00,META,132.62359773984062,135.16583719074,130.9552436295989,132.86192321777344,24024000,0.00254769310977232,1.0025476931097723,AI_Core
2022-10-11 00:00:00-04:00,META,130.7069435735247,131.73973755042812,126.10906473901129,127.64830780029297,38481400,-0.03924085464979199,0.960759145350208,AI_Core
2022-10-12 00:00:00-04:00,META,127.4298738864634,128.77050008091746,125.37422584084904,126.61555480957031,34605200,-0.008090612468897085,0.9919093875311029,AI_Core
2022-10-13 00:00:00-04:00,META,122.67308358829318,130.2302943889548,121.68002048782748,129.3861846923828,34325700,0.021882223609725804,1.0218822236097258,AI_Core
2022-10-14 00:00:00-04:00,META,130.09126154468032,130.87577469891576,125.64233567881853,125.88067626953125,23559400,-0.02709337500897757,0.9729066249910224,AI_Core
2022-10-17 00:00:00-04:00,META,129.39612223902975,133.85496576636612,129.27694436553693,133.11016845703125,29612200,0.05743131036268401,1.057431310362684,AI_Core
2022-10-18 00:00:00-04:00,META,136.13901825885176,136.88381559214864,130.4884867324357,131.8787841796875,25445000,-0.00925086559214483,0.9907491344078552,AI_Core
2022-10-19 00:00:00-04:00,META,131.96814833194603,136.04963808047793,131.3027979056716,132.3057861328125,30691000,0.0032378365919965013,1.0032378365919965,AI_Core
2022-10-20 00:00:00-04:00,META,132.00788188487778,135.82125603082707,130.39912437440867,130.6175994873047,26356300,-0.012759734058895633,0.9872402659411044,AI_Core
2022-10-21 00:00:00-04:00,META,125.4337786404763,129.2173460509951,124.56981872394658,129.1081085205078,46348600,-0.011556566440677818,0.9884434335593222,AI_Core
2022-10-24 00:00:00-04:00,META,126.36729258833617,132.55407210052488,123.70588290109863,128.82015991210938,63563400,-0.002230290658721046,0.997769709341279,AI_Core
2022-10-25 00:00:00-04:00,META,129.9721082704897,137.39029111902516,129.6841114749998,136.5561065673828,38433200,0.06005229818493829,1.0600522981849383,AI_Core
2022-10-26 00:00:00-04:00,META,130.76654700494944,134.6097116608422,127.63840417505021,128.91946411132812,82791500,-0.05592311210400858,0.9440768878959914,AI_Core
2022-10-27 00:00:00-04:00,META,97.30033592507377,101.78897826720984,95.7114287397259,97.26061248779297,232316600,-0.2455707665383733,0.7544292334616267,AI_Core
2022-10-28 00:00:00-04:00,META,98.88922490447071,100.15041170257088,96.83358459909144,98.51185607910156,95928300,0.01286485412032179,1.0128648541203218,AI_Core
2022-10-31 00:00:00-04:00,META,97.53866036503508,98.63102827621302,91.95764293134883,92.51376342773438,121361400,-0.06088701289468068,0.9391129871053193,AI_Core
2022-11-01 00:00:00-04:00,META,93.6756365783882,96.81371178461906,92.90104863433342,94.53959655761719,110189600,0.02189764046800735,1.0218976404680074,AI_Core
2022-11-02 00:00:00-04:00,META,93.55647365415787,94.539604000825,89.85235253745208,89.91193389892578,71821100,-0.04894946485064677,0.9510505351493532,AI_Core
2022-11-03 00:00:00-04:00,META,89.45512541093512,89.8324866594847,87.79671186073098,88.29324340820312,60664000,-0.018003066117366573,0.9819969338826334,AI_Core
2022-11-04 00:00:00-04:00,META,89.72326701174346,90.75605374569172,87.47894184803914,90.16021728515625,55638100,0.0211451500124602,1.0211451500124602,AI_Core
2022-11-07 00:00:00-05:00,META,94.1225197898974,96.20795079311442,92.45417347202974,96.04906463623047,81987300,0.06531536334311538,1.0653153633431154,AI_Core
2022-11-08 00:00:00-05:00,META,95.25461637027523,97.12157995769246,94.1324577284015,95.8008041381836,52088300,-0.0025847258272333473,0.9974152741727667,AI_Core
2022-11-09 00:00:00-05:00,META,101.01438670274665,104.17232788134447,100.04118146405922,100.76612091064453,107677300,0.05182959388627828,1.0518295938862783,AI_Core
2022-11-10 00:00:00-05:00,META,106.37692154748625,111.96786404919858,103.88433105566673,111.0939712524414,80671000,0.10249328096052457,1.1024932809605246,AI_Core
2022-11-11 00:00:00-05:00,META,108.47228980898205,114.10295597850015,108.05519753324442,112.23599243164062,59961700,0.010279776358018466,1.0102797763580185,AI_Core
2022-11-14 00:00:00-05:00,META,110.22008346981342,115.46345600225479,110.03140661206209,113.42768096923828,53395000,0.01061770392704875,1.0106177039270487,AI_Core
2022-11-15 00:00:00-05:00,META,115.26482647619379,117.91630296834855,113.61634577347024,116.267822265625,50670500,0.025039225629209128,1.0250392256292091,AI_Core
2022-11-16 00:00:00-05:00,META,113.70572877695277,115.27477034611428,111.87849624815995,112.44454193115234,33287800,-0.0328833916381267,0.9671166083618733,AI_Core
2022-11-17 00:00:00-05:00,META,109.64410848040296,111.55078795269303,109.03833933923725,110.67688751220703,35093800,-0.01572023317972704,0.984279766820273,AI_Core
2022-11-18 00:00:00-05:00,META,113.01058846285041,113.52697796246153,109.85264737178989,111.2727279663086,33357700,0.0053836032752172525,1.0053836032752173,AI_Core
2022-11-21 00:00:00-05:00,META,110.74639649912582,111.59050621756411,108.43256517321927,109.09791564941406,24351100,-0.019544881811049186,0.9804551181889508,AI_Core
2022-11-22 00:00:00-05:00,META,109.09792757013905,110.84572098462105,107.5686092795262,110.6669692993164,29029000,0.01438206807675857,1.0143820680767586,AI_Core
2022-11-23 00:00:00-05:00,META,110.94501340234123,111.88842033935603,109.96188303119828,111.4614028930664,21343100,0.007178597180169666,1.0071785971801697,AI_Core
2022-11-25 00:00:00-05:00,META,110.52793133194992,111.94801193573602,110.24986728645337,110.63716888427734,12007600,-0.007394793061951788,0.9926052069380482,AI_Core
2022-11-28 00:00:00-05:00,META,110.01153991004735,111.26280166148337,107.62818671851666,108.0254135131836,23309400,-0.023606491357579418,0.9763935086424206,AI_Core
2022-11-29 00:00:00-05:00,META,108.78013045833187,110.17042028263462,107.78706738046849,108.70068359375,23899200,0.006251029814239084,1.006251029814239,AI_Core
2022-11-30 00:00:00-05:00,META,108.75034544287803,117.34034302913078,108.62124238709019,117.28075408935547,43348600,0.07893299482523952,1.0789329948252395,AI_Core
2022-12-01 00:00:00-05:00,META,118.37311900070078,120.35924520927946,117.57867306315146,119.60452270507812,36551400,0.019813725054599995,1.0198137250546,AI_Core
2022-12-02 00:00:00-05:00,META,117.01263581110268,123.17955722302418,116.79416070021333,122.63336944580078,39950500,0.02532384789654829,1.0253238478965483,AI_Core
2022-12-05 00:00:00-05:00,META,120.90543576443036,123.80517827816894,120.50820899816485,121.58071899414062,35474900,-0.00858371955706061,0.9914162804429394,AI_Core
2022-12-06 00:00:00-05:00,META,119.0781976583812,119.71375742399132,112.9509926915763,113.32836151123047,43689200,-0.06787554433945953,0.9321244556605405,AI_Core
2022-12-07 00:00:00-05:00,META,112.97086004692484,115.07614896382506,112.09695967254044,113.13967895507812,29461100,-0.0016649191220650117,0.998335080877935,AI_Core
2022-12-08 00:00:00-05:00,META,115.58262041467984,116.52602738469093,113.79510369874546,114.52997589111328,30619400,0.012288323149539426,1.0122883231495394,AI_Core
2022-12-09 00:00:00-05:00,META,114.50017198974827,116.72463108662397,113.0800915339436,115.09600830078125,26033400,0.004942220630572036,1.004942220630572,AI_Core
2022-12-12 00:00:00-05:00,META,114.38100936781183,114.91726435664589,112.3551597132621,113.91426849365234,24747100,-0.010267426512661104,0.9897325734873389,AI_Core
2022-12-13 00:00:00-05:00,META,121.28278893869566,122.44467847843467,117.81700097646582,119.3165283203125,44701100,0.04742390833121313,1.0474239083312131,AI_Core
2022-12-14 00:00:00-05:00,META,118.5618080009239,123.27885792875243,118.5618080009239,120.74654388427734,36922000,0.011985058433194418,1.0119850584331944,AI_Core
2022-12-15 00:00:00-05:00,META,117.50916975653068,117.80708416933531,113.21913705449421,115.34429168701172,34531000,-0.044740429195580966,0.955259570804419,AI_Core
2022-12-16 00:00:00-05:00,META,119.39600089183239,122.45463002084045,117.99577803731817,118.60154724121094,67064000,0.028239417023235402,1.0282394170232354,AI_Core
2022-12-19 00:00:00-05:00,META,116.01956408518664,116.98283650686149,113.53690632889901,113.68586730957031,29769900,-0.041447013516975106,0.9585529864830249,AI_Core
2022-12-20 00:00:00-05:00,META,112.4743297898754,116.51609633840275,111.67987627248904,116.27775573730469,28742500,0.022798686319352113,1.0227986863193521,AI_Core
2022-12-21 00:00:00-05:00,META,115.8904666033582,119.50521586414342,114.81796415920795,118.92924499511719,20392800,0.022803065306856718,1.0228030653068567,AI_Core
2022-12-22 00:00:00-05:00,META,116.38698780977433,117.79714311561598,113.58655027861963,116.30754852294922,23618100,-0.022044169811013314,0.9779558301889867,AI_Core
2022-12-23 00:00:00-05:00,META,115.22512457679196,117.36021202198714,114.7385257188311,117.22118377685547,17796600,0.007855339275128603,1.0078553392751286,AI_Core
2022-12-27 00:00:00-05:00,META,117.11193316595197,117.77728363300687,115.24497724188932,116.0692138671875,21392300,-0.009827318514893046,0.990172681485107,AI_Core
2022-12-28 00:00:00-05:00,META,115.44358969536862,117.33041117127519,114.70872509527865,114.81796264648438,19612500,-0.010780216209053228,0.9892197837909468,AI_Core
2022-12-29 00:00:00-05:00,META,115.59254196469233,120.19042121551982,114.96690738651516,119.42576599121094,22366200,0.04013138047845044,1.0401313804784504,AI_Core
2022-12-30 00:00:00-05:00,META,117.34034806387496,119.58466537798836,116.92325577343314,119.50521850585938,19583800,0.0006652878797888118,1.0006652878797888,AI_Core
2023-01-03 00:00:00-05:00,META,121.96802291246617,125.4934003317137,121.43176787093023,123.87470245361328,35528500,0.036563122534600145,1.0365631225346001,AI_Core
2023-01-04 00:00:00-05:00,META,126.49637537128699,128.1547965119214,124.97699003546767,126.4864501953125,32397100,0.021083786196598453,1.0210837861965985,AI_Core
2023-01-05 00:00:00-05:00,META,125.25504671628343,127.6284745077786,123.67608001591103,126.05943298339844,25447100,-0.003375991746583873,0.9966240082534161,AI_Core
2023-01-06 00:00:00-05:00,META,128.07536832739842,129.4259349510134,125.1656927072315,129.1180877685547,27584500,0.024263593074855816,1.0242635930748558,AI_Core
2023-01-09 00:00:00-05:00,META,130.25016326294266,132.0277395914627,128.38319973683383,128.57188415527344,26649100,-0.004230264114972959,0.995769735885027,AI_Core
2023-01-10 00:00:00-05:00,META,126.38714433308007,132.51434975414818,126.26798160348737,132.06747436523438,28684400,0.0271878275170907,1.0271878275170907,AI_Core
2023-01-11 00:00:00-05:00,META,130.05155039539636,132.9215021516353,129.4358409686768,131.96815490722656,25423000,-0.0007520357187503768,0.9992479642812496,AI_Core
2023-01-12 00:00:00-05:00,META,132.51435215688096,136.72493031020812,130.84599814762683,135.7616729736328,30757700,0.028745708152645433,1.0287457081526454,AI_Core
2023-01-13 00:00:00-05:00,META,134.03373369283793,136.43694468179817,133.90463063523947,136.02978515625,22423800,0.0019748738855720482,1.001974873885572,AI_Core
2023-01-17 00:00:00-05:00,META,135.23532436232162,135.8013775971984,133.31871987147267,134.4210205078125,21147600,-0.011826561709184502,0.9881734382908155,AI_Core
2023-01-18 00:00:00-05:00,META,134.86789893919627,136.29791224625038,131.87878442440996,132.09725952148438,20215500,-0.017287184530733968,0.982712815469266,AI_Core
2023-01-19 00:00:00-05:00,META,131.57093643512005,136.49652095770875,131.2233582866692,135.20553588867188,28625200,0.023530210834403986,1.023530210834404,AI_Core
2023-01-20 00:00:00-05:00,META,134.9473578036574,138.96926679906724,133.67623811836893,138.40321350097656,28688600,0.023650493238217996,1.023650493238218,AI_Core
2023-01-23 00:00:00-05:00,META,138.32375154454283,142.76274478209868,137.6981321000071,142.27615356445312,27470100,0.027983021242850237,1.0279830212428502,AI_Core
2023-01-24 00:00:00-05:00,META,140.7071407203326,143.99417780294968,140.3794280145658,142.14707946777344,21970200,-0.0009072082246109892,0.999092791775389,AI_Core
2023-01-25 00:00:00-05:00,META,140.24036092497738,142.1768307837809,139.33666993988936,140.51841735839844,26622000,-0.011457584042338653,0.9885424159576613,AI_Core
2023-01-26 00:00:00-05:00,META,143.3983061489729,146.48673300837004,142.3059458263939,146.2781982421875,25482100,0.04098950864994788,1.0409895086499479,AI_Core
2023-01-27 00:00:00-05:00,META,147.21170231500102,152.12736239461694,146.36759248742518,150.6874237060547,35771900,0.030142738404304037,1.030142738404304,AI_Core
2023-01-30 00:00:00-05:00,META,148.3735757881808,150.07170536811816,145.9306336581153,146.0398712158203,28040100,-0.030842338238527,0.969157661761473,AI_Core
2023-01-31 00:00:00-05:00,META,146.92368635959087,148.84030607097574,146.4966764891175,147.93661499023438,29842100,0.012987848856775619,1.0129878488567756,AI_Core
2023-02-01 00:00:00-05:00,META,147.00314280993058,152.51464654526134,146.03987030335287,152.05783081054688,55661000,0.027857983776258255,1.0278579837762583,AI_Core
2023-02-02 00:00:00-05:00,META,182.10790119005645,195.7923083733965,178.91023705810056,187.46051025390625,150475700,0.23282378325828268,1.2328237832582827,AI_Core
2023-02-03 00:00:00-05:00,META,182.1972979017333,195.40504086784406,181.6213194546132,185.23606872558594,76809700,-0.011866187312236653,0.9881338126877633,AI_Core
2023-02-06 00:00:00-05:00,META,185.23605849534317,189.37712979649177,184.2330702212179,184.76931762695312,42483800,-0.0025197635743623437,0.9974802364256377,AI_Core
2023-02-07 00:00:00-05:00,META,184.29264668049973,192.4357608385614,183.12082437626285,190.29074096679688,47080700,0.02988279337044175,1.0298827933704418,AI_Core
2023-02-08 00:00:00-05:00,META,188.68201008412757,189.50625436758497,181.65112073211336,182.15757751464844,36139100,-0.04274072091383341,0.9572592790861666,AI_Core
2023-02-09 00:00:00-05:00,META,184.8388300516715,185.35521192673428,176.04029083653768,176.68577575683594,37118800,-0.030038836882163023,0.969961163117837,AI_Core
2023-02-10 00:00:00-05:00,META,175.12669134476383,177.64906506091359,172.14750191549953,172.9419403076172,33433600,-0.021189229484841032,0.978810770515159,AI_Core
2023-02-13 00:00:00-05:00,META,176.98373519446065,179.7444498416719,174.6003894345327,178.18533325195312,31463200,0.030318804883357586,1.0303188048833576,AI_Core
2023-02-14 00:00:00-05:00,META,175.93108652361,180.25090250837437,174.659966793786,178.2349853515625,24034600,0.00027865424557238505,1.0002786542455724,AI_Core
2023-02-15 00:00:00-05:00,META,175.1962038438669,176.95392990973855,174.1137686177919,175.9310760498047,25308900,-0.01292624619803695,0.987073753801963,AI_Core
2023-02-16 00:00:00-05:00,META,171.55163678472437,174.63013820933068,170.5982896177881,171.24378967285156,25827500,-0.026642742613739223,0.9733572573862608,AI_Core
2023-02-17 00:00:00-05:00,META,169.03921912517762,171.97867771168566,168.5228220183266,171.68077087402344,24171300,0.0025518075838353305,1.0025518075838353,AI_Core
2023-02-21 00:00:00-05:00,META,173.10081786312165,176.93404184317134,170.68768192444588,170.88629150390625,34592600,-0.0046276549556045765,0.9953723450443954,AI_Core
2023-02-22 00:00:00-05:00,META,169.88332710252644,171.5615911643237,168.51289505206418,169.93296813964844,22433200,-0.005578700057611186,0.9944212999423888,AI_Core
2023-02-23 00:00:00-05:00,META,170.80684176314054,172.48512071423704,168.20502146429376,170.8465576171875,20017800,0.0053761756034784725,1.0053761756034785,AI_Core
2023-02-24 00:00:00-05:00,META,167.4701777271182,169.53575100498932,166.49698003228437,169.20803833007812,19791300,-0.009590590000535859,0.9904094099994641,AI_Core
2023-02-27 00:00:00-05:00,META,170.68771690800259,171.9191056448018,167.88727125894107,168.3639373779297,19277000,-0.004988539318101615,0.9950114606818984,AI_Core
2023-02-28 00:00:00-05:00,META,170.70755046716732,176.31836639072463,170.67775978472054,173.72647094726562,46051100,0.031850844384201826,1.0318508443842018,AI_Core
2023-03-01 00:00:00-05:00,META,173.37887720914978,176.61627250504657,171.8495667534545,172.2169952392578,30998400,-0.0086888066037214,0.9913111933962786,AI_Core
2023-03-02 00:00:00-05:00,META,171.18421069860065,173.7959561747655,170.24078869368054,173.3192901611328,17352000,0.006400616387155056,1.006400616387155,AI_Core
2023-03-03 00:00:00-05:00,META,177.67885893450952,185.3254422430507,175.8218356725193,183.96495056152344,45877700,0.061422247866890656,1.0614222478668907,AI_Core
2023-03-06 00:00:00-05:00,META,186.6958724355289,188.34436090331448,183.35917964120182,183.61737060546875,33209400,-0.0018893814011514687,0.9981106185988485,AI_Core
2023-03-07 00:00:00-05:00,META,187.68893091467473,189.0394973728768,182.73354045821804,183.23007202148438,36701500,-0.002109269851252482,0.9978907301487475,AI_Core
2023-03-08 00:00:00-05:00,META,181.6014509997279,183.97487129085047,180.08206561247465,183.6868896484375,19432400,0.0024931367537723848,1.0024931367537724,AI_Core
2023-03-09 00:00:00-05:00,META,185.05730387571478,187.6193931886274,179.04926944304498,180.42962646484375,26582800,-0.01773269278949574,0.9822673072105043,AI_Core
2023-03-10 00:00:00-05:00,META,179.75436531559095,183.48829266497177,177.5597041177782,178.2647705078125,25665000,-0.011998339737476882,0.9880016602625231,AI_Core
2023-03-13 00:00:00-04:00,META,176.7255332709814,182.50515320013594,173.6073154373622,179.64512634277344,24728000,0.0077432901129528275,1.0077432901129528,AI_Core
2023-03-14 00:00:00-04:00,META,186.27878888385163,192.97204001980109,185.26586022047786,192.6741180419922,41642600,0.07252627424113167,1.0725262742411317,AI_Core
2023-03-15 00:00:00-04:00,META,191.61152878670697,196.4080255450834,189.51616496662461,196.37823486328125,42123600,0.019224776316255188,1.0192247763162552,AI_Core
2023-03-16 00:00:00-04:00,META,196.88469349861998,204.3326670795369,194.7297482942276,203.5084228515625,50447100,0.0363084432103451,1.036308443210345,AI_Core
2023-03-17 00:00:00-04:00,META,199.16872616449064,200.49942703670612,194.0743077851282,194.25306701660156,50141100,-0.0454789816818133,0.9545210183181867,AI_Core
2023-03-20 00:00:00-04:00,META,197.10315562016626,197.97705597837466,192.29673395590015,196.43780517578125,25186300,0.011246865713543608,1.0112468657135436,AI_Core
2023-03-21 00:00:00-04:00,META,201.79043897159778,202.1380171523649,196.57685717774208,200.75765991210938,31827000,0.021990953994128315,1.0219909539941283,AI_Core
2023-03-22 00:00:00-04:00,META,201.095277091243,205.9314895234594,198.28490670909648,198.42393493652344,28477800,-0.011624587458369584,0.9883754125416304,AI_Core
2023-03-23 00:00:00-04:00,META,201.4329169992156,206.43796354444146,200.74770103087417,202.86293029785156,27389700,0.02237126968955727,1.0223712696895573,AI_Core
2023-03-24 00:00:00-04:00,META,203.7566883902138,206.14004902497825,202.13800577125969,204.5809326171875,27716400,0.008468783906520061,1.00846878390652,AI_Core
2023-03-27 00:00:00-04:00,META,203.38925794851974,204.4319772692873,199.9631931685185,201.43292236328125,18527200,-0.01538760339800005,0.984612396602,AI_Core
2023-03-28 00:00:00-04:00,META,198.76155014527717,199.6354504199566,196.52715843173974,199.28787231445312,19127300,-0.01064895461805171,0.9893510453819483,AI_Core
2023-03-29 00:00:00-04:00,META,202.14793034442258,204.29295036342754,201.13500169884674,203.92552185058594,18851100,0.02327110768092866,1.0232711076809287,AI_Core
2023-03-30 00:00:00-04:00,META,201.9691860222498,206.6465049204473,201.4130730889809,206.3982391357422,22608300,0.012125590081696558,1.0121255900816966,AI_Core
2023-03-31 00:00:00-04:00,META,205.80240916140227,210.69820313423787,205.33566827660388,210.4698028564453,25440300,0.01972673670934455,1.0197267367093446,AI_Core
2023-04-03 00:00:00-04:00,META,207.3913118002008,212.00906469957744,206.7557519682816,211.59197998046875,17924600,0.00533177258111861,1.0053317725811186,AI_Core
2023-04-04 00:00:00-04:00,META,211.90975392152575,214.73999007972566,211.06564414720177,213.23052978515625,21026400,0.007743912622958371,1.0077439126229584,AI_Core
2023-04-05 00:00:00-04:00,META,212.6644774037662,213.69727161345537,208.48368983343693,210.01300048828125,19396600,-0.015089440053996372,0.9849105599460036,AI_Core
2023-04-06 00:00:00-04:00,META,207.798433979437,215.4350909190894,207.20259011473615,214.60092163085938,26104400,0.021845891120602978,1.021845891120603,AI_Core
2023-04-10 00:00:00-04:00,META,213.22058382610507,214.16399073590577,209.19867526017546,213.2602996826172,16106100,-0.00624704655531827,0.9937529534446817,AI_Core
2023-04-11 00:00:00-04:00,META,213.9852291542091,214.52149170535768,211.92959644931315,212.36654663085938,16710100,-0.0041909021655128775,0.9958090978344871,AI_Core
2023-04-12 00:00:00-04:00,META,213.34968761381884,215.3358139520289,211.1053703067004,212.51551818847656,18972200,0.0007014831666314336,1.0007014831666314,AI_Core
2023-04-13 00:00:00-04:00,META,214.23349515104934,219.61589525507537,214.1937792949306,218.8214569091797,23310400,0.02967283883292926,1.0296728388329293,AI_Core
2023-04-14 00:00:00-04:00,META,216.3686088464835,220.5692618228154,216.04089618124604,219.9535675048828,21591200,0.005173672690484743,1.0051736726904847,AI_Core
2023-04-17 00:00:00-04:00,META,218.26532298731868,219.44707045154968,215.62378676761736,217.34178161621094,15481900,-0.011874260182726526,0.9881257398172735,AI_Core
2023-04-18 00:00:00-04:00,META,218.38450114536104,218.91082335488744,214.71017085421727,216.37850952148438,12281000,-0.004432061279535882,0.9955679387204641,AI_Core
2023-04-19 00:00:00-04:00,META,211.98919349384875,215.82241788882212,211.45293090302494,214.20372009277344,15898100,-0.010050856868921154,0.9899491431310788,AI_Core
2023-04-20 00:00:00-04:00,META,211.99912436985045,215.24644522576878,211.29405799455063,211.59197998046875,16475400,-0.012192785966431918,0.9878072140335681,AI_Core
2023-04-21 00:00:00-04:00,META,208.75180610707153,211.92960507547147,208.12617148957972,211.4132080078125,17717200,-0.0008448901166894229,0.9991551098833106,AI_Core
2023-04-24 00:00:00-04:00,META,212.19771409502508,212.43605469201742,209.24833065429874,211.3138885498047,15750900,-0.0004697883303683703,0.9995302116696316,AI_Core
2023-04-25 00:00:00-04:00,META,209.35758075618784,209.79451581413423,205.69317530472057,206.11026000976562,19198200,-0.02462511373838361,0.9753748862616164,AI_Core
2023-04-26 00:00:00-04:00,META,211.02590456421436,212.6247367296185,207.43102106246127,207.94740295410156,41992700,0.008913398800471706,1.0089133988004717,AI_Core
2023-04-27 00:00:00-04:00,META,238.22591187983951,240.0134285311485,235.12755978619774,236.90513610839844,71196500,0.1392550844248268,1.1392550844248268,AI_Core
2023-04-28 00:00:00-04:00,META,237.35201341308866,238.762161240327,234.11463306207162,238.65293884277344,39554000,0.007377648129905046,1.007377648129905,AI_Core
2023-05-01 00:00:00-04:00,META,236.96472226230986,242.30740681898098,234.81971739031144,241.4930877685547,29143900,0.011900749848516856,1.0119007498485169,AI_Core
2023-05-02 00:00:00-04:00,META,241.49306957739785,243.22100477059425,237.33214805138553,237.58041381835938,24350100,-0.016202012183243908,0.9837979878167561,AI_Core
2023-05-03 00:00:00-04:00,META,237.80884937482688,240.07303229342506,231.13546335592423,235.38577270507812,34463900,-0.009237466498223879,0.9907625335017761,AI_Core
2023-05-04 00:00:00-04:00,META,234.4224897541913,236.54764433430736,231.3141971795904,231.90011596679688,17889400,-0.014808272812004364,0.9851917271879956,AI_Core
2023-05-05 00:00:00-04:00,META,230.62898999634135,233.0520513390073,228.25556968851794,231.1652374267578,27000500,-0.0031689442541903423,0.9968310557458097,AI_Core
2023-05-08 00:00:00-04:00,META,229.81468249897824,233.98554488249752,228.67266588724453,231.65185546875,16400500,0.0021050658282750767,1.002105065828275,AI_Core
2023-05-09 00:00:00-04:00,META,229.85439015911044,234.24372721155098,229.47702133485248,231.75112915039062,16865600,0.000428546887482284,1.0004285468874823,AI_Core
2023-05-10 00:00:00-04:00,META,234.53171137808388,235.10768979657198,229.11952049360835,231.46315002441406,19119000,-0.0012426223209022202,0.9987573776790978,AI_Core
2023-05-11 00:00:00-04:00,META,231.43335944398112,236.55756869790676,230.68856211589681,234.1543426513672,20449000,0.011626872902530172,1.0116268729025302,AI_Core
2023-05-12 00:00:00-04:00,META,235.0977780320759,235.31625313958426,229.84446542827206,232.18809509277344,16161400,-0.00839722866691095,0.991602771333089,AI_Core
2023-05-15 00:00:00-04:00,META,235.27654930437137,238.59337700630212,233.69758233376243,237.20309448242188,20653200,0.02159886529774324,1.0215988652977432,AI_Core
2023-05-16 00:00:00-04:00,META,234.15436516028703,237.97766453982413,233.88624900652016,237.16336059570312,18163800,-0.0001675099846629724,0.999832490015337,AI_Core
2023-05-17 00:00:00-04:00,META,236.79590818162305,242.14851802395924,236.48806102557035,240.80789184570312,21193100,0.01536717661971787,1.0153671766197179,AI_Core
2023-05-18 00:00:00-04:00,META,239.6261459129336,245.37597499901185,239.51690835813355,245.1376495361328,22943300,0.017980132034891794,1.0179801320348918,AI_Core
2023-05-19 00:00:00-04:00,META,245.7533271934296,246.96486539074206,241.72149342165952,243.93601989746094,21733600,-0.004901856736187593,0.9950981432638124,AI_Core
2023-05-22 00:00:00-04:00,META,243.70764037467293,251.81103961784083,243.41964356477632,246.5974578857422,27738500,0.010910393591729406,1.0109103935917294,AI_Core
2023-05-23 00:00:00-04:00,META,245.09791840756068,249.8646246511215,244.93902466375565,245.02841186523438,17748100,-0.0063627826254186726,0.9936372173745813,AI_Core
2023-05-24 00:00:00-04:00,META,243.5785163383719,247.85861588162453,243.2508036965043,247.48126220703125,17724300,0.010010473165642297,1.0100104731656423,AI_Core
2023-05-25 00:00:00-04:00,META,251.64220015112937,253.8468015914283,247.44154720264257,250.9371337890625,22371400,0.013964174706448063,1.013964174706448,AI_Core
2023-05-26 00:00:00-04:00,META,251.1754390496481,260.4903756445673,250.9569791114495,260.2222595214844,25727200,0.03700180038011802,1.037001800380118,AI_Core
2023-05-30 00:00:00-04:00,META,263.4099867418485,266.7863952138384,259.4774653594547,260.69891357421875,23816500,0.0018317189836523085,1.0018317189836523,AI_Core
2023-05-31 00:00:00-04:00,META,258.1964378866646,263.16175399986975,256.65720201392486,262.8836975097656,25473700,0.008380487304658013,1.008380487304658,AI_Core
2023-06-01 00:00:00-04:00,META,264.0555175636678,272.0993361158613,264.04560753896527,270.7189636230469,25609500,0.02980506660360782,1.0298050666036078,AI_Core
2023-06-02 00:00:00-04:00,META,270.7686349701032,273.4399775922079,269.23930904789154,270.7189636230469,19416900,0.0,1.0,AI_Core
2023-06-05 00:00:00-04:00,META,268.4249199021339,273.6583813688135,267.690062971461,269.50738525390625,20742900,-0.004475410044889383,0.9955245899551106,AI_Core
2023-06-06 00:00:00-04:00,META,268.26610579564505,274.65149486016855,267.81921523595554,269.2392883300781,19419000,-0.000994766520314605,0.9990052334796854,AI_Core
2023-06-07 00:00:00-04:00,META,269.785480795916,272.3475704025808,260.97698514947285,261.7714538574219,26163600,-0.027736793240594748,0.9722632067594053,AI_Core
2023-06-08 00:00:00-04:00,META,258.8121074074924,265.79333998070234,257.0841872637423,262.74462890625,20899400,0.003717651541020217,1.0037176515410202,AI_Core
2023-06-09 00:00:00-04:00,META,260.6592541295037,266.09131134756825,259.8846660026995,263.11212158203125,16949800,0.0013986686514242397,1.0013986686514242,AI_Core
2023-06-12 00:00:00-04:00,META,265.31667943229814,269.8648950557806,263.48941667516516,269.16973876953125,15442500,0.023022949878086063,1.023022949878086,AI_Core
2023-06-13 00:00:00-04:00,META,272.9732299782747,273.80739946841885,267.2233852968365,269.43792724609375,16164000,0.0009963544854205697,1.0009963544854206,AI_Core
2023-06-14 00:00:00-04:00,META,270.0039631439923,273.0824347639781,266.45872031027324,271.4538269042969,19175100,0.007481870421167214,1.0074818704211672,AI_Core
2023-06-15 00:00:00-04:00,META,270.4110790356921,282.01998948674196,269.5372089354566,279.8749694824219,25973500,0.031022375606787556,1.0310223756067876,AI_Core
2023-06-16 00:00:00-04:00,META,282.7747066945792,285.85320824566975,278.1867602004858,279.05072021484375,43127700,-0.0029450624652230806,0.9970549375347769,AI_Core
2023-06-20 00:00:00-04:00,META,276.79650603592376,282.8243763963911,274.30390780158746,282.3576354980469,20701600,0.0118505885978617,1.0118505885978617,AI_Core
2023-06-21 00:00:00-04:00,META,281.5631833397857,282.0299242153351,276.4290337087428,279.6863098144531,20556200,-0.009460787836963691,0.9905392121630363,AI_Core
2023-06-22 00:00:00-04:00,META,277.1440246782654,283.28117740443963,275.8629951546668,282.90380859375,17563100,0.011503955204069216,1.0115039552040692,AI_Core
2023-06-23 00:00:00-04:00,META,279.55722497559066,287.66062414590505,277.0149856640273,286.7271423339844,51092000,0.013514606817205177,1.0135146068172052,AI_Core
2023-06-26 00:00:00-04:00,META,286.69734660419147,287.7797818126023,275.674339459716,276.5382995605469,24232700,-0.035534978274116,0.964465021725884,AI_Core
2023-06-27 00:00:00-04:00,META,280.05376019304254,287.34284037830906,278.70317849421707,285.05877685546875,26108300,0.03081120158929873,1.0308112015892987,AI_Core
2023-06-28 00:00:00-04:00,META,282.8442637293146,287.5414332003297,282.08952601055387,283.3110046386719,16722100,-0.006131269614206736,0.9938687303857933,AI_Core
2023-06-29 00:00:00-04:00,META,282.5264555414938,284.5821034580367,278.7428875068673,279.5770568847656,15395700,-0.013179677784378452,0.9868203222156215,AI_Core
2023-06-30 00:00:00-04:00,META,282.7846565301439,287.0448753859543,282.4470187146689,284.9892578125,19694900,0.019358530303025256,1.0193585303030253,AI_Core
2023-07-03 00:00:00-04:00,META,284.71119459265833,287.392446700968,282.8740218500381,284.035888671875,8629300,-0.0033452809693347296,0.9966547190306653,AI_Core
2023-07-05 00:00:00-04:00,META,285.65461715967666,296.051989848089,284.37355717409923,292.3280029296875,33865500,0.029193896224120275,1.0291938962241203,AI_Core
2023-07-06 00:00:00-04:00,META,293.83750962621986,296.0520213535965,289.2892628145652,289.96453857421875,47600500,-0.008084974178943827,0.9919150258210562,AI_Core
2023-07-07 00:00:00-04:00,META,290.1531659549426,294.14529896689464,286.657594793173,288.5146179199219,25586000,-0.0050003378393311815,0.9949996621606688,AI_Core
2023-07-10 00:00:00-04:00,META,293.4998295255578,296.0619496653583,285.05879195490223,292.0599060058594,37058300,0.0122880709182005,1.0122880709182005,AI_Core
2023-07-11 00:00:00-04:00,META,291.86123320884525,298.0976681402498,289.8751070484504,296.2207946777344,27585900,0.014246695922005559,1.0142466959220056,AI_Core
2023-07-12 00:00:00-04:00,META,299.6568071198081,307.30340553817604,298.01825897469564,307.19415283203125,36677100,0.03704452338072706,1.037044523380727,AI_Core
2023-07-13 00:00:00-04:00,META,311.4444051002516,314.0462252435531,308.13751873095754,311.2358703613281,30281000,0.013156883007167108,1.013156883007167,AI_Core
2023-07-14 00:00:00-04:00,META,309.6272055942095,312.6957674633419,305.22791227343015,306.7274475097656,23054100,-0.014485550288045101,0.9855144497119549,AI_Core
2023-07-17 00:00:00-04:00,META,305.40661961180007,309.5476755688944,302.5962342022979,308.4652404785156,25323100,0.00566559329091243,1.0056655932909124,AI_Core
2023-07-18 00:00:00-04:00,META,308.72347853869013,312.02045548737846,305.4860829548435,309.8853454589844,20731900,0.004603776355046607,1.0046037763550466,AI_Core
2023-07-19 00:00:00-04:00,META,310.85856245874305,316.4693633002309,308.3659642076415,313.8179016113281,21763700,0.01269035857929679,1.0126903585792968,AI_Core
2023-07-20 00:00:00-04:00,META,311.32532347756353,313.3511809580892,300.12357142400333,300.4214782714844,23836900,-0.0426885250046557,0.9573114749953443,AI_Core
2023-07-21 00:00:00-04:00,META,302.4571962867923,303.34100657173906,289.17994921627593,292.2187194824219,42139300,-0.027304168917143268,0.9726958310828567,AI_Core
2023-07-24 00:00:00-04:00,META,293.72824526758416,295.456165615258,286.300121288059,289.587158203125,24915700,-0.009005450725257824,0.9909945492747422,AI_Core
2023-07-25 00:00:00-04:00,META,293.1423138094745,296.23072566058914,289.83539654714053,292.42730712890625,19585600,0.009807578980381093,1.009807578980381,AI_Core
2023-07-26 00:00:00-04:00,META,299.1006914438462,299.6766547340837,289.87512632952627,296.4988708496094,47256900,0.013923336232441352,1.0139233362324414,AI_Core
2023-07-27 00:00:00-04:00,META,322.86467915054084,323.0930945799738,307.690675775202,309.5476989746094,64229200,0.044009705964845436,1.0440097059648454,AI_Core
2023-07-28 00:00:00-04:00,META,314.68184950652267,323.93720515221605,312.0700886254892,323.2221984863281,39220300,0.044175742727263545,1.0441757427272635,AI_Core
2023-07-31 00:00:00-04:00,META,321.44467286193276,323.40100884126576,315.38698046608766,316.3899841308594,25799600,-0.021137825271483446,0.9788621747285166,AI_Core
2023-08-01 00:00:00-04:00,META,315.33728544494596,321.89150838566957,312.47725868492967,320.4714050292969,22817900,0.012899968719456645,1.0128999687194566,AI_Core
2023-08-02 00:00:00-04:00,META,315.7940436786542,316.181352807346,308.49502434377376,312.129638671875,20461100,-0.026029674493608157,0.9739703255063918,AI_Core
2023-08-03 00:00:00-04:00,META,307.7800604286639,313.7583200966404,307.7800604286639,311.0174560546875,15180200,-0.003563207332440088,0.9964367926675599,AI_Core
2023-08-04 00:00:00-04:00,META,312.77513072716664,316.2012103828058,308.0481712022811,308.5744934082031,17612800,-0.007854744481141984,0.992145255518858,AI_Core
2023-08-07 00:00:00-04:00,META,311.0571876851378,314.87054662167225,308.30638330815515,314.36407470703125,16236500,0.018762345632920674,1.0187623456329207,AI_Core
2023-08-08 00:00:00-04:00,META,312.21905352423573,315.68486458374076,307.9588040537876,310.4712829589844,15183500,-0.012383068108767659,0.9876169318912323,AI_Core
2023-08-09 00:00:00-04:00,META,310.70964314648865,311.45444060469356,300.74921968433006,303.09283447265625,19955800,-0.023765317088288884,0.9762346829117111,AI_Core
2023-08-10 00:00:00-04:00,META,305.8038611045428,310.1733327929032,301.7620869128098,303.6191101074219,14358900,0.0017363512921091395,1.0017363512921091,AI_Core
2023-08-11 00:00:00-04:00,META,300.4711183412435,302.60619800831466,298.2764270049962,299.5475769042969,14046300,-0.013410003084734945,0.986589996915265,AI_Core
2023-08-14 00:00:00-04:00,META,298.89215897523803,304.08585987444496,296.1810856549344,304.0660095214844,15641900,0.015084190177345747,1.0150841901773457,AI_Core
2023-08-15 00:00:00-04:00,META,304.0163753659542,305.09881059151013,297.9487435991702,299.8554382324219,11623600,-0.013847556639720371,0.9861524433602796,AI_Core
2023-08-16 00:00:00-04:00,META,298.1175725827558,298.99144270611146,292.2386253443514,292.2485656738281,18547700,-0.025368466229708897,0.9746315337702911,AI_Core
2023-08-17 00:00:00-04:00,META,291.0171397972553,293.9963292043832,282.9733526427155,283.11236572265625,23950100,-0.03126174436513263,0.9687382556348674,AI_Core
2023-08-18 00:00:00-04:00,META,277.0944583244188,283.708263704716,272.4767199249811,281.2851867675781,35347900,-0.006453900204656082,0.9935460997953439,AI_Core
2023-08-21 00:00:00-04:00,META,281.48373845241144,288.48482095213376,279.8948314840981,287.88897705078125,20181500,0.02347720603097292,1.023477206030973,AI_Core
2023-08-22 00:00:00-04:00,META,290.5205630066512,290.8681411112214,284.7608098384595,285.60491943359375,12980200,-0.007933814071612089,0.9920661859283879,AI_Core
2023-08-23 00:00:00-04:00,META,286.4987104393685,295.3369661560445,285.6744813834375,292.1988830566406,18287000,0.02308771024015943,1.0230877102401594,AI_Core
2023-08-24 00:00:00-04:00,META,296.4293565159792,297.3826886744035,284.65164185583643,284.7608642578125,18360900,-0.025455329332611853,0.9745446706673881,AI_Core
2023-08-25 00:00:00-04:00,META,284.145165887689,286.3894983198096,274.1152219434127,283.51953125,23701400,-0.004359212109598887,0.9956407878904011,AI_Core
2023-08-28 00:00:00-04:00,META,286.00221884843614,289.4282992174123,283.817467554323,288.2465515136719,14239300,0.016672644183739482,1.0166726441837395,AI_Core
2023-08-29 00:00:00-04:00,META,286.57815408473397,297.074838985224,286.1809348809312,295.9228820800781,20844500,0.02663112715866145,1.0266311271586614,AI_Core
2023-08-30 00:00:00-04:00,META,295.1085653050081,296.22079109242657,291.3944888220246,293.05291748046875,17717000,-0.009698353096036505,0.9903016469039635,AI_Core
2023-08-31 00:00:00-04:00,META,293.7480915365374,299.01134484309773,293.609078443291,293.8374938964844,17229900,0.0026772516812356706,1.0026772516812357,AI_Core
2023-09-01 00:00:00-04:00,META,297.2933153323232,299.646870188194,292.42731187722154,294.3240661621094,12842300,0.0016559230041501838,1.0016559230041502,AI_Core
2023-09-05 00:00:00-04:00,META,294.95957887018017,299.29928989489184,293.46007425910796,298.06787109375,14956000,0.012720009547498634,1.0127200095474986,AI_Core
2023-09-06 00:00:00-04:00,META,299.6170852336197,301.19605206197497,293.60906508325564,297.0947265625,15418100,-0.0032648420900887043,0.9967351579099113,AI_Core
2023-09-07 00:00:00-04:00,META,295.9327789754771,304.91998715422676,290.192875951208,296.59814453125,33748700,-0.0016714602678937762,0.9983285397321062,AI_Core
2023-09-08 00:00:00-04:00,META,297.144338453534,303.13250766294516,294.72126209393633,295.8235778808594,17548000,-0.0026115020092750685,0.9973884979907249,AI_Core
2023-09-11 00:00:00-04:00,META,299.31924090165063,306.89631943869733,299.1901378116266,305.42657470703125,19489300,0.03246190481152045,1.0324619048115204,AI_Core
2023-09-12 00:00:00-04:00,META,304.2050319475846,306.5188861385687,298.14737076735327,299.56744384765625,13480400,-0.019183435053073405,0.9808165649469266,AI_Core
2023-09-13 00:00:00-04:00,META,300.2625952273231,305.0491674534788,299.22983124862884,302.9438781738281,13210900,0.011271032268409531,1.0112710322684095,AI_Core
2023-09-14 00:00:00-04:00,META,304.61218228599614,310.6996642714737,302.9140527776012,309.5576477050781,19343100,0.021831665888475404,1.0218316658884754,AI_Core
2023-09-15 00:00:00-04:00,META,309.44837699255953,309.83568614706604,296.677600116782,298.2267761230469,28131100,-0.036603429655294506,0.9633965703447055,AI_Core
2023-09-18 00:00:00-04:00,META,296.1214922814983,301.49396736300946,295.7341831203548,300.45123291015625,14234200,0.007458943881657243,1.0074589438816572,AI_Core
2023-09-19 00:00:00-04:00,META,300.3817360880637,304.0461413355526,297.7302442880401,302.9537658691406,15924400,0.00832924842659133,1.0083292484265913,AI_Core
2023-09-20 00:00:00-04:00,META,302.93390184979273,305.92303162981295,297.3528917945429,297.59124755859375,19379500,-0.01770078115768725,0.9822992188423127,AI_Core
2023-09-21 00:00:00-04:00,META,293.64879818364386,298.17716391757523,291.23563159307656,293.6785888671875,21319600,-0.01314776131188422,0.9868522386881158,AI_Core
2023-09-22 00:00:00-04:00,META,297.22375462122136,303.2615948527905,296.2009009061398,297.0052795410156,25369600,0.011327658194832058,1.011327658194832,AI_Core
2023-09-25 00:00:00-04:00,META,293.5891643771503,298.86232656369026,291.6626197030831,298.7431335449219,18987000,0.00585125626922145,1.0058512562692214,AI_Core
2023-09-26 00:00:00-04:00,META,295.5951689952112,298.21683984687155,293.9566209246884,296.8861389160156,19417200,-0.006216024471829451,0.9937839755281705,AI_Core
2023-09-27 00:00:00-04:00,META,298.3658446206744,299.20992407915827,284.80059794210763,295.67462158203125,36429800,-0.004080747381497329,0.9959192526185027,AI_Core
2023-09-28 00:00:00-04:00,META,296.8662747588232,304.2049950422856,294.6418231934781,301.8514404296875,22167100,0.02089059525841841,1.0208905952584184,AI_Core
2023-09-29 00:00:00-04:00,META,305.2477791028233,308.48517491583306,297.2833926385552,298.12750244140625,25373700,-0.012336989291752976,0.987663010708247,AI_Core
2023-10-02 00:00:00-04:00,META,300.63993566847256,305.0491385865239,299.53765009190124,304.691650390625,16265600,0.02201792151164872,1.0220179215116487,AI_Core
2023-10-03 00:00:00-04:00,META,302.14939381555854,304.64196163237807,297.561447061845,298.8524169921875,17362300,-0.019164402407980008,0.98083559759202,AI_Core
2023-10-04 00:00:00-04:00,META,296.65774717044013,304.7710556276171,296.429331750097,303.460205078125,16880500,0.015418272779296194,1.0154182727792962,AI_Core
2023-10-05 00:00:00-04:00,META,302.5167959756038,304.0858222299616,297.42237777774886,302.6756896972656,19130000,-0.002585233146657262,0.9974147668533427,AI_Core
2023-10-06 00:00:00-04:00,META,299.3489685961365,314.1158132926194,298.8226463208752,313.2419128417969,21803900,0.03490938818079359,1.0349093881807936,AI_Core
2023-10-09 00:00:00-04:00,META,310.33224509730616,318.1079164958756,309.6569694053864,316.1515808105469,22503700,0.009288884563221078,1.009288884563221,AI_Core
2023-10-10 00:00:00-04:00,META,316.90628905267334,322.40786706769734,315.9529569700523,319.607421875,19038000,0.010930962469310135,1.0109309624693101,AI_Core
2023-10-11 00:00:00-04:00,META,320.7692982171763,326.55884233303243,320.7097168599954,325.5459289550781,22036300,0.018580629464858722,1.0185806294648587,AI_Core
2023-10-12 00:00:00-04:00,META,325.72470520119657,328.24709402590145,320.45154242865993,321.9113464355469,20530500,-0.011164576780908764,0.9888354232190912,AI_Core
2023-10-13 00:00:00-04:00,META,321.28569292034854,322.79513787238227,310.2031054536438,312.50701904296875,21341000,-0.02921402894526759,0.9707859710547324,AI_Core
2023-10-16 00:00:00-04:00,META,316.42964290324574,319.58757630951493,313.3312605530342,318.9222106933594,16536100,0.020528152199706495,1.0205281521997065,AI_Core
2023-10-17 00:00:00-04:00,META,315.9728369140066,322.1496911366315,315.0989364623092,321.7524719238281,16387800,0.008874456326875224,1.0088744563268752,AI_Core
2023-10-18 00:00:00-04:00,META,319.16056192127786,323.67898687087495,313.37098711933334,314.7712097167969,16851000,-0.02169761793992997,0.97830238206007,AI_Core
2023-10-19 00:00:00-04:00,META,317.6610705027588,319.6571372906887,309.58746160303093,310.6401062011719,18709200,-0.013124146643976098,0.9868758533560239,AI_Core
2023-10-20 00:00:00-04:00,META,311.96087906686824,313.1128056759852,304.3440712111467,306.5089416503906,22312300,-0.013298876958617423,0.9867011230413826,AI_Core
2023-10-23 00:00:00-04:00,META,307.35303227179605,315.1584937626349,305.12858060525525,311.8317565917969,17796800,0.017365936904632173,1.0173659369046322,AI_Core
2023-10-24 00:00:00-04:00,META,314.58253436849895,316.14165074242743,308.47520223338284,310.3818664550781,19525500,-0.004649591024870281,0.9953504089751297,AI_Core
2023-10-25 00:00:00-04:00,META,307.8495504686246,308.7234508156699,296.7669630150486,297.4521789550781,42192500,-0.04165735468915133,0.9583426453108487,AI_Core
2023-10-26 00:00:00-04:00,META,292.95359454940296,292.95359454940296,277.46180518324184,286.3497314453125,66684100,-0.03732515105038903,0.962674848949611,AI_Core
2023-10-27 00:00:00-04:00,META,292.4372388367085,297.2337203774448,290.93770382583693,294.671630859375,29596300,0.02906201228846572,1.0290620122884657,AI_Core
2023-10-30 00:00:00-04:00,META,297.015243248038,307.2537215329918,296.97551223781545,300.56048583984375,28435100,0.019984465295470155,1.0199844652954702,AI_Core
2023-10-31 00:00:00-04:00,META,301.20597199311294,301.5734004979503,294.8007027575976,299.18011474609375,19434200,-0.004592656582560695,0.9954073434174393,AI_Core
2023-11-01 00:00:00-04:00,META,299.75613549484945,310.5705780744768,299.75613549484945,309.686767578125,20434600,0.0351181522907964,1.0351181522907964,AI_Core
2023-11-02 00:00:00-04:00,META,315.0989513185942,316.60842682665236,306.1911729173726,308.71356201171875,21631800,-0.0031425481108446895,0.9968574518891553,AI_Core
2023-11-03 00:00:00-04:00,META,310.3818963136612,313.3610859643028,308.8625108040693,312.4176940917969,16764300,0.011998604972001559,1.0119986049720016,AI_Core
2023-11-06 00:00:00-05:00,META,313.7881494247538,316.121823912589,312.26876380260927,313.609375,12887700,0.0038143835344133237,1.0038143835344133,AI_Core
2023-11-07 00:00:00-05:00,META,314.86062795752827,318.7732995414801,312.9340828504703,316.6084289550781,14055600,0.00956302392132935,1.0095630239213293,AI_Core
2023-11-08 00:00:00-05:00,META,315.93315959331096,319.10100350638385,312.69576367284776,317.561767578125,13609700,0.003011096786630807,1.0030110967866308,AI_Core
2023-11-09 00:00:00-05:00,META,317.2042495782576,321.9312096368401,316.588524958862,318.3263854980469,16103100,0.0024077769995840548,1.002407776999584,AI_Core
2023-11-10 00:00:00-05:00,META,317.7206153955323,326.81707716443447,317.24393419027814,326.4893493652344,19096200,0.025643378114622584,1.0256433781146226,AI_Core
2023-11-13 00:00:00-05:00,META,323.93721447654235,330.02466618217363,323.44068289721343,326.9064636230469,16908900,0.0012775738584533958,1.0012775738584534,AI_Core
2023-11-14 00:00:00-05:00,META,332.21930963664073,335.75461154677186,331.0176815678501,333.9770202636719,17179400,0.021628684126533626,1.0216286841265336,AI_Core
2023-11-15 00:00:00-05:00,META,335.58582953023244,336.05257043204165,327.73069622431444,330.40203857421875,14531200,-0.010704274463646413,0.9892957255363536,AI_Core
2023-11-16 00:00:00-05:00,META,327.0852237219549,332.25907454606346,324.1159744301697,331.8717956542969,18932600,0.004448389865935987,1.004448389865936,AI_Core
2023-11-17 00:00:00-05:00,META,327.96901069081383,333.1726513447855,327.06531968384377,332.7158508300781,14494400,0.0025433169881676765,1.0025433169881677,AI_Core
2023-11-20 00:00:00-05:00,META,332.5669165974887,339.4984776499727,331.87176030410876,337.6116638183594,16960500,0.014714697168971336,1.0147146971689713,AI_Core
2023-11-21 00:00:00-05:00,META,335.9830671620636,337.542183696788,333.5699308017252,334.6424560546875,12027900,-0.008794742841791603,0.9912052571582084,AI_Core
2023-11-22 00:00:00-05:00,META,336.8569718191688,340.5412582451984,336.2313371315077,339.12115478515625,10702700,0.013383534125558816,1.0133835341255588,AI_Core
2023-11-24 00:00:00-05:00,META,337.77057245981536,339.4885523054197,334.4338645325488,335.8837585449219,5467500,-0.009546429630098885,0.9904535703699011,AI_Core
2023-11-27 00:00:00-05:00,META,333.84794886953887,337.5421448490172,331.8817033085443,332.37823486328125,15684500,-0.010436716847598948,0.989563283152401,AI_Core
2023-11-28 00:00:00-05:00,META,331.0872390330007,337.02576741661284,331.0872390330007,336.6384582519531,12637200,0.012817395791346664,1.0128173957913467,AI_Core
2023-11-29 00:00:00-05:00,META,337.3336328595528,337.5421676409766,328.48543631997484,329.8955993652344,16024500,-0.020029971981609274,0.9799700280183907,AI_Core
2023-11-30 00:00:00-05:00,META,329.5877553439527,331.18657252656726,320.1635651009382,324.880615234375,23146400,-0.015201730912776434,0.9847982690872236,AI_Core
2023-12-01 00:00:00-05:00,META,323.2221671824359,324.5925687122736,318.5349084502138,322.5667419433594,15276400,-0.0071222263887500414,0.99287777361125,AI_Core
2023-12-04 00:00:00-05:00,META,315.08897564839896,318.6341876147369,311.48415201916026,317.8000183105469,19037100,-0.01477748017075331,0.9852225198292467,AI_Core
2023-12-05 00:00:00-05:00,META,316.76730831301273,319.64718551244295,313.20221508572604,316.08209228515625,16952100,-0.00540568258782137,0.9945943174121786,AI_Core
2023-12-06 00:00:00-05:00,META,319.6967975944425,320.0145850609323,314.840734778022,315.2478942871094,11294300,-0.002639181460790563,0.9973608185392094,AI_Core
2023-12-07 00:00:00-05:00,META,315.5656393804306,325.9630108873507,315.5656393804306,324.324462890625,15905100,0.02879184530015988,1.0287918453001599,AI_Core
2023-12-08 00:00:00-05:00,META,320.8487785252904,330.8588723302626,320.7594064759814,330.4417724609375,14087400,0.01886169644987734,1.0188616964498773,AI_Core
2023-12-11 00:00:00-05:00,META,327.11497463782547,327.60159615821783,317.7801876857331,323.0235595703125,25802500,-0.022449379917612977,0.977550620082387,AI_Core
2023-12-12 00:00:00-05:00,META,322.3482881257028,332.1498160678182,322.3085571160803,331.90155029296875,18485500,0.02748403470776495,1.027484034707765,AI_Core
2023-12-13 00:00:00-05:00,META,331.61355953176974,336.02276219765315,330.3325299305127,332.4179382324219,16353300,0.0015558467232144046,1.0015558467232144,AI_Core
2023-12-14 00:00:00-05:00,META,331.5341318558429,332.3782415771225,326.3602814366217,330.8588562011719,19607300,-0.004690126048973675,0.9953098739510263,AI_Core
2023-12-15 00:00:00-05:00,META,329.686982009105,336.3107256810076,328.92233439452355,332.5966796875,31776900,0.005252461748436632,1.0052524617484366,AI_Core
2023-12-18 00:00:00-05:00,META,335.138945860617,345.1490085729094,334.682115014434,342.2294006347656,18993900,0.02896216810196761,1.0289621681019676,AI_Core
2023-12-19 00:00:00-05:00,META,343.1827251295134,351.147110410114,342.7259245993213,347.9295654296875,17729400,0.01665597632567284,1.0166559763256728,AI_Core
2023-12-20 00:00:00-05:00,META,346.23145156558394,352.49767744349367,345.37743182713814,346.8570861816406,16369900,-0.0030824608041641888,0.9969175391958358,AI_Core
2023-12-21 00:00:00-05:00,META,350.5314120529939,353.9376110969947,346.7875448972767,351.6336975097656,15289600,0.013771122224164767,1.0137711222241648,AI_Core
2023-12-22 00:00:00-05:00,META,353.1134097411514,354.7221976295662,348.78366860821274,350.9386291503906,11772800,-0.001976683020704195,0.9980233169792958,AI_Core
2023-12-26 00:00:00-05:00,META,352.5274850525142,354.5037013689945,350.9981895908106,352.36859130859375,9898600,0.004074678702840506,1.0040746787028405,AI_Core
2023-12-27 00:00:00-05:00,META,353.59997739376473,356.50964493837427,352.84523975673784,355.3477478027344,13207900,0.008454659602539882,1.0084546596025399,AI_Core
2023-12-28 00:00:00-05:00,META,357.2047824101272,359.3895028827945,355.3278787450295,355.8343505859375,11798800,0.0013693706691881857,1.0013693706691882,AI_Core
2023-12-29 00:00:00-05:00,META,356.4997453113809,357.5027488323767,349.3794992017642,351.504638671875,14987100,-0.01216777387268242,0.9878322261273176,AI_Core
2024-01-02 00:00:00-05:00,META,348.8829543501039,350.71018691578075,337.65141250884125,343.8878479003906,19042200,-0.021669104567904607,0.9783308954320954,AI_Core
2024-01-03 00:00:00-05:00,META,342.58694677323774,345.5363456303031,340.79941486556845,342.0804748535156,15451100,-0.005255704898878832,0.9947442951011212,AI_Core
2024-01-04 00:00:00-05:00,META,342.1102461152332,345.7349204555681,341.01787061798507,344.7120666503906,12099900,0.007692902665672241,1.0076929026656722,AI_Core
2024-01-05 00:00:00-05:00,META,344.5829605689194,351.04781114531914,343.8580438907482,349.5085754394531,13920700,0.013914536951580292,1.0139145369515803,AI_Core
2024-01-08 00:00:00-05:00,META,352.23947587883526,356.4897845196527,349.6078345522185,356.1719970703125,13890200,0.019065116277851457,1.0190651162778515,AI_Core
2024-01-09 00:00:00-05:00,META,353.9276468114624,358.13825453556467,352.89485280677195,354.95050048828125,13463900,-0.0034295132466298783,0.9965704867533701,AI_Core
2024-01-10 00:00:00-05:00,META,357.671577377967,370.35298322336445,356.58911184712105,367.9001159667969,22117200,0.03648287707920317,1.0364828770792032,AI_Core
2024-01-11 00:00:00-05:00,META,369.54860933207885,370.1940943436833,360.41241587190035,367.1056823730469,17205400,-0.0021593730452145188,0.9978406269547855,AI_Core
2024-01-12 00:00:00-05:00,META,367.59226177945345,374.44439150060066,366.97656747114235,371.8922119140625,19310000,0.013038560204447158,1.0130385602044472,AI_Core
2024-01-16 00:00:00-05:00,META,371.05801257675466,373.00440772159226,364.68256459513566,364.91094970703125,15306900,-0.018772273210831525,0.9812277267891685,AI_Core
2024-01-17 00:00:00-05:00,META,363.7590491056661,365.9835313493509,356.1223904408364,365.814697265625,12724800,0.0024766249390963946,1.0024766249390964,AI_Core
2024-01-18 00:00:00-05:00,META,368.91298585068853,374.23581960253256,368.37675361940967,373.52081298828125,16354300,0.02106562634103426,1.0210656263410343,AI_Core
2024-01-19 00:00:00-05:00,META,376.3709265262171,381.69373035981744,375.3480727138561,380.7900695800781,21670800,0.01946144990861587,1.0194614499086159,AI_Core
2024-01-22 00:00:00-05:00,META,385.25889688784116,387.64224260765957,378.5159889884605,379.1316833496094,17680500,-0.00435511942918454,0.9956448805708155,AI_Core
2024-01-23 00:00:00-05:00,META,381.9519604782741,385.6858877821844,379.42957148217187,382.5279541015625,15506100,0.008958024087956096,1.008958024087956,AI_Core
2024-01-24 00:00:00-05:00,META,387.29465076159596,393.4019834239674,385.1198399136178,387.98980712890625,15698500,0.01427831082351072,1.0142783108235107,AI_Core
2024-01-25 00:00:00-05:00,META,387.46341553776983,392.74648782201257,382.98469157703823,390.4525146484375,15091100,0.006347351075418839,1.0063473510754188,AI_Core
2024-01-26 00:00:00-05:00,META,391.6144490770692,394.0375255245111,388.8735851564818,391.4059143066406,13163700,0.002441781324065806,1.0024417813240658,AI_Core
2024-01-29 00:00:00-05:00,META,392.2499898127957,400.13491336467393,390.3731162858589,398.2381591796875,18742400,0.01745565057480003,1.0174556505748,AI_Core
2024-01-30 00:00:00-05:00,META,400.7903628671586,403.5411369497702,396.7982598167087,397.28485107421875,18614700,-0.002393814061998567,0.9976061859380014,AI_Core
2024-01-31 00:00:00-05:00,META,386.30157872571164,395.23914738517544,384.41476473655706,387.4336853027344,20180800,-0.024796228058653114,0.9752037719413469,AI_Core
2024-02-01 00:00:00-05:00,META,391.20727351770364,397.72176492064756,390.323432826613,392.04144287109375,29727100,0.011893022582068369,1.0118930225820684,AI_Core
2024-02-02 00:00:00-05:00,META,456.4118123081212,482.5889413919977,449.86753003715205,471.6950378417969,84707600,0.20317646621072627,1.2031764662107263,AI_Core
2024-02-05 00:00:00-05:00,META,466.6205169046831,468.6264935538415,456.03446010862973,456.22314453125,40832400,-0.03280062767108449,0.9671993723289155,AI_Core
2024-02-06 00:00:00-05:00,META,460.78132972802837,463.87968209622363,449.8576344112001,451.5657043457031,21655200,-0.010208688974629232,0.9897913110253708,AI_Core
2024-02-07 00:00:00-05:00,META,454.82289153063925,468.24909348841373,453.0155094480888,466.3324890136719,23066000,0.03270129800792798,1.032701298007928,AI_Core
2024-02-08 00:00:00-05:00,META,465.07131581521656,467.32555813022316,461.8041297477829,466.7396545410156,18815100,0.0008731227974378974,1.000873122797438,AI_Core
2024-02-09 00:00:00-05:00,META,469.6692454531746,470.30479013249504,464.22724828942955,464.86279296875,18413100,-0.004021217297491719,0.9959787827025083,AI_Core
2024-02-12 00:00:00-05:00,META,464.9422419936449,475.82620571090297,463.34339455149507,465.6473083496094,19382000,0.0016876278177679893,1.001687627817768,AI_Core
2024-02-13 00:00:00-05:00,META,453.7007370395461,464.64431187911475,451.93308592056786,456.9281921386719,20916600,-0.018724721596352856,0.9812752784036471,AI_Core
2024-02-14 00:00:00-05:00,META,464.68402390922387,470.8211467892726,462.8567913837344,469.9969177246094,16858400,0.028601267793892937,1.028601267793893,AI_Core
2024-02-15 00:00:00-05:00,META,471.9830605741492,485.23051957889754,468.94428970905085,480.67236328125,24212300,0.022713862908555926,1.022713862908556,AI_Core
2024-02-16 00:00:00-05:00,META,474.7934022206939,475.6375119489184,465.9551463563073,470.0366516113281,23324600,-0.022126738465508056,0.9778732615344919,AI_Core
2024-02-20 00:00:00-05:00,META,466.46162208862637,472.8768015252767,463.32353891098256,468.4775390625,18015500,-0.003317002075228226,0.9966829979247718,AI_Core
2024-02-21 00:00:00-05:00,META,463.75552217021885,466.2408143576262,459.0732401837944,465.2765197753906,12921800,-0.006832812718225778,0.9931671872817742,AI_Core
2024-02-22 00:00:00-05:00,META,477.41465683896786,487.1072959336593,473.2592557697575,483.27001953125,21625800,0.038672701052151925,1.038672701052152,AI_Core
2024-02-23 00:00:00-05:00,META,485.1786810525682,491.45155549063116,479.51223362447035,481.1823425292969,18374300,-0.004319897609162848,0.9956801023908372,AI_Core
2024-02-26 00:00:00-05:00,META,480.62562513120974,483.27993019579174,477.7725149199475,478.9057922363281,12101400,-0.004731159254519279,0.9952688407454807,AI_Core
2024-02-27 00:00:00-05:00,META,477.1562177404633,484.40330775112943,477.09657315636196,484.1846008300781,10809600,0.011022645120034369,1.0110226451200344,AI_Core
2024-02-28 00:00:00-05:00,META,482.1466697460405,488.16106452209016,479.90990684515685,481.17242431640625,12715500,-0.006221132412116859,0.9937788675878831,AI_Core
2024-02-29 00:00:00-05:00,META,485.5664305958888,488.80726119471376,479.7707124432421,487.2464904785156,17732000,0.012623471036892209,1.0126234710368922,AI_Core
2024-03-01 00:00:00-05:00,META,489.2147961734658,501.28338849746706,488.95634643940537,499.3448486328125,16273600,0.024830057046517195,1.0248300570465172,AI_Core
2024-03-04 00:00:00-05:00,META,500.040763224294,501.45242246523446,493.49948786126953,495.2590637207031,12324100,-0.008182291102623918,0.9918177088973761,AI_Core
2024-03-05 00:00:00-05:00,META,492.0878145767347,492.6643889703307,485.0196587114357,487.3359375,15325300,-0.015997942897156725,0.9840020571028433,AI_Core
2024-03-06 00:00:00-05:00,META,494.7023350451915,500.0109149772021,491.3819886609617,493.17138671875,11757900,0.011974182016383672,1.0119741820163837,AI_Core
2024-03-07 00:00:00-05:00,META,500.31911226510823,516.791604925774,498.4302963735491,509.17669677734375,18586400,0.03245384969530152,1.0324538496953015,AI_Core
2024-03-08 00:00:00-05:00,META,511.16487008106463,520.4896896118158,496.4121818451129,502.9733581542969,18597100,-0.012183076449312713,0.9878169235506873,AI_Core
2024-03-11 00:00:00-04:00,META,494.0859947316571,494.3941685090311,473.199591298322,480.74493408203125,20428300,-0.04419403873365124,0.9558059612663488,AI_Core
2024-03-12 00:00:00-04:00,META,490.3580671035689,499.3548120932543,481.87825193306827,496.80987548828125,15448200,0.033416766911804396,1.0334167669118044,AI_Core
2024-03-13 00:00:00-04:00,META,492.47554623392085,498.032655619547,488.1411811210766,492.65447998046875,12090700,-0.008364156416432844,0.9916358435835672,AI_Core
2024-03-14 00:00:00-04:00,META,497.3168592141215,498.40044284010156,485.28804037111354,488.9364318847656,12620000,-0.0075469690153848745,0.9924530309846151,AI_Core
2024-03-15 00:00:00-04:00,META,486.1330702959338,488.93645663935973,478.46840785801584,481.251953125,29153600,-0.01571672360380938,0.9842832763961906,AI_Core
2024-03-18 00:00:00-04:00,META,489.01597315025106,494.4935661399137,483.94597166783353,494.05615234375,11755300,0.02660602026777492,1.026606020267775,AI_Core
2024-03-19 00:00:00-04:00,META,485.2980263600341,493.7082462490932,478.4485468375205,493.3205261230469,10903100,-0.001488952656926501,0.9985110473430735,AI_Core
2024-03-20 00:00:00-04:00,META,496.56135656046746,505.2101851162554,492.25684403551685,502.5459289550781,11711100,0.01870062635449754,1.0187006263544975,AI_Core
2024-03-21 00:00:00-04:00,META,511.68185921058966,512.0098740545075,503.03303126628924,504.7727355957031,9712500,0.004431050999169628,1.0044310509991696,AI_Core
2024-03-22 00:00:00-04:00,META,504.0171928630379,506.9697208276505,501.3728386642573,506.5820007324219,8120600,0.003584316285592415,1.0035843162855924,AI_Core
2024-03-25 00:00:00-04:00,META,502.81436147156455,504.23594126166455,497.2969948454398,500.0606384277344,8380600,-0.012873260982938284,0.9871267390170617,AI_Core
2024-03-26 00:00:00-04:00,META,502.15819366550943,506.99953733459927,492.296542257246,492.9725646972656,11205400,-0.014174428430829389,0.9858255715691706,AI_Core
2024-03-27 00:00:00-04:00,META,496.362495999964,496.94905159749567,485.1985839795798,490.9544982910156,9989700,-0.00409366879775408,0.9959063312022459,AI_Core
2024-03-28 00:00:00-04:00,META,489.9405029909663,489.9902270320551,482.2957426384375,482.72320556640625,15212800,-0.01676589735558398,0.983234102644416,AI_Core
2024-04-01 00:00:00-04:00,META,484.3337109507277,494.5035062693651,478.9455846143477,488.45928955078125,9247000,0.011882759971409529,1.0118827599714095,AI_Core
2024-04-02 00:00:00-04:00,META,482.2460459428788,494.6029099782821,481.7986812660362,494.44384765625,11081000,0.012251907648173743,1.0122519076481737,AI_Core
2024-04-03 00:00:00-04:00,META,495.99470843998273,504.25581696566337,495.815774689645,503.7587585449219,12099200,0.018839168356176605,1.0188391683561766,AI_Core
2024-04-04 00:00:00-04:00,META,513.3817968019891,526.8819203543317,507.5761581503475,507.9141845703125,26476300,0.008248841245744876,1.0082488412457449,AI_Core
2024-04-05 00:00:00-04:00,META,513.8191641240741,527.5777665151929,511.38356597372723,524.237548828125,19263300,0.03213803582119246,1.0321380358211925,AI_Core
2024-04-08 00:00:00-04:00,META,526.1661496559301,528.363108870354,515.8372619219651,516.1951293945312,13260600,-0.015341173961254229,0.9846588260387458,AI_Core
2024-04-09 00:00:00-04:00,META,519.1575460910624,522.7761454501457,503.7586880786701,513.8589477539062,10863800,-0.004525772343813461,0.9954742276561865,AI_Core
2024-04-10 00:00:00-04:00,META,506.29378924573456,519.4857091896904,502.82430073937064,516.7717895507812,11418500,0.005668562958000667,1.0056685629580007,AI_Core
2024-04-11 00:00:00-04:00,META,518.0441650826642,520.7779861454409,514.2466318161514,520.0820922851562,10369500,0.006405734216359926,1.00640573421636,AI_Core
2024-04-12 00:00:00-04:00,META,514.7039558507993,517.1296031880806,506.33347932820783,508.88836669921875,11984500,-0.021522997526706056,0.9784770024732939,AI_Core
2024-04-15 00:00:00-04:00,META,513.6799940142547,515.4794036371065,494.354391700334,497.28704833984375,13512900,-0.022797373881081495,0.9772026261189185,AI_Core
2024-04-16 00:00:00-04:00,META,495.1795376367459,501.80035960588333,494.18542077059385,496.8198547363281,9847900,-0.0009394847605127543,0.9990605152394872,AI_Core
2024-04-17 00:00:00-04:00,META,500.1401507465026,500.19979532538446,484.2740556651734,491.2626953125,12193700,-0.011185461633326677,0.9888145383666733,AI_Core
2024-04-18 00:00:00-04:00,META,496.87947694788414,509.1965989271546,496.1040670407221,498.8478088378906,14808700,0.015440035642367622,1.0154400356423676,AI_Core
2024-04-19 00:00:00-04:00,META,499.8419152749836,499.8419152749836,472.93119653596085,478.2397766113281,25215400,-0.041311261393671805,0.9586887386063282,AI_Core
2024-04-22 00:00:00-04:00,META,486.8388881901566,489.1154241927228,470.61489447706913,478.8959045410156,17271100,0.0013719643613432364,1.0013719643613432,AI_Core
2024-04-23 00:00:00-04:00,META,488.35989326844737,495.8257203780364,486.09330810710463,493.1813659667969,15079200,0.029829992886392986,1.029829992886393,AI_Core
2024-04-24 00:00:00-04:00,META,505.0709875978213,506.99957664976733,481.72911381389923,490.5966491699219,37772700,-0.005240905223189207,0.9947590947768108,AI_Core
2024-04-25 00:00:00-04:00,META,418.92080020267707,443.1474209983465,412.06140056723507,438.78326416015625,82890700,-0.1056130022441708,0.8943869977558292,AI_Core
2024-04-26 00:00:00-04:00,META,438.8628170424118,443.8135298876652,429.41870694726816,440.68206787109375,32691400,0.004327429658402826,1.0043274296584028,AI_Core
2024-04-29 00:00:00-04:00,META,436.97397149750554,437.1728069896792,426.0386868647591,430.0747985839844,21502600,-0.024070117802506452,0.9759298821974935,AI_Core
2024-04-30 00:00:00-04:00,META,428.5140490387037,437.0336375847917,427.19188699859626,427.6392517089844,18429500,-0.005663077406579009,0.994336922593421,AI_Core
2024-05-01 00:00:00-04:00,META,426.0784473398745,447.3127666683678,424.5971927447846,436.60614013671875,20344900,0.020968347484240146,1.0209683474842401,AI_Core
2024-05-02 00:00:00-04:00,META,436.25825462708866,441.34812827617054,429.7368502219474,439.08154296875,15221300,0.005669647319334725,1.0056696473193347,AI_Core
2024-05-03 00:00:00-04:00,META,443.30653234442315,451.498076053057,441.238782585899,449.3010559082031,16489100,0.023274749538220618,1.0232747495382206,AI_Core
2024-05-06 00:00:00-04:00,META,452.8997516499173,463.41752515549695,450.6729395625831,462.9403381347656,15094600,0.03035666630916878,1.0303566663091688,AI_Core
2024-05-07 00:00:00-04:00,META,463.54671998178384,468.75588217992066,458.59600751554564,465.4852294921875,13406800,0.00549723397981583,1.0054972339798158,AI_Core
2024-05-08 00:00:00-04:00,META,460.7731116247885,472.78202856392227,460.2760532519462,469.819580078125,11683900,0.009311467499550918,1.009311467499551,AI_Core
2024-05-09 00:00:00-04:00,META,467.23492019129105,473.2791372994967,464.8788681073914,472.623046875,9437700,0.005967113580938488,1.0059671135809385,AI_Core
2024-05-10 00:00:00-04:00,META,474.2831551113348,474.69074661810515,466.83723038564307,473.3984069824219,10750000,0.0016405465466582392,1.0016405465466582,AI_Core
2024-05-13 00:00:00-04:00,META,469.9686955031615,470.56517162323166,460.12694570512866,465.256591796875,14668800,-0.017198653534651998,0.982801346465348,AI_Core
2024-05-14 00:00:00-04:00,META,460.64391394438604,469.75997868916056,457.3732610557371,469.07403564453125,10478600,0.008205029041959078,1.008205029041959,AI_Core
2024-05-15 00:00:00-04:00,META,472.1855670081189,479.6613137641601,468.42780704852413,478.70697021484375,13100500,0.020536064327407066,1.020536064327407,AI_Core
2024-05-16 00:00:00-04:00,META,472.2054681039629,474.8796446556367,469.9687053603125,470.4458923339844,16608200,-0.017257066211406547,0.9827429337885935,AI_Core
2024-05-17 00:00:00-04:00,META,468.060003849129,470.0184151764491,465.6642090368279,469.1336669921875,10807300,-0.0027893225622327433,0.9972106774377673,AI_Core
2024-05-20 00:00:00-04:00,META,467.1852115197864,470.4160911835801,464.29232793410193,466.08172607421875,11745100,-0.006505482621906089,0.9934945173780939,AI_Core
2024-05-21 00:00:00-04:00,META,464.37182544918653,467.93078051111434,459.55035299827114,461.896484375,11742200,-0.008979630534908134,0.9910203694650919,AI_Core
2024-05-22 00:00:00-04:00,META,465.11745149618025,470.93304120806755,462.9105108484193,465.0279846191406,10078600,0.006779658105382502,1.0067796581053825,AI_Core
2024-05-23 00:00:00-04:00,META,470.0979384344224,471.56921182322856,458.824658013912,463.0397033691406,11747900,-0.004275616340871258,0.9957243836591287,AI_Core
2024-05-24 00:00:00-04:00,META,464.8689106321585,477.026970474764,463.55666912571417,475.40655517578125,12024300,0.02670797280807169,1.0267079728080717,AI_Core
2024-05-28 00:00:00-04:00,META,473.7761807408165,478.0309995170203,472.0464271821376,477.0965576171875,10175800,0.003554857254295385,1.0035548572542954,AI_Core
2024-05-29 00:00:00-04:00,META,471.86746709937256,477.02693553440264,470.91312350005967,471.5692138671875,9226200,-0.01158537755461031,0.9884146224453897,AI_Core
2024-05-30 00:00:00-04:00,META,468.8950604414013,468.9547050193101,461.9759860236206,464.3022155761719,10719600,-0.015410247482911976,0.984589752517088,AI_Core
2024-05-31 00:00:00-04:00,META,463.059557083366,466.36003188232536,451.7862770937483,464.08349609375,16919800,-0.0004710713735244232,0.9995289286264756,AI_Core
2024-06-03 00:00:00-04:00,META,468.08978738058096,476.7783882019674,465.4852064106632,474.6807861328125,11279400,0.022834878051603225,1.0228348780516032,AI_Core
2024-06-04 00:00:00-04:00,META,474.1936972137186,476.07259246304915,470.44588792892165,474.1837463378906,7088700,-0.0010471032522112456,0.9989528967477888,AI_Core
2024-06-05 00:00:00-04:00,META,481.59986638058245,493.7280723944885,481.06303484683156,492.1474304199219,15690500,0.03788338217149856,1.0378833821714986,AI_Core
2024-06-06 00:00:00-04:00,META,490.07972314692046,499.86182906109696,488.0020226239272,490.8551330566406,10667300,-0.0026258338119912183,0.9973741661880088,AI_Core
2024-06-07 00:00:00-04:00,META,492.9924404793725,495.974790725418,487.28622005011016,490.0597839355469,9380700,-0.0016203337146358798,0.9983796662853641,AI_Core
2024-06-10 00:00:00-04:00,META,490.95452567185265,499.70277202447545,490.5071912988335,499.64312744140625,11220900,0.019555457966572876,1.0195554579665729,AI_Core
2024-06-11 00:00:00-04:00,META,497.2174749867736,504.6137065941105,495.3385796246827,504.4844665527344,9673700,0.009689594123149181,1.0096895941231492,AI_Core
2024-06-12 00:00:00-04:00,META,510.966038992328,510.9859407429061,501.5020588176396,505.8463439941406,11983200,0.0026995428634548624,1.0026995428634549,AI_Core
2024-06-13 00:00:00-04:00,META,502.73476019016255,506.3632801665325,498.4103463715146,501.1342468261719,9954600,-0.009315273746494324,0.9906847262535057,AI_Core
2024-06-14 00:00:00-04:00,META,500.18897273821244,504.66694031933906,498.2982813887023,501.69158935546875,10243300,0.0011121621258707304,1.0011121621258707,AI_Core
2024-06-17 00:00:00-04:00,META,499.2137684390171,508.249298155344,493.5814769288384,504.14947509765625,11266600,0.004899196626646951,1.004899196626647,AI_Core
2024-06-18 00:00:00-04:00,META,502.0895867902152,503.5225387370223,492.596287734658,497.0444030761719,13060400,-0.014093185399247088,0.9859068146007529,AI_Core
2024-06-20 00:00:00-04:00,META,499.5421103029458,501.2039470199272,494.3377064682487,499.24359130859375,11801200,0.004424530723636133,1.0044245307236361,AI_Core
2024-06-21 00:00:00-04:00,META,500.98504667305747,500.98504667305747,489.979200494197,492.35748291015625,22359200,-0.013793083212922053,0.986206916787078,AI_Core
2024-06-24 00:00:00-04:00,META,496.75584325197343,505.31371188112524,491.86987981067074,496.4672546386719,13525300,0.008347129618553106,1.008347129618553,AI_Core
2024-06-25 00:00:00-04:00,META,494.6163313992583,508.2094529447459,493.07393265728075,508.1000061035156,12063200,0.02343105483021235,1.0234310548302124,AI_Core
2024-06-26 00:00:00-04:00,META,504.16931296840505,511.2942595205893,502.2089573502192,510.6076354980469,8882300,0.004935306759316083,1.004935306759316,AI_Core
2024-06-27 00:00:00-04:00,META,511.7321146820941,520.3198650922028,511.3838526564667,517.01611328125,10121200,0.01255068929189096,1.012550689291891,AI_Core
2024-06-28 00:00:00-04:00,META,514.6179980416158,519.3248199785614,501.37313740335526,501.75128173828125,15855100,-0.02952486615183092,0.9704751338481691,AI_Core
2024-07-01 00:00:00-04:00,META,502.4776513058608,504.0996449110336,490.7553303316806,502.2089538574219,10328200,0.0009121493771875322,1.0009121493771875,AI_Core
2024-07-02 00:00:00-04:00,META,498.30817385697856,508.0004748642971,497.0045903470144,507.00537109375,7739500,0.009550640623762874,1.0095506406237629,AI_Core
2024-07-03 00:00:00-04:00,META,503.89071570148445,508.776679094368,503.542423291387,507.463134765625,6005600,0.0009028773618067198,1.0009028773618067,AI_Core
2024-07-05 00:00:00-04:00,META,509.09512300088096,538.2218010293692,509.09512300088096,537.2664794921875,21354100,0.05873006861932417,1.0587300686193242,AI_Core
2024-07-08 00:00:00-04:00,META,539.6945030030015,540.1522726002711,524.0714224714271,526.7283325195312,14917500,-0.01961437643125752,0.9803856235687425,AI_Core
2024-07-09 00:00:00-04:00,META,531.1366686551077,534.8483865011414,525.6038937960874,527.405029296875,8753200,0.0012847168750289573,1.001284716875029,AI_Core
2024-07-10 00:00:00-04:00,META,528.1911531915238,536.241570100338,525.7730581128677,532.0720825195312,10983300,0.008849087444005255,1.0088490874440053,AI_Core
2024-07-11 00:00:00-04:00,META,528.2906682415571,532.8382998725252,505.88091134519624,510.1897277832031,16458300,-0.04112667334979914,0.9588733266502009,AI_Core
2024-07-12 00:00:00-04:00,META,495.3228785549261,505.6022874749347,491.8101633460848,496.42742919921875,19750500,-0.02697486412316097,0.973025135876839,AI_Core
2024-07-15 00:00:00-04:00,META,496.18862053037293,504.19919410028524,490.95436474146356,493.730712890625,12539200,-0.0054322467897146565,0.9945677532102853,AI_Core
2024-07-16 00:00:00-04:00,META,499.0445326780581,501.4825490228506,483.4114612043278,487.3918762207031,14075800,-0.0128386517273964,0.9871613482726036,AI_Core
2024-07-17 00:00:00-04:00,META,476.8239032636759,476.8239032636759,456.87205376676457,459.7279968261719,28076600,-0.056759007985607735,0.9432409920143923,AI_Core
2024-07-18 00:00:00-04:00,META,472.6743277747539,476.8935583722376,462.2655500283145,473.5201721191406,19267200,0.030000729536129755,1.0300007295361298,AI_Core
2024-07-19 00:00:00-04:00,META,473.7290992026768,484.3269482993647,473.3808068088941,474.4555358886719,15149400,0.0019753409138731914,1.0019753409138732,AI_Core
2024-07-22 00:00:00-04:00,META,484.19761839377304,489.6507984290717,481.5307473618028,485.01361083984375,12023100,0.02225303353536856,1.0222530335353686,AI_Core
2024-07-23 00:00:00-04:00,META,487.4416350090635,492.7952982379557,485.3320198411337,486.2972717285156,9455500,0.0026466492073264902,1.0026466492073265,AI_Core
2024-07-24 00:00:00-04:00,META,469.9974905005345,473.9679450896209,458.3249115680211,459.01153564453125,17649700,-0.056109169576458395,0.9438908304235416,AI_Core
2024-07-25 00:00:00-04:00,META,460.9918429767821,461.28040124304727,440.4827357820931,451.1900634765625,18240500,-0.017039816127901952,0.982960183872098,AI_Core
2024-07-26 00:00:00-04:00,META,461.9271746914679,467.4698795206978,457.1705799627187,463.4198303222656,14222400,0.027105576642067142,1.0271055766420671,AI_Core
2024-07-29 00:00:00-04:00,META,467.57940602342404,471.63941640526457,462.7431854783001,463.4298095703125,11339600,2.1533925382399843e-05,1.0000215339253824,AI_Core
2024-07-30 00:00:00-04:00,META,464.7134928556887,470.41544878621977,454.4639354603108,460.9221496582031,11390400,-0.005411088929377361,0.9945889110706226,AI_Core
2024-07-31 00:00:00-04:00,META,468.7137838808179,474.166963671529,464.46470156072644,472.505126953125,24285800,0.025130007971001733,1.0251300079710017,AI_Core
2024-08-01 00:00:00-04:00,META,518.4491036879097,524.5888774106356,489.6906086164732,495.302978515625,43083100,0.0482488977622495,1.0482488977622495,AI_Core
2024-08-02 00:00:00-04:00,META,486.6057441489951,498.6962488962436,473.8186546145976,485.7499694824219,24044700,-0.019287202878998544,0.9807127971210015,AI_Core
2024-08-05 00:00:00-04:00,META,449.14009160406073,481.11278051767437,448.59276631095713,473.4007263183594,21396200,-0.025423044652418403,0.9745769553475816,AI_Core
2024-08-06 00:00:00-04:00,META,476.65469498140897,500.0993368395598,476.30640259620463,491.6708068847656,20955000,0.03859326686820452,1.0385932668682045,AI_Core
2024-08-07 00:00:00-04:00,META,500.6665697776355,507.6521873819174,484.47621183859076,486.5261535644531,20105300,-0.010463613556617513,0.9895363864433825,AI_Core
2024-08-08 00:00:00-04:00,META,495.0641514061811,507.4631365242445,492.2977639959644,507.134765625,16156800,0.042358693175200024,1.0423586931752,AI_Core
2024-08-09 00:00:00-04:00,META,505.2241519485124,515.8021407821636,503.22401392066257,515.2349243164062,13696600,0.015972398739856564,1.0159723987398566,AI_Core
2024-08-12 00:00:00-04:00,META,514.3293458773064,515.4837003209536,506.60736088372124,513.423828125,9767400,-0.0035150881780949828,0.996484911821905,AI_Core
2024-08-13 00:00:00-04:00,META,517.4639444796859,528.8976775945399,515.6130659607747,525.9521484375,13743800,0.024401517082393465,1.0244015170823935,AI_Core
2024-08-14 00:00:00-04:00,META,525.474592232972,531.3855121572074,520.5687370214526,524.1809692382812,11444200,-0.003367567191199017,0.996632432808801,AI_Core
2024-08-15 00:00:00-04:00,META,529.186243628135,537.1272134882921,524.1211991482853,534.6991577148438,13482100,0.020065948773087205,1.0200659487730872,AI_Core
2024-08-16 00:00:00-04:00,META,529.2956914023695,531.047022925906,522.0910894723046,524.8375854492188,14776700,-0.018443216383153938,0.9815567836168461,AI_Core
2024-08-19 00:00:00-04:00,META,524.2903643248923,529.0568899352673,520.2005020489785,526.6885986328125,9879700,0.0035268304612929846,1.003526830461293,AI_Core
2024-08-20 00:00:00-04:00,META,525.7630642608573,528.4896996697129,523.3051870478047,524.1510009765625,7944400,-0.004818022761147955,0.995181977238852,AI_Core
2024-08-21 00:00:00-04:00,META,524.5690033025425,536.759025104398,524.3500488791344,532.5397338867188,13423300,0.016004420280657516,1.0160044202806575,AI_Core
2024-08-22 00:00:00-04:00,META,534.3706835035715,541.565263773224,526.0018881637394,529.3255004882812,15708300,-0.006035668690819618,0.9939643313091804,AI_Core
2024-08-23 00:00:00-04:00,META,534.2911656840746,537.2267343182201,522.4892480796358,525.4148559570312,11323900,-0.00738797682643777,0.9926120231735622,AI_Core
2024-08-26 00:00:00-04:00,META,525.0168581479052,525.4149240515669,512.4288287009674,518.568603515625,9584000,-0.013030184365335429,0.9869698156346646,AI_Core
2024-08-27 00:00:00-04:00,META,516.4390030353331,521.4444048101191,512.7869887253286,516.5584106445312,6282700,-0.0038764261034426317,0.9961235738965574,AI_Core
2024-08-28 00:00:00-04:00,META,515.1353520558432,518.5386506823367,509.9409395253756,514.249755859375,9106100,-0.004469300542944699,0.9955306994570553,AI_Core
2024-08-29 00:00:00-04:00,META,516.5086314086758,524.6187519270367,513.1551363566217,515.6826782226562,8317400,0.0027864327536464284,1.0027864327536464,AI_Core
2024-08-30 00:00:00-04:00,META,518.7974116868138,520.9766917316866,512.6775589346211,518.7576293945312,9157500,0.005962874654764638,1.0059628746547646,AI_Core
2024-09-03 00:00:00-04:00,META,517.0957563465828,522.9170893173817,506.12969296841686,509.25433349609375,12459100,-0.01831933712383038,0.9816806628761696,AI_Core
2024-09-04 00:00:00-04:00,META,503.5921671144299,514.0606781053099,501.6019595944186,510.2294921875,8335200,0.0019148755882187896,1.0019148755882188,AI_Core
2024-09-05 00:00:00-04:00,META,509.2145278610141,519.0760103589896,508.6473113953943,514.329345703125,8640900,0.008035312694387287,1.0080353126943873,AI_Core
2024-09-06 00:00:00-04:00,META,519.3248287702129,522.0116214504744,495.81051872807694,497.82061767578125,14744500,-0.03209758137516949,0.9679024186248305,AI_Core
2024-09-09 00:00:00-04:00,META,503.6817688622659,508.826438765725,499.6217281440494,502.3184814453125,11047800,0.009035109454748724,1.0090351094547487,AI_Core
2024-09-10 00:00:00-04:00,META,505.67197656424986,511.66249081468396,497.5817773967797,502.3184814453125,9899000,0.0,1.0,AI_Core
2024-09-11 00:00:00-04:00,META,504.5275670486504,510.6076364452127,493.1734295034738,509.3239440917969,10782500,0.013946257016719033,1.013946257016719,AI_Core
2024-09-12 00:00:00-04:00,META,514.518364626398,524.1311005430615,512.6973078184791,523.0264892578125,11970500,0.026903398760192543,1.0269033987601925,AI_Core
2024-09-13 00:00:00-04:00,META,517.7923785867389,524.9969209454283,514.5781517601987,522.0513916015625,10321400,-0.0018643370389015423,0.9981356629610985,AI_Core
2024-09-16 00:00:00-04:00,META,522.4696166460582,531.9918808562331,515.3578444581102,531.1751708984375,9527600,0.017476783787291117,1.0174767837872911,AI_Core
2024-09-17 00:00:00-04:00,META,535.4781635235854,539.9604028191319,528.4759413037808,534.2032470703125,11690800,0.005700711060634189,1.0057007110606342,AI_Core
2024-09-18 00:00:00-04:00,META,534.9503115622812,542.0521759030291,531.7928398690025,535.8268432617188,10323500,0.003039285515972434,1.0030392855159724,AI_Core
2024-09-19 00:00:00-04:00,META,547.8291908534814,559.8515587553402,544.3629456091518,556.8932495117188,15647000,0.03931569781342659,1.0393156978134266,AI_Core
2024-09-20 00:00:00-04:00,META,557.7898128965492,562.2720524644678,554.1044037596297,559.1344604492188,22066800,0.004024489324417457,1.0040244893244175,AI_Core
2024-09-23 00:00:00-04:00,META,567.2522491176607,571.7145476196829,560.1902057812791,562.1823120117188,12830700,0.005451017202644515,1.0054510172026445,AI_Core
2024-09-24 00:00:00-04:00,META,564.4434434938287,565.509227757349,552.00274823687,561.106689453125,12993000,-0.0019132984720645618,0.9980867015279354,AI_Core
2024-09-25 00:00:00-04:00,META,561.8237594778809,574.6031382414297,561.495044920447,566.0669555664062,16543400,0.008840147883668381,1.0088401478836684,AI_Core
2024-09-26 00:00:00-04:00,META,573.4576286297669,575.12108106941,560.1304333621082,565.5988159179688,14400800,-0.0008270040210509588,0.999172995978949,AI_Core
2024-09-27 00:00:00-04:00,META,567.8498422431941,568.5869725969067,562.2819395153491,565.1206665039062,9398400,-0.0008453861652565342,0.9991546138347435,AI_Core
2024-09-30 00:00:00-04:00,META,565.4593818880203,572.4118133775064,562.5708034533277,570.1806640625,12792300,0.008953835629295304,1.0089538356292953,AI_Core
2024-10-01 00:00:00-04:00,META,575.6986908635104,580.7387165887828,567.8497883957224,574.1946411132812,15259300,0.00703983369443284,1.0070398336944328,AI_Core
2024-10-02 00:00:00-04:00,META,572.5910911056551,573.726606271189,567.0929191356522,570.5491943359375,6524700,-0.006348799721076714,0.9936512002789233,AI_Core
2024-10-03 00:00:00-04:00,META,567.8996641519551,581.0574858806771,566.4852250655888,580.4698486328125,11581000,0.017387903436480556,1.0173879034364806,AI_Core
2024-10-04 00:00:00-04:00,META,581.4260603106362,594.4942722022978,579.1351503249019,593.587890625,14169500,0.02259900668929582,1.0225990066892958,AI_Core
2024-10-07 00:00:00-04:00,META,595.8589431511809,600.5703163409895,581.7349154298203,582.4720458984375,12014200,-0.018726535534372868,0.9812734644656271,AI_Core
2024-10-08 00:00:00-04:00,META,587.3626054402398,591.2173264049184,583.6572559768421,590.5499877929688,7857400,0.013868376948581895,1.013868376948582,AI_Core
2024-10-09 00:00:00-04:00,META,591.645566596269,592.0440121509104,579.3144244494694,588.1793212890625,9529700,-0.004014336724933343,0.9959856632750667,AI_Core
2024-10-10 00:00:00-04:00,META,585.2509246510792,587.900399135785,580.2208686773732,581.5256958007812,7740400,-0.0113122397327724,0.9886877602672276,AI_Core
2024-10-11 00:00:00-04:00,META,582.5218551504805,588.876679922811,580.4102270662737,587.6216430664062,8587100,0.010482679113999804,1.0104826791139998,AI_Core
2024-10-14 00:00:00-04:00,META,591.8747117346282,597.7315094974075,587.6315761095043,588.0897216796875,8252000,0.0007965646242005242,1.0007965646242005,AI_Core
2024-10-15 00:00:00-04:00,META,587.8306549386698,588.2788909804673,577.850244485156,583.9560546875,9564200,-0.007028973368861213,0.9929710266311388,AI_Core
2024-10-16 00:00:00-04:00,META,579.1052785857133,579.7825873772659,571.7643723313396,574.513427734375,11268400,-0.01617009854992968,0.9838299014500703,AI_Core
2024-10-17 00:00:00-04:00,META,581.0276570619114,582.6611379007146,572.9297407014117,574.6528930664062,8701200,0.00024275382488658792,1.0002427538248866,AI_Core
2024-10-18 00:00:00-04:00,META,578.8063713458147,581.6650385792533,572.9794856400565,574.1946411132812,7694300,-0.0007974413052715956,0.9992025586947284,AI_Core
2024-10-21 00:00:00-04:00,META,573.756575861057,574.9617613706962,566.8638436822902,572.8899536132812,8171900,-0.002272204243269127,0.9977277957567309,AI_Core
2024-10-22 00:00:00-04:00,META,572.0233288655415,581.2269108333847,569.8619106006562,579.712890625,8544500,0.011909681726282262,1.0119096817262823,AI_Core
2024-10-23 00:00:00-04:00,META,577.680923843806,582.6911004356343,560.279904265033,561.4652099609375,14248400,-0.031477100059633556,0.9685228999403664,AI_Core
2024-10-24 00:00:00-04:00,META,564.8916036624881,566.6346966004356,559.3037603206038,565.5390625,7184700,0.007255752389976111,1.0072557523899761,AI_Core
2024-10-25 00:00:00-04:00,META,571.6647966628544,578.9957335073058,569.4634972400297,570.9874877929688,11337900,0.009634038838773895,1.009634038838774,AI_Core
2024-10-28 00:00:00-04:00,META,579.7029225322412,581.4460155123639,571.8540189924909,575.8780517578125,10925100,0.008565098306702268,1.0085650983067023,AI_Core
2024-10-29 00:00:00-04:00,META,577.8602930748424,591.3268911100713,573.1290403357294,590.9384765625,13019100,0.026152107653203638,1.0261521076532036,AI_Core
2024-10-30 00:00:00-04:00,META,598.6079319045934,598.8270951847134,587.0537410474774,589.4641723632812,26864900,-0.0024948522692155306,0.9975051477307845,AI_Core
2024-10-31 00:00:00-04:00,META,582.6911348906162,587.5718199962945,560.7879342651435,565.3399047851562,26838400,-0.04092575716927105,0.959074242830729,AI_Core
2024-11-01 00:00:00-04:00,META,565.3696838064145,571.405763142559,560.339627825337,564.9214477539062,15303200,-0.0007401866164197246,0.9992598133835803,AI_Core
2024-11-04 00:00:00-05:00,META,561.8735255720723,566.4454360194603,555.6880747714519,558.467041015625,12064600,-0.011425317208159758,0.9885746827918402,AI_Core
2024-11-05 00:00:00-05:00,META,565.0608971597502,571.2164978665354,564.433378859103,570.170654296875,9775400,0.020956676798626894,1.020956676798627,AI_Core
2024-11-06 00:00:00-05:00,META,560.5288934332871,570.7384379160791,552.9787937592303,569.7921752929688,18305400,-0.0006637995152047882,0.9993362004847952,AI_Core
2024-11-07 00:00:00-05:00,META,574.6131397370345,592.4524256318628,572.9397776720764,589.3646850585938,14653700,0.034350260699107515,1.0343502606991075,AI_Core
2024-11-08 00:00:00-05:00,META,589.205245296399,590.7590857439004,582.2129936797714,587.0139770507812,9415700,-0.003988545746643757,0.9960114542533562,AI_Core
2024-11-11 00:00:00-05:00,META,584.0456366766098,584.6831252027152,574.2345387059856,580.8682250976562,10209100,-0.010469515536924545,0.9895304844630755,AI_Core
2024-11-12 00:00:00-05:00,META,586.2170067032824,597.2931111235839,578.0892410286386,582.51171875,16287700,0.0028293743422915796,1.0028293743422916,AI_Core
2024-11-13 00:00:00-05:00,META,580.3104381986861,583.3285080451261,572.899801262269,577.7107543945312,10757600,-0.008241833084098316,0.9917581669159017,AI_Core
2024-11-14 00:00:00-05:00,META,574.7226772857438,578.4678469202681,570.7484348770021,574.8820190429688,11053700,-0.004896456107221225,0.9951035438927788,AI_Core
2024-11-15 00:00:00-05:00,META,568.965368719872,570.3100767540825,549.3232326292208,551.89306640625,17712900,-0.03998899230661179,0.9600110076933882,AI_Core
2024-11-18 00:00:00-05:00,META,554.8413869604221,557.6901449788284,547.9188666753142,552.2118530273438,14327300,0.0005776238921963994,1.0005776238921964,AI_Core
2024-11-19 00:00:00-05:00,META,549.681816342146,559.2140512350836,548.4267797840299,558.8754272460938,9522400,0.012067061187149175,1.0120670611871492,AI_Core
2024-11-20 00:00:00-05:00,META,560.7081596102355,564.1146441614266,552.012635573936,563.2879638671875,9797300,0.007895384921174475,1.0078953849211745,AI_Core
2024-11-21 00:00:00-05:00,META,567.272167698836,567.7502537214924,546.8829296056848,560.8675537109375,11154700,-0.004296932140415266,0.9957030678595847,AI_Core
2024-11-22 00:00:00-05:00,META,561.325795612175,561.6047197027932,552.4011974206409,556.9332275390625,9164000,-0.007014715231508428,0.9929852847684916,AI_Core
2024-11-25 00:00:00-05:00,META,559.8814479460827,570.3300964942197,554.1940234019514,562.8795776367188,13599800,0.010676953364645803,1.0106769533646458,AI_Core
2024-11-26 00:00:00-05:00,META,563.7660269968359,575.2206370859942,562.9691967147016,571.2762451171875,10356600,0.014917342561481028,1.014917342561481,AI_Core
2024-11-27 00:00:00-05:00,META,572.6209746815437,572.7105854147321,561.8735229474948,566.9534301757812,7200200,-0.007566943275436722,0.9924330567245633,AI_Core
2024-11-29 00:00:00-05:00,META,566.7542128784901,576.1768970734391,564.6625256899628,572.05322265625,7130500,0.008995081798671922,1.008995081798672,AI_Core
2024-12-02 00:00:00-05:00,META,575.220721827725,592.1536261932165,573.2983464509542,590.490234375,12522400,0.032229539120748774,1.0322295391207488,AI_Core
2024-12-03 00:00:00-05:00,META,592.651612157578,611.7758444062205,588.9164129212908,611.22802734375,14907200,0.0351196205483395,1.0351196205483395,AI_Core
2024-12-04 00:00:00-05:00,META,610.5407120968788,615.3416951929215,602.7116887576115,611.3574829101562,14697000,0.00021179586114339344,1.0002117958611434,AI_Core
2024-12-05 00:00:00-05:00,META,614.6445303223205,617.4534076628545,604.654087469592,606.5266723632812,8081200,-0.00790177708119244,0.9920982229188076,AI_Core
2024-12-06 00:00:00-05:00,META,607.6920148593949,627.3043042136323,606.1282648810326,621.30810546875,16935500,0.024370623385570278,1.0243706233855703,AI_Core
2024-12-09 00:00:00-05:00,META,621.4575028893596,623.9277561947446,603.7775583797533,611.1483764648438,11426000,-0.016352159121183818,0.9836478408788162,AI_Core
2024-12-10 00:00:00-05:00,META,615.1226080382442,623.1209443670939,610.3216243479825,616.8756713867188,10938900,0.00937136568210195,1.009371365682102,AI_Core
2024-12-11 00:00:00-05:00,META,620.9096094972598,635.8803166127035,619.0769058574836,630.182861328125,10837200,0.02157191563656924,1.0215719156365692,AI_Core
2024-12-12 00:00:00-05:00,META,629.007573636922,634.1471812183523,624.7345274454173,628.3003540039062,7474700,-0.0029872397993359057,0.9970127602006641,AI_Core
2024-12-13 00:00:00-05:00,META,624.7444306032417,628.5892419845969,614.455245285517,617.9015502929688,8453300,-0.016550688925559442,0.9834493110744406,AI_Core
2024-12-16 00:00:00-05:00,META,627.9997182991576,629.1660843597223,616.6355892593001,622.2777709960938,10885600,0.00708239152507395,1.007082391525074,AI_Core
2024-12-17 00:00:00-05:00,META,624.2016843799404,630.3822075101276,614.6019503899752,617.4928588867188,12897800,-0.007689350853262389,0.9923106491467376,AI_Core
2024-12-18 00:00:00-05:00,META,619.0478953096681,625.3878881375024,594.4454838407464,595.312744140625,17075500,-0.03591962955827932,0.9640803704417207,AI_Core
2024-12-19 00:00:00-05:00,META,608.4713602309599,609.5978131407581,593.1297214059822,593.6979370117188,14958100,-0.0027125357970243513,0.9972874642029756,AI_Core
2024-12-20 00:00:00-05:00,META,588.723602198965,601.2141840625833,578.1768420780382,583.4103393554688,48989400,-0.017327999669378924,0.9826720003306211,AI_Core
2024-12-23 00:00:00-05:00,META,587.746636194458,599.2005698155671,584.4071908696653,597.9644165039062,10205800,0.02494655333759832,1.0249465533375983,AI_Core
2024-12-24 00:00:00-05:00,META,600.8253211686514,606.0787743995681,597.3961932142544,605.8395385742188,4726100,0.013169884115104447,1.0131698841151044,AI_Core
2024-12-26 00:00:00-05:00,META,603.5767396891605,604.3941694362019,597.0573191588121,601.4534301757812,6081400,-0.007239719627345154,0.9927602803726548,AI_Core
2024-12-27 00:00:00-05:00,META,597.5257325712804,599.958064884052,587.9459561336816,597.9244995117188,8084200,-0.005867338162875102,0.9941326618371249,AI_Core
2024-12-30 00:00:00-05:00,META,586.8992458198082,595.0635027304218,583.739227850836,589.3814086914062,7025900,-0.014287908970595842,0.9857120910294042,AI_Core
2024-12-31 00:00:00-05:00,META,590.4083164544484,592.102924110321,582.0147395278991,583.6695556640625,6019500,-0.009691267731070208,0.9903087322689298,AI_Core
2025-01-02 00:00:00-05:00,META,587.8662892601321,603.0085445892757,585.9722980833435,597.3563842773438,12682300,0.02344961884761876,1.0234496188476188,AI_Core
2025-01-03 00:00:00-05:00,META,602.8590273821567,607.5841180897974,594.5352379868413,602.7294311523438,11436800,0.008994709048770089,1.00899470904877,AI_Core
2025-01-06 00:00:00-05:00,META,609.906744646259,629.0064888916852,603.7162437232414,628.218994140625,14560800,0.04229022455324327,1.0422902245532433,AI_Core
2025-01-07 00:00:00-05:00,META,629.7142790484268,630.112985152474,606.3180247667793,615.9476928710938,12071500,-0.01953347699446406,0.9804665230055359,AI_Core
2025-01-08 00:00:00-05:00,META,611.4718611566152,614.5022833089956,600.895166417742,608.8002319335938,10085800,-0.011604006347006202,0.9883959936529938,AI_Core
2025-01-10 00:00:00-05:00,META,608.112381815468,627.9298324702991,595.4622707729309,613.9240112304688,19256600,0.008416191433767262,1.0084161914337673,AI_Core
2025-01-13 00:00:00-05:00,META,605.1916106669787,607.0557276203978,596.5688376806378,606.4177856445312,10785000,-0.012226636275217473,0.9877733637247825,AI_Core
2025-01-14 00:00:00-05:00,META,603.1679523273406,603.5866150091213,586.6998639533412,592.3819580078125,13598000,-0.02314547490027974,0.9768545250997203,AI_Core
2025-01-15 00:00:00-05:00,META,608.2919230470484,620.5034171048438,604.5935629430987,615.18017578125,15524300,0.03848567206555065,1.0384856720655506,AI_Core
2025-01-16 00:00:00-05:00,META,609.5778014543201,614.3128702309481,607.7934500715568,609.37841796875,8355300,-0.009430989555429092,0.9905690104445709,AI_Core
2025-01-17 00:00:00-05:00,META,622.0883835023329,623.0054745889828,601.7724400021073,610.8438720703125,17280600,0.002404834267756506,1.0024048342677565,AI_Core
2025-01-21 00:00:00-05:00,META,615.8879054164239,619.5463519549992,607.0956232572347,614.522216796875,11674000,0.006021742862207358,1.0060217428622074,AI_Core
2025-01-22 00:00:00-05:00,META,621.3407166057895,631.7080497498704,617.482886369199,621.5401000976562,12274000,0.011420064415833764,1.0114200644158338,AI_Core
2025-01-23 00:00:00-05:00,META,625.3878883324852,634.5988327915112,619.197448317166,634.4493408203125,9910200,0.020769763239134376,1.0207697632391344,AI_Core
2025-01-24 00:00:00-05:00,META,634.3995455880619,649.9504837452617,632.2064489650473,645.4546508789062,19065300,0.017346239251134543,1.0173462392511345,AI_Core
2025-01-27 00:00:00-05:00,META,624.6402872001196,661.7831731182577,623.1350240288891,657.8057250976562,28399200,0.019135463974009115,1.0191354639740091,AI_Core
2025-01-28 00:00:00-05:00,META,663.9065549274304,680.4344558685057,657.3970515429507,672.2103881835938,20950100,0.021898050649831413,1.0218980506498314,AI_Core
2025-01-29 00:00:00-05:00,META,672.878157860452,678.9091276992832,663.577469397903,674.3634643554688,21377800,0.0032029796172785563,1.0032029796172786,AI_Core
2025-01-30 00:00:00-05:00,META,694.6295927845299,708.5556496697027,673.9746933017885,684.8404541015625,29322900,0.015536117093928326,1.0155361170939283,AI_Core
2025-01-31 00:00:00-05:00,META,688.8279583138682,703.0829965126293,683.4250122037394,687.013671875,19303900,0.0031733198008703223,1.0031733198008703,AI_Core
2025-02-03 00:00:00-05:00,META,673.7852712039112,701.786997935187,673.1273726643963,695.267578125,21415700,0.012014180485627524,1.0120141804856275,AI_Core
2025-02-04 00:00:00-05:00,META,700.291750368734,705.4853950757674,689.435967564897,701.9764404296875,13826300,0.009649324254095148,1.0096493242540951,AI_Core
2025-02-05 00:00:00-05:00,META,701.338438880343,715.8826032404849,696.8127318836921,702.654296875,17778200,0.0009656398794488652,1.0009656398794489,AI_Core
2025-02-06 00:00:00-05:00,META,703.6611131134636,716.6402049884904,701.2885896343017,709.7518920898438,13080700,0.010101119777406575,1.0101011197774066,AI_Core
2025-02-07 00:00:00-05:00,META,714.5467269625192,722.7309407303161,709.5126138066624,712.27392578125,16427100,0.003553401857063321,1.0035534018570633,AI_Core
2025-02-10 00:00:00-05:00,META,716.3012242622654,718.932940098342,709.0939710353202,715.1448974609375,12904300,0.004030712870106035,1.004030712870106,AI_Core
2025-02-11 00:00:00-05:00,META,711.077742352479,721.3852053088176,707.8080235680292,717.537353515625,12998000,0.003345414423261195,1.0033454144232612,AI_Core
2025-02-12 00:00:00-05:00,META,713.0515218383842,724.8144176821432,710.3599968194253,723.099853515625,12016500,0.007752209655352615,1.0077522096553526,AI_Core
2025-02-13 00:00:00-05:00,META,719.2519879198333,726.7084557601091,715.7828856053137,726.2698364257812,12569100,0.004383879895347942,1.004383879895348,AI_Core
2025-02-14 00:00:00-05:00,META,723.85738092295,738.5809097984375,723.3389960821124,734.354248046875,16901200,0.01113141592232414,1.0111314159223241,AI_Core
2025-02-18 00:00:00-05:00,META,733.6864641630071,734.6833207719243,704.2193852371487,714.1181640625,21938700,-0.02755629730228415,0.9724437026977159,AI_Core
2025-02-19 00:00:00-05:00,META,701.886658105386,704.7775663783432,693.2040766728801,701.5577392578125,17535500,-0.017588720518230905,0.9824112794817691,AI_Core
2025-02-20 00:00:00-05:00,META,695.0880938877766,703.4118208987041,691.4595218114225,692.65576171875,12587400,-0.012688873689113644,0.9873111263108864,AI_Core
2025-02-21 00:00:00-05:00,META,694.3903766528952,701.6574392501641,680.2150443830811,681.4013061523438,15660400,-0.01624826672700963,0.9837517332729904,AI_Core
2025-02-24 00:00:00-05:00,META,684.122756243814,685.1096345134455,660.3676471383606,666.02978515625,15677000,-0.02255869024215973,0.9774413097578403,AI_Core
2025-02-25 00:00:00-05:00,META,663.8765739042495,665.9002220472909,639.8423754025094,655.4332275390625,20579700,-0.015910035637072273,0.9840899643629277,AI_Core
2025-02-26 00:00:00-05:00,META,657.576512679624,680.8630693918321,655.9316748718801,671.5823364257812,14488700,0.024638831551694995,1.024638831551695,AI_Core
2025-02-27 00:00:00-05:00,META,680.3048193549045,686.4853426299528,655.5030215314821,656.1708984375,12500000,-0.022947950165429054,0.977052049834571,AI_Core
2025-02-28 00:00:00-05:00,META,655.9715119869538,667.5251070483702,640.5800432544102,666.099609375,17534200,0.015131288146339017,1.015131288146339,AI_Core
2025-03-03 00:00:00-05:00,META,671.5623491469186,679.1085609343871,648.7941784019307,652.9909057617188,10843800,-0.019679794776611748,0.9803202052233883,AI_Core
2025-03-04 00:00:00-05:00,META,643.4809097831836,647.7075720071792,621.6896392388619,637.9882202148438,21495200,-0.022975336125660495,0.9770246638743395,AI_Core
2025-03-05 00:00:00-05:00,META,638.985090470047,657.426937854908,635.6555626035664,654.4064331054688,13770000,0.02573435115321754,1.0257343511532175,AI_Core
2025-03-06 00:00:00-05:00,META,645.963033649381,648.5149839411777,622.1481164638366,625.9561157226562,13446500,-0.04347499649079278,0.9565250035092072,AI_Core
2025-03-07 00:00:00-05:00,META,623.4041708110899,632.7945424007281,598.7219930959255,623.6932373046875,21375700,-0.0036150751804002734,0.9963849248195997,AI_Core
2025-03-10 00:00:00-04:00,META,606.1586224627868,608.1921880983464,585.0252495931782,596.1102905273438,21999900,-0.04422518175208123,0.9557748182479188,AI_Core
2025-03-11 00:00:00-04:00,META,593.1795048947525,612.9970188777876,591.4649407555324,603.8060302734375,17401500,0.012909926012660833,1.0129099260126608,AI_Core
2025-03-12 00:00:00-04:00,META,627.9200120605409,631.3392229811113,607.4345597540354,617.6124877929688,15747000,0.022865716517072476,1.0228657165170725,AI_Core
2025-03-13 00:00:00-04:00,META,618.300295022882,618.549509168397,584.666363679096,588.7833862304688,16480300,-0.04667830092866232,0.9533216990713377,AI_Core
2025-03-14 00:00:00-04:00,META,601.43972556622,607.4860482974414,593.4378646925935,606.2288818359375,12364500,0.02962973482855724,1.0296297348285572,AI_Core
2025-03-17 00:00:00-04:00,META,606.0892549627374,611.7164817099355,596.6505800508986,603.5350341796875,15473900,-0.004443614840803689,0.9955563851591963,AI_Core
2025-03-18 00:00:00-04:00,META,598.695920754158,598.895481615564,573.3632009688982,581.0458374023438,20297700,-0.03726245454484778,0.9627375454551522,AI_Core
2025-03-19 00:00:00-04:00,META,582.9616006660708,590.9834364727485,573.473050249603,582.7420654296875,20537500,0.0029192671527034086,1.0029192671527034,AI_Core
2025-03-20 00:00:00-04:00,META,581.4449335433823,608.8230139342973,578.2022676048324,584.6776123046875,24336500,0.0033214469828479753,1.003321446982848,AI_Core
2025-03-21 00:00:00-04:00,META,582.1034753081934,596.1916081624212,579.6390781803701,594.904541015625,25015900,0.017491568850438677,1.0174915688504387,AI_Core
2025-03-24 00:00:00-04:00,META,613.5822418688982,621.1351668672481,610.818534005287,617.4534912109375,15741300,0.03790347634061897,1.037903476340619,AI_Core
2025-03-25 00:00:00-04:00,META,625.3457252697278,632.4496541118687,619.7782994932003,624.896728515625,15312500,0.01205473353157327,1.0120547335315733,AI_Core
2025-03-26 00:00:00-04:00,META,623.479902445872,625.3356905979604,605.2411234358802,609.6012573242188,12609800,-0.024476798314721493,0.9755232016852785,AI_Core
2025-03-27 00:00:00-04:00,META,600.6415066398952,612.8638628796605,598.7457698845544,601.22021484375,10436500,-0.013748400909237679,0.9862515990907623,AI_Core
2025-03-28 00:00:00-04:00,META,598.9553576126906,600.3921105915904,572.624893809918,575.4385375976562,17602800,-0.042882252807807,0.957117747192193,AI_Core
2025-03-31 00:00:00-04:00,META,562.2284810192266,577.3941949049992,552.0514847999954,575.0594482421875,21124700,-0.0006587833985735037,0.9993412166014265,AI_Core
2025-04-01 00:00:00-04:00,META,569.5518496754252,588.5787620697387,568.713718453365,584.6776123046875,12836600,0.01672551262639077,1.0167255126263908,AI_Core
2025-04-02 00:00:00-04:00,META,573.612639602056,591.3225852084037,572.0661494891557,582.6123046875,13470800,-0.0035323870347052644,0.9964676129652947,AI_Core
2025-04-03 00:00:00-04:00,META,544.9873786131755,551.3130986556911,529.1033205063213,530.4203491210938,34777500,-0.08958265238562169,0.9104173476143783,AI_Core
2025-04-04 00:00:00-04:00,META,505.4767837476822,516.8311091249631,493.0848271014097,503.591064453125,38589800,-0.050581175312042315,0.9494188246879577,AI_Core
2025-04-07 00:00:00-04:00,META,484.0053216518451,538.1528441381656,480.8125306436679,515.0850219726562,36606100,0.02282399019929615,1.0228239901992962,AI_Core
2025-04-08 00:00:00-04:00,META,542.0241297513288,546.1946900687835,501.72525715038495,509.29815673828125,28034200,-0.011234776760179588,0.9887652232398204,AI_Core
2025-04-09 00:00:00-04:00,META,508.1207792653783,586.563392325636,500.9769327422793,584.4481811523438,39216600,0.14755605026208785,1.1475560502620878,AI_Core
2025-04-10 00:00:00-04:00,META,574.1914363860034,579.9883240820161,534.0921199395266,545.0573120117188,28173500,-0.06739839460695884,0.9326016053930412,AI_Core
2025-04-11 00:00:00-04:00,META,534.3016346023475,546.1648195031983,527.397266592616,542.3434448242188,17642300,-0.0049790492260044505,0.9950209507739955,AI_Core
2025-04-14 00:00:00-04:00,META,554.9149264864913,556.5113524556241,527.0879095050198,530.2806396484375,14130900,-0.022242004196604603,0.9777579958033954,AI_Core
2025-04-15 00:00:00-04:00,META,530.9092700648307,536.7261316213554,516.3322523952014,520.3432006835938,15558700,-0.018739961865158805,0.9812600381348412,AI_Core
2025-04-16 00:00:00-04:00,META,507.36253528750194,512.2115538752881,494.5115946838527,501.176513671875,18735100,-0.0368347025319804,0.9631652974680196,AI_Core
2025-04-17 00:00:00-04:00,META,504.109870459736,506.1552323217004,496.8862177349848,500.348388671875,14593500,-0.0016523619471565665,0.9983476380528434,AI_Core
2025-04-21 00:00:00-04:00,META,490.22127698998224,492.38639367876976,478.71729620364266,483.56634521484375,16166000,-0.03354071650271029,0.9664592834972897,AI_Core
2025-04-22 00:00:00-04:00,META,490.7600664511802,505.7362053967078,485.26249029169,499.1510925292969,17399400,0.0322287675076498,1.0322287675076498,AI_Core
2025-04-23 00:00:00-04:00,META,527.3373790061787,534.1320095182137,515.3544703338583,519.0960083007812,18173900,0.03995767227598268,1.0399576722759827,AI_Core
2025-04-24 00:00:00-04:00,META,517.5594556288198,532.6952680588365,516.3322506362241,531.9469604492188,13910000,0.02475640718275618,1.0247564071827562,AI_Core
2025-04-25 00:00:00-04:00,META,545.566124111354,548.6192167322417,535.0399425493104,546.0350952148438,17098900,0.026484096748532693,1.0264840967485327,AI_Core
2025-04-28 00:00:00-04:00,META,554.3862228326028,557.2297674992926,539.3701950695558,548.49951171875,15179000,0.0045132932397624614,1.0045132932397625,AI_Core
2025-04-29 00:00:00-04:00,META,544.7679463052672,555.3141023170735,542.8921836696377,553.1889038085938,11835000,0.008549491822060773,1.0085494918220608,AI_Core
2025-04-30 00:00:00-04:00,META,537.1851129255415,547.8609194224242,528.305171612182,547.7611694335938,29244000,-0.009811719536728103,0.9901882804632719,AI_Core
2025-05-01 00:00:00-04:00,META,590.7439183241091,591.6119501941531,569.2125991017259,570.9187622070312,31159000,0.04227680614415097,1.042276806144151,AI_Core
2025-05-02 00:00:00-04:00,META,582.1434519633877,602.976341384666,577.025022870384,595.6728515625,24739300,0.043358339214103925,1.043358339214104,AI_Core
2025-05-05 00:00:00-04:00,META,589.8858412822701,601.8488361583287,586.7230116613694,597.917724609375,13887700,0.0037686341437024318,1.0037686341437024,AI_Core
2025-05-06 00:00:00-04:00,META,591.1929940245881,594.6850963262071,585.2564079323492,585.9847412109375,10600700,-0.01995756758378997,0.98004243241621,AI_Core
2025-05-07 00:00:00-04:00,META,589.0277995025451,601.7191276587725,585.3461237925522,595.4632568359375,13139100,0.01617536252806273,1.0161753625280627,AI_Core
2025-05-08 00:00:00-04:00,META,604.9218677784463,609.9205723172726,595.2737054544873,596.6605834960938,14622800,0.0020107481803635086,1.0020107481803635,AI_Core
2025-05-09 00:00:00-04:00,META,602.3577169402795,605.6003835325008,590.3748678564078,591.153076171875,10427300,-0.009230553310473177,0.9907694466895268,AI_Core
2025-05-12 00:00:00-04:00,META,629.4962543948571,638.9449161423443,619.6286183644004,637.987060546875,21965100,0.07922480024680323,1.0792248002468032,AI_Core
2025-05-13 00:00:00-04:00,META,644.083302386897,659.4286019389394,641.3794565378789,654.5496826171875,18570800,0.025960749197821098,1.025960749197821,AI_Core
2025-05-14 00:00:00-04:00,META,659.7179321317063,661.1745985140565,652.8334783472295,657.8720703125,12348200,0.0050758373024153425,1.0050758373024153,AI_Core
2025-05-15 00:00:00-04:00,META,652.8036193165813,655.8267503294444,637.1390348372435,642.4270629882812,14341800,-0.023477219996407728,0.9765227800035923,AI_Core
2025-05-16 00:00:00-04:00,META,636.5204462352993,638.9948305544648,624.7370982869602,638.8950805664062,18519000,-0.005497873027711209,0.9945021269722888,AI_Core
2025-05-19 00:00:00-04:00,META,626.8323547421304,641.5490713874889,626.3833579870233,638.98486328125,9592400,0.00014052810480902345,1.000140528104809,AI_Core
2025-05-20 00:00:00-04:00,META,634.5748472134089,637.9072763695222,630.8333091235804,635.662353515625,6743500,-0.005199668969564586,0.9948003310304354,AI_Core
2025-05-21 00:00:00-04:00,META,630.3643287848374,645.1508944069866,628.7479892254967,634.0659790039062,11464600,-0.0025113560727479944,0.997488643927252,AI_Core
2025-05-22 00:00:00-04:00,META,632.6192119816805,641.7984637515493,629.2867830155565,635.133544921875,8228400,0.001683682697573241,1.0016836826975732,AI_Core
2025-05-23 00:00:00-04:00,META,622.5919269408028,631.0228714642786,621.2449976116812,625.64501953125,8454100,-0.014939417806678956,0.985060582193321,AI_Core
2025-05-27 00:00:00-04:00,META,633.9761034753569,641.6288391569669,631.322132840975,640.8705444335938,9508400,0.024335724615455412,1.0243357246154554,AI_Core
2025-05-28 00:00:00-04:00,META,641.1499165908115,649.4112615873161,641.1000415977985,642.1277465820312,9042900,0.0019617099886353184,1.0019617099886353,AI_Core
2025-05-29 00:00:00-04:00,META,650.1795649115138,651.8457794764735,638.0569572367845,643.5944213867188,8858800,0.0022840857017851768,1.0022840857017852,AI_Core
2025-05-30 00:00:00-04:00,META,641.0501397655987,647.9445199213626,631.3521030687026,646.0288696289062,16241000,0.0037825813296239463,1.003782581329624,AI_Core
2025-06-02 00:00:00-04:00,META,642.9359196596392,671.7407683371362,642.8062081386795,669.3861083984375,15766300,0.03615510059627547,1.0361551005962755,AI_Core
2025-06-03 00:00:00-04:00,META,669.9348099310185,674.0554949945077,663.5293144324946,665.3451538085938,11585000,-0.006036806768386693,0.9939631932316133,AI_Core
2025-06-04 00:00:00-04:00,META,667.8096186265605,687.4452013964936,667.0613110778705,686.3975830078125,14031900,0.03164136550587271,1.0316413655058727,AI_Core
2025-06-05 00:00:00-04:00,META,690.0991647687987,692.8130584501095,680.7104262850396,683.0750732421875,13083100,-0.004840503299947008,0.995159496700053,AI_Core
2025-06-06 00:00:00-04:00,META,694.5990561951916,701.2240874679378,690.3087714429512,696.1356201171875,11728000,0.0191202217539701,1.01912022175397,AI_Core
2025-06-09 00:00:00-04:00,META,696.8839311085023,703.5987252238476,692.3741111037318,692.4938354492188,12773200,-0.005231429857526448,0.9947685701424736,AI_Core
2025-06-10 00:00:00-04:00,META,699.7673231326536,701.6430856337115,689.9994369756769,700.8150024414062,10850100,0.012016232587528597,1.0120162325875286,AI_Core
2025-06-11 00:00:00-04:00,META,702.1220817843749,707.2704113136799,690.4284966062165,692.5736694335938,9582500,-0.011759641244982522,0.9882403587550175,AI_Core
2025-06-12 00:00:00-04:00,META,691.7355479828731,693.8108714889893,685.4497761885773,691.79541015625,7322700,-0.001123720568210751,0.9988762794317892,AI_Core
2025-06-13 00:00:00-04:00,META,686.3976556130428,693.00271273635,679.4733132608307,681.3291015625,9274400,-0.015129196349229934,0.9848708036507701,AI_Core
2025-06-16 00:00:00-04:00,META,698.2888218186604,706.097186349852,692.4774795938313,701.0746459960938,13720300,0.028980920363318008,1.028980920363318,AI_Core
2025-06-17 00:00:00-04:00,META,700.9548121157454,704.9188720421186,695.0236535754563,696.19189453125,10066100,-0.006964667019025206,0.9930353329809748,AI_Core
2025-06-18 00:00:00-04:00,META,697.1405159449071,700.5454731369719,693.8654310237622,694.734130859375,10068300,-0.002093910721061354,0.9979060892789386,AI_Core
2025-06-20 00:00:00-04:00,META,699.7066745861354,700.7750888089137,677.659531763817,681.3340454101562,22538600,-0.019288077055668817,0.9807119229443312,AI_Core
2025-06-23 00:00:00-04:00,META,682.6721183845542,698.009235646563,677.7394706648903,697.4900512695312,11080100,0.02371231258471651,1.0237123125847165,AI_Core
2025-06-24 00:00:00-04:00,META,703.840534417847,712.1281647182683,701.0646441862544,711.1396484375,13823200,0.019569594065355522,1.0195695940653555,AI_Core
2025-06-25 00:00:00-04:00,META,712.2579843149763,715.5131404309827,704.329803307428,707.6248779296875,9320400,-0.0049424476831450015,0.995057552316855,AI_Core
2025-06-26 00:00:00-04:00,META,713.2963951875835,727.1357448031094,709.9913257897466,725.0089721679688,13964800,0.02456682174479541,1.0245668217447954,AI_Core
2025-06-27 00:00:00-04:00,META,725.4383202717177,734.335027558332,724.7792688020234,732.5377197265625,18775700,0.010384350880625393,1.0103843508806254,AI_Core
2025-06-30 00:00:00-04:00,META,743.4414931754206,746.7865422233173,733.1568401231899,736.9911499023438,15402100,0.00607945509951846,1.0060794550995185,AI_Core
2025-07-01 00:00:00-04:00,META,735.7829112020786,736.6516110389775,714.3049263192432,718.149169921875,13431200,-0.02556608716802833,0.9744339128319717,AI_Core
2025-07-02 00:00:00-04:00,META,714.2649576351612,719.2275285170003,711.7386953151484,712.507568359375,9336700,-0.007855751700045488,0.9921442482999545,AI_Core
2025-07-03 00:00:00-04:00,META,725.5281745483136,727.9446154194361,713.3563211505465,717.9395141601562,8601700,0.007623702599101945,1.007623702599102,AI_Core
2025-07-07 00:00:00-04:00,META,716.5315731843128,725.9176023238477,712.4476967305745,717.2804565429688,9457100,-0.0009179848778186894,0.9990820151221813,AI_Core
2025-07-08 00:00:00-04:00,META,720.4956692403485,721.8336399994789,713.7457243829997,719.5969848632812,7770700,0.0032295991047592842,1.0032295991047593,AI_Core
2025-07-09 00:00:00-04:00,META,721.6439452565418,736.4319538163115,721.6439452565418,731.6890258789062,11418000,0.01680390728418968,1.0168039072841897,AI_Core
2025-07-10 00:00:00-04:00,META,730.4608071076664,734.704479422628,718.5285868802704,726.1572265625,9913600,-0.007560314724908479,0.9924396852750915,AI_Core
2025-07-11 00:00:00-04:00,META,721.4243335394181,724.080346484783,708.6434025181652,716.4417724609375,10873900,-0.0133792706953475,0.9866207293046525,AI_Core
2025-07-14 00:00:00-04:00,META,716.5315544248375,726.9160944373699,715.4831299390246,719.8466186523438,8939400,0.004752439517465401,1.0047524395174654,AI_Core
2025-07-15 00:00:00-04:00,META,722.8222937420867,723.3913915043134,708.7632387544227,709.3323974609375,11529500,-0.014606196540994265,0.9853938034590057,AI_Core
2025-07-16 00:00:00-04:00,META,712.3078512596281,712.9069335357998,698.2288692710704,701.8634033203125,13067600,-0.010529610895202768,0.9894703891047972,AI_Core
2025-07-17 00:00:00-04:00,META,703.3412662167694,704.8490277671435,696.0720759709156,700.3656616210938,11803300,-0.002133950412763208,0.9978660495872368,AI_Core
2025-07-18 00:00:00-04:00,META,701.1445302429636,703.6607977835126,690.6202449112741,703.2314453125,12779800,0.004091839232627459,1.0040918392326275,AI_Core
2025-07-21 00:00:00-04:00,META,705.7476506911312,715.932476351091,704.7092210614702,711.908447265625,9404400,0.012338757049280114,1.0123387570492801,AI_Core
2025-07-22 00:00:00-04:00,META,715.1236815394241,715.5330442831794,700.3656579311477,703.7606201171875,8921100,-0.011445049120757833,0.9885549508792422,AI_Core
2025-07-23 00:00:00-04:00,META,705.3182910497592,713.5660026063329,703.880432607157,712.517578125,8771600,0.012443091809192675,1.0124430918091927,AI_Core
2025-07-24 00:00:00-04:00,META,715.9824289621253,722.5426547237513,712.9369820539731,713.7357788085938,10920800,0.0017097131649712605,1.0017097131649713,AI_Core
2025-07-25 00:00:00-04:00,META,715.8525738749273,719.5770617883383,710.8400895031193,711.618896484375,8271700,-0.0029659187434212253,0.9970340812565788,AI_Core
2025-07-28 00:00:00-04:00,META,714.1352096135126,723.6609843506268,711.6189419324959,716.5615844726562,8715700,0.006945695248818939,1.006945695248819,AI_Core
2025-07-29 00:00:00-04:00,META,718.9279854910714,723.3913008144071,698.8678708582052,698.957763671875,13267000,-0.024567073064259426,0.9754329269357406,AI_Core
2025-07-30 00:00:00-04:00,META,707.0357546566921,707.4451173939698,690.170887478499,694.1749267578125,27077300,-0.006842812488320527,0.9931571875116795,AI_Core
2025-07-31 00:00:00-04:00,META,774.0458414913344,783.5816106103192,764.3702661872821,772.2884521484375,38831100,0.11252714896439597,1.112527148964396,AI_Core
2025-08-01 00:00:00-04:00,META,759.5973820600149,764.8595554226001,744.2003568990668,748.8933715820312,19028700,-0.030293189677151333,0.9697068103228487,AI_Core
2025-08-04 00:00:00-04:00,META,758.8684883686742,775.6933771870287,757.2808287946278,775.214111328125,15801700,0.03514617800727948,1.0351461780072795,AI_Core
2025-08-05 00:00:00-04:00,META,775.2939526074297,781.9639994147884,761.863966178597,762.3233032226562,11640300,-0.016628706723854303,0.9833712932761457,AI_Core
2025-08-06 00:00:00-04:00,META,768.853609707056,772.488205034118,759.327834976083,770.8406372070312,9733900,0.011172863204323757,1.0111728632043238,AI_Core
2025-08-07 00:00:00-04:00,META,772.3383525306105,773.8461140652291,758.4191051508143,760.6957397460938,9019700,-0.01316082335474067,0.9868391766452593,AI_Core
2025-08-08 00:00:00-04:00,META,761.6144268371896,768.7538063796192,757.4506521481833,768.1546630859375,7320800,0.009805396494442675,1.0098053964944427,AI_Core
2025-08-11 00:00:00-04:00,META,768.9334902466898,772.3084628390361,763.531510748687,764.729736328125,7612000,-0.004458642149034686,0.9955413578509653,AI_Core
2025-08-12 00:00:00-04:00,META,771.849102319645,792.4883102810505,771.2799436630941,788.8237915039062,14563100,0.03150662780745206,1.031506627807452,AI_Core
2025-08-13 00:00:00-04:00,META,789.9721665216805,794.2757473900336,777.0713578354987,778.9186401367188,8811800,-0.012556861841480638,0.9874431381585194,AI_Core
2025-08-14 00:00:00-04:00,META,776.7218428333804,786.6370510429252,771.3598429397638,780.9655151367188,8116200,0.0026278418496195055,1.0026278418496195,AI_Core
2025-08-15 00:00:00-04:00,META,782.9825648931883,795.0645257736991,779.6575056048304,784.0609130859375,13375400,0.003963552665544823,1.0039635526655448,AI_Core
2025-08-18 00:00:00-04:00,META,773.9360156125421,774.6549143701418,755.4335751910228,766.2274780273438,16513700,-0.02274496121532732,0.9772550387846727,AI_Core
2025-08-19 00:00:00-04:00,META,765.977874147037,766.0277875160474,748.2443062415024,750.3611450195312,12286700,-0.02070707911527847,0.9792929208847215,AI_Core
2025-08-20 00:00:00-04:00,META,746.4570103778062,749.083099657565,729.911672806752,746.6067504882812,11898200,-0.005003450080230731,0.9949965499197693,AI_Core
2025-08-21 00:00:00-04:00,META,743.6012666698691,744.3900685450179,732.0185006665147,737.9995727539062,8876300,-0.011528395274682302,0.9884716047253177,AI_Core
2025-08-22 00:00:00-04:00,META,738.1293678852983,755.7731035460037,733.2966081137474,753.6661987304688,10612700,0.02122850277284205,1.021228502772842,AI_Core
2025-08-25 00:00:00-04:00,META,753.6961621486424,757.7501148109367,749.0131426125197,752.1784057617188,6861200,-0.001974074160757344,0.9980259258392427,AI_Core
2025-08-26 00:00:00-04:00,META,749.6821592803592,753.7461069744401,746.8264320177999,752.9772338867188,7601800,0.0010620194875057276,1.0010620194875057,AI_Core
2025-08-27 00:00:00-04:00,META,751.1799307743298,753.0272129802489,741.7340542390842,746.2672729492188,8315400,-0.008911240121915132,0.9910887598780849,AI_Core
2025-08-28 00:00:00-04:00,META,742.8922995313089,751.9288132977724,739.6970516455432,749.99169921875,7468000,0.004990740455242726,1.0049907404552427,AI_Core
2025-08-29 00:00:00-04:00,META,744.1704403453122,746.0276565106426,734.2551707121078,737.6002197265625,9070500,-0.01652215551864833,0.9834778444813517,AI_Core
2025-09-02 00:00:00-04:00,META,724.9589996576248,734.9041924629622,720.655419120511,734.0155029296875,9350900,-0.004859972517638256,0.9951400274823617,AI_Core
2025-09-03 00:00:00-04:00,META,734.9042121918441,739.1478846127889,732.8971950134412,735.95263671875,7699300,0.0026390911109244186,1.0026390911109244,AI_Core
2025-09-04 00:00:00-04:00,META,747.4555024338443,760.0267237435045,744.7095967582477,747.535400390625,11439100,0.01573846344720886,1.0157384634472089,AI_Core
2025-09-05 00:00:00-04:00,META,751.4994417417535,756.821523128746,743.9207763942886,751.3297119140625,9663400,0.005075761658183353,1.0050757616581834,AI_Core
2025-09-08 00:00:00-04:00,META,754.8743737770961,765.3687349414048,750.9003191950952,751.1798706054688,13087800,-0.0001994348236435961,0.9998005651763564,AI_Core
2025-09-09 00:00:00-04:00,META,756.3621991005824,765.1590798691678,752.3082462809408,764.5599975585938,10999000,0.01781214789786678,1.0178121478978668,AI_Core
2025-09-10 00:00:00-04:00,META,763.990858904295,764.5600175863916,749.8818911499914,750.8604125976562,12478300,-0.017918260181912782,0.9820817398180872,AI_Core
2025-09-11 00:00:00-04:00,META,753.5264602522736,755.9727638030715,747.2557810059183,749.7820434570312,7923300,-0.0014361779134077768,0.9985638220865922,AI_Core
2025-09-12 00:00:00-04:00,META,747.6151944100551,756.4420593260343,742.6526235095245,754.4650268554688,8248600,0.006245792946501627,1.0062457929465016,AI_Core
2025-09-15 00:00:00-04:00,META,756.3421855933647,772.9175066813722,750.8703641812288,763.5614624023438,10533800,0.012056802135399058,1.012056802135399,AI_Core
2025-09-16 00:00:00-04:00,META,765.8580156945753,780.1966205012909,763.960820221922,777.8401489257812,11782500,0.018700114170918658,1.0187001141709187,AI_Core
2025-09-17 00:00:00-04:00,META,778.828725718326,782.1238004242355,765.1691000860621,774.5650634765625,9400900,-0.004210486503868127,0.9957895134961319,AI_Core
2025-09-18 00:00:00-04:00,META,779.5875734416616,787.6056471582369,772.2085614820411,779.0883178710938,10955000,0.0058397345914738,1.0058397345914738,AI_Core
2025-09-19 00:00:00-04:00,META,785.2490765825911,789.6225600448605,768.0447499547826,777.2210693359375,23696800,-0.0023967097084174327,0.9976032902915826,AI_Core
2025-09-22 00:00:00-04:00,META,781.2128396094075,785.0896826443245,763.8469978355404,764.5364379882812,11706900,-0.016320493419580195,0.9836795065804198,AI_Core
2025-09-23 00:00:00-04:00,META,768.6231126086477,769.9719880546131,750.4579354131178,754.784423828125,10872600,-0.012755460270561625,0.9872445397294384,AI_Core
2025-09-24 00:00:00-04:00,META,756.8827020619125,760.4897455830934,751.9167814613187,760.0401000976562,8828200,0.006963148819202569,1.0069631488192026,AI_Core
2025-09-25 00:00:00-04:00,META,752.8360219788784,756.1533238123261,743.9432502397539,748.2996826171875,10591100,-0.015447102697555337,0.9845528973024447,AI_Core
2025-09-26 00:00:00-04:00,META,749.3888277967437,751.3172477286904,736.7491118404043,743.1439208984375,9696300,-0.006889969137388485,0.9931100308626115,AI_Core
2025-09-29 00:00:00-04:00,META,748.1098002440084,750.1681799899285,738.5476529969768,742.794189453125,9246800,-0.00047061065222697707,0.999529389347773,AI_Core
2025-09-30 00:00:00-04:00,META,741.6451369970716,742.3645209926972,725.7081225297242,733.7815551757812,16226800,-0.012133420542747131,0.9878665794572529,AI_Core
2025-10-01 00:00:00-04:00,META,720.9020135039985,721.2617054862658,709.6212362201944,716.7554321289062,20419600,-0.02320325841768578,0.9767967415823142,AI_Core
2025-10-02 00:00:00-04:00,META,721.9911913779041,727.176964520395,717.5548070653372,726.45751953125,11415300,0.013536119808016833,1.0135361198080168,AI_Core
2025-10-03 00:00:00-04:00,META,729.0354240673363,730.4043027655052,709.6012618171895,709.98095703125,16154300,-0.022680696471600426,0.9773193035283996,AI_Core
2025-10-06 00:00:00-04:00,META,704.6153434967972,716.2958197616522,689.9473135389625,715.0767822265625,21654700,0.007177411090883989,1.007177411090884,AI_Core
2025-10-07 00:00:00-04:00,META,717.135073707775,717.9144673294414,705.1748577839295,712.4989013671875,12062900,-0.003605040638220869,0.9963949593617791,AI_Core
2025-10-08 00:00:00-04:00,META,712.8686286502683,719.063588526951,707.233209995552,717.2550659179688,10790600,0.006675328960725091,1.006675328960725,AI_Core
2025-10-09 00:00:00-04:00,META,717.694662739213,732.9122314453125,711.8593952481671,732.9122314453125,12717200,0.021829285384419306,1.0218292853844193,AI_Core
2025-10-10 00:00:00-04:00,META,730.3243364156914,734.6708280741015,703.9358854737135,704.7252197265625,16980100,-0.03845891842078397,0.961541081579216,AI_Core
2025-10-13 00:00:00-04:00,META,712.4289500007787,719.353295154282,707.0633311027989,715.1167602539062,9251800,0.01474552100090265,1.0147455210009027,AI_Core
2025-10-14 00:00:00-04:00,META,707.2032236513401,714.966850016347,698.7600977854659,708.072509765625,8829800,-0.009850489989606914,0.9901495100103931,AI_Core
2025-10-15 00:00:00-04:00,META,716.4756800447307,723.3101331023296,708.9318445822669,716.9652709960938,10246800,0.012559110977790056,1.01255911097779,AI_Core
2025-10-16 00:00:00-04:00,META,716.9652609619593,724.898793146875,703.3064176322127,711.48974609375,9017000,-0.007637085259006304,0.9923629147409937,AI_Core
2025-10-17 00:00:00-04:00,META,706.5038073054051,717.9544293541486,705.5445676686097,716.3357543945312,12232400,0.006811072580296562,1.0068110725802966,AI_Core
2025-10-20 00:00:00-04:00,META,720.602270855396,733.1720358988009,719.5930841941394,731.5733032226562,8900200,0.02127151790853188,1.0212715179085319,AI_Core
2025-10-21 00:00:00-04:00,META,735.4202444049121,737.898203963144,728.156149137632,732.6724853515625,7647300,0.0015024907607539273,1.001502490760754,AI_Core
2025-10-22 00:00:00-04:00,META,733.2320185457676,739.9964601984101,723.4400167690366,732.8123168945312,8734500,0.00019085136369167977,1.0001908513636917,AI_Core
2025-10-23 00:00:00-04:00,META,734.1012972282697,741.8049752352916,732.5025644943078,733.40185546875,9856000,0.0008044878076245432,1.0008044878076245,AI_Core
2025-10-24 00:00:00-04:00,META,736.1895728454068,740.6060149267306,730.5542151922721,737.75830078125,9151300,0.005940052210142932,1.005940052210143,AI_Core
2025-10-27 00:00:00-04:00,META,749.1189913399045,755.1341048828856,747.4004223192904,750.2081298828125,11321100,0.016875213858493776,1.0168752138584938,AI_Core
2025-10-28 00:00:00-04:00,META,752.0166693998259,757.7819868095911,744.9124781386814,750.82763671875,12193800,0.0008257799552695566,1.0008257799552696,AI_Core
2025-10-29 00:00:00-04:00,META,754.1349412128479,758.5413205942342,741.9049255575367,751.0574340820312,26818600,0.0003060587437690998,1.000306058743769,AI_Core
2025-10-30 00:00:00-04:00,META,668.6047496805471,680.405123547836,649.6401745693712,665.9268798828125,88440100,-0.11334759545156259,0.8866524045484374,AI_Core
2025-10-31 00:00:00-04:00,META,673.9603724515775,674.3400676801817,645.0439523217459,647.8216552734375,56953200,-0.027188006906345485,0.9728119930936545,AI_Core
2025-11-03 00:00:00-05:00,META,655.4654426520216,658.792746197499,635.6615861365713,637.1903686523438,33003600,-0.016410823155651455,0.9835891768443485,AI_Core
2025-11-04 00:00:00-05:00,META,627.528160823027,641.2170082918374,625.4998468710925,626.8087768554688,27356600,-0.016292763211145256,0.9837072367888547,AI_Core
2025-11-05 00:00:00-05:00,META,631.7947143740674,641.7066132741587,626.0293969573662,635.4317626953125,20219900,0.013756964098529334,1.0137569640985293,AI_Core
2025-11-06 00:00:00-05:00,META,635.3318005623231,635.4817027165644,617.4963715076051,618.4356079101562,23628800,-0.02674741141844028,0.9732525885815597,AI_Core
2025-11-07 00:00:00-05:00,META,615.9875913853423,621.6230097922952,600.7100736857968,621.203369140625,29946800,0.004475423463764727,1.0044754234637647,AI_Core
2025-11-10 00:00:00-05:00,META,630.5757412925083,634.4825281361091,617.606277436272,631.2451782226562,19245000,0.016165091145470045,1.01616509114547,AI_Core
2025-11-11 00:00:00-05:00,META,627.4882640088713,629.0469903781388,618.8852946435945,626.5690307617188,13302200,-0.007407814938252266,0.9925921850617477,AI_Core
2025-11-12 00:00:00-05:00,META,627.6181473129036,628.4774318700306,607.2747531328254,608.5137329101562,24493300,-0.028816135118604147,0.9711838648813959,AI_Core
2025-11-13 00:00:00-05:00,META,612.5704066192014,617.1466913787408,602.5086055074847,609.3930053710938,20973800,0.0014449508916298814,1.0014449508916299,AI_Core
2025-11-14 00:00:00-05:00,META,601.2995852054279,613.1799107961393,594.7149894844074,608.96337890625,20724100,-0.0007050072138292673,0.9992949927861707,AI_Core
2025-11-17 00:00:00-05:00,META,608.54364845602,611.1915132655756,594.914810553651,601.5194091796875,16501300,-0.012224002270764589,0.9877759977292354,AI_Core
2025-11-18 00:00:00-05:00,META,591.1178778321469,603.1680476389258,583.3043040560937,597.2029418945312,25500600,-0.007175940159674599,0.9928240598403254,AI_Core
2025-11-19 00:00:00-05:00,META,593.236120814011,594.8448550993957,580.7763124672824,589.8389282226562,24744700,-0.012330839577772035,0.987669160422228,AI_Core
2025-11-20 00:00:00-05:00,META,603.0082035639184,606.225550290049,582.8745995478572,588.669921875,20603000,-0.001981907757730994,0.998018092242269,AI_Core
2025-11-21 00:00:00-05:00,META,588.0204327318114,597.6325885375659,581.38582901572,593.7657470703125,21052600,0.008656506823181198,1.0086565068231812,AI_Core
2025-11-24 00:00:00-05:00,META,598.2320754408486,616.1974650582393,597.1429978306941,612.5504150390625,23554900,0.03163649648272071,1.0316364964827207,AI_Core
2025-11-25 00:00:00-05:00,META,623.4914651316196,636.5308177101258,617.7960982049689,635.7014770507812,25213000,0.03779454138520566,1.0377945413852057,AI_Core
2025-11-26 00:00:00-05:00,META,637.1703200291516,637.8397569399452,631.1152610365342,633.0936279296875,15209500,-0.0041023172278793485,0.9958976827721207,AI_Core
2025-11-28 00:00:00-05:00,META,635.5616748244524,647.5218911860414,634.9821303911365,647.4219970703125,11033200,0.02263230667394489,1.022632306673945,AI_Core
2025-12-01 00:00:00-05:00,META,639.028785702615,644.7941029489796,637.2402664201815,640.3477172851562,13029900,-0.010926844959189719,0.9890731550408103,AI_Core
2025-12-02 00:00:00-05:00,META,641.8165621493692,647.3420238521164,637.5500224020741,646.5726318359375,11640900,0.009721147405932218,1.0097211474059322,AI_Core
2025-12-03 00:00:00-05:00,META,643.8848130159247,648.3211970895987,637.0304181904862,639.0787353515625,11134300,-0.01159018510124088,0.9884098148987591,AI_Core
2025-12-04 00:00:00-05:00,META,675.4491463216154,675.5490404402168,659.512131337801,660.990966796875,29874600,0.03428721726010542,1.0342872172601054,AI_Core
2025-12-05 00:00:00-05:00,META,663.4589092143041,674.1402004180294,661.8502358329807,672.8712158203125,21207900,0.017973390893688768,1.0179733908936888,AI_Core
2025-12-08 00:00:00-05:00,META,668.7945609027437,676.1585499822719,664.528021142878,666.256591796875,13161000,-0.009830445808821642,0.9901695541911784,AI_Core
2025-12-09 00:00:00-05:00,META,663.2291308887899,663.9385132978894,652.807637338328,656.4246826171875,12997100,-0.014756940945486408,0.9852430590545136,AI_Core
2025-12-10 00:00:00-05:00,META,649.4203737252112,653.9766553823684,642.8757234590145,649.6002197265625,16910900,-0.010396414198527104,0.9896035858014729,AI_Core
2025-12-11 00:00:00-05:00,META,642.7657334383907,654.7460135009795,640.2777724038347,652.1781005859375,13056700,0.003968411310667497,1.0039684113106675,AI_Core
2025-12-12 00:00:00-05:00,META,649.2704855848336,710.4206277669183,638.0896015354143,643.7050170898438,14016900,-0.012991977940506216,0.9870080220594938,AI_Core
2025-12-15 00:00:00-05:00,META,645.7000122070312,653.0,638.7000122070312,647.510009765625,15549100,0.005911081279098118,1.0059110812790981,AI_Core
2025-12-16 00:00:00-05:00,META,643.5,662.5399780273438,643.2000122070312,657.1500244140625,14309100,0.014887823358787688,1.0148878233587877,AI_Core
2025-12-17 00:00:00-05:00,META,655.6099853515625,661.22998046875,649.2000122070312,649.5,15598500,-0.011641214532227329,0.9883587854677727,AI_Core
2025-12-18 00:00:00-05:00,META,657.030029296875,670.5599975585938,656.4600219726562,664.4500122070312,20260300,0.02301772472214214,1.0230177247221421,AI_Core
2025-12-19 00:00:00-05:00,META,666.4199829101562,671.0,658.1799926757812,658.77001953125,49977100,-0.008548412328136856,0.9914515876718631,AI_Core
2025-12-22 00:00:00-05:00,META,661.6500244140625,673.5800170898438,656.6500244140625,661.5,15659400,0.0041440569361255175,1.0041440569361255,AI_Core
2025-12-23 00:00:00-05:00,META,660.0499877929688,666.0,658.25,664.9400024414062,8486800,0.005200306033871893,1.005200306033872,AI_Core
2025-12-24 00:00:00-05:00,META,662.530029296875,668.1799926757812,662.2000122070312,667.5499877929688,5627500,0.003925144136282421,1.0039251441362824,AI_Core
2025-12-26 00:00:00-05:00,META,668.0599975585938,668.9500122070312,661.3200073242188,663.2899780273438,7133800,-0.006381559199348241,0.9936184408006518,AI_Core
2025-12-29 00:00:00-05:00,META,658.010009765625,660.25,654.3900146484375,658.6900024414062,8506500,-0.0069350898375067915,0.9930649101624932,AI_Core
2025-12-30 00:00:00-05:00,META,658.6900024414062,672.219970703125,657.8400268554688,665.9500122070312,9187500,0.011021891540354378,1.0110218915403544,AI_Core
