Date,Ticker,Open,High,Low,Close,Volume,Daily_Return,Log_Return,Category
2021-01-04 00:00:00-05:00,MSFT,213.0401486000575,213.49010649539775,205.6493688567727,208.40655517578125,37130100,,,AI_Core
2021-01-05 00:00:00-05:00,MSFT,207.99488327910248,209.20115958747942,206.5014122383252,208.6075897216797,23823000,0.0009646267879093173,1.0009646267879093,AI_Core
2021-01-06 00:00:00-05:00,MSFT,203.12191147056765,207.2576901048468,202.90172401611616,203.19850158691406,35930700,-0.025929488672882584,0.9740705113271174,AI_Core
2021-01-07 00:00:00-05:00,MSFT,204.9121695160989,209.98615175233365,204.59625535727284,208.98092651367188,27694500,0.028457025428824334,1.0284570254288243,AI_Core
2021-01-08 00:00:00-05:00,MSFT,209.35429576941888,211.17327826429883,207.77466653129983,210.25421142578125,22956200,0.006092828342523671,1.0060928283425237,AI_Core
2021-01-11 00:00:00-05:00,MSFT,209.15326079150833,209.5744991531238,207.48745852732125,208.21505737304688,23031300,-0.009698517042328936,0.9903014829576711,AI_Core
2021-01-12 00:00:00-05:00,MSFT,207.26730569518543,207.84172439484524,204.22292456798172,205.76425170898438,23249300,-0.011770549618184134,0.9882294503818159,AI_Core
2021-01-13 00:00:00-05:00,MSFT,204.8930499925977,207.51619243191996,204.8068769704024,207.11410522460938,20087100,0.006560194515877971,1.006560194515878,AI_Core
2021-01-14 00:00:00-05:00,MSFT,206.70248485489466,208.186387763036,203.66767179671004,203.93572998046875,29480800,-0.015346010551496536,0.9846539894485035,AI_Core
2021-01-15 00:00:00-05:00,MSFT,204.41435985792472,205.36213157006432,202.9878962340234,203.58145141601562,31746500,-0.0017372069351803132,0.9982627930648197,AI_Core
2021-01-19 00:00:00-05:00,MSFT,204.63459777750705,207.72684983143932,203.5623650274793,207.2098846435547,30480900,0.0178230050051289,1.017823005005129,AI_Core
2021-01-20 00:00:00-05:00,MSFT,208.4160850006806,216.1610798929583,208.02356612474742,214.77291870117188,37777300,0.036499388388865794,1.0364993883888658,AI_Core
2021-01-21 00:00:00-05:00,MSFT,215.11757827987228,216.64935150148284,212.93481093432405,215.37606811523438,30709400,0.0028083122290742946,1.0028083122290743,AI_Core
2021-01-22 00:00:00-05:00,MSFT,217.39603939217054,220.2585343134904,216.1706269260698,216.31422424316406,30172700,0.004355897738033354,1.0043558977380334,AI_Core
2021-01-25 00:00:00-05:00,MSFT,219.34908876068727,219.98094632418085,214.6580569038777,219.74160766601562,33152100,0.01584446623814606,1.015844466238146,AI_Core
2021-01-26 00:00:00-05:00,MSFT,221.97225283293037,224.19330805574725,220.26816270078035,222.42221069335938,49169600,0.01219888693732507,1.012198886937325,AI_Core
2021-01-27 00:00:00-05:00,MSFT,227.85041013975058,230.1863578583069,220.32560189282918,222.9678955078125,69870600,0.0024533737559395696,1.0024533737559396,AI_Core
2021-01-28 00:00:00-05:00,MSFT,225.56234314220006,232.29254556500564,225.06451460420766,228.74075317382812,49111200,0.025890981537354696,1.0258909815373547,AI_Core
2021-01-29 00:00:00-05:00,MSFT,225.92610022401175,227.8695287463664,221.48397580033387,222.06796264648438,42503100,-0.0291718481938934,0.9708281518061066,AI_Core
2021-02-01 00:00:00-05:00,MSFT,225.03579903471945,232.15852051694344,222.51795143659126,229.4300537109375,33314200,0.03315242314431921,1.0331524231443192,AI_Core
2021-02-02 00:00:00-05:00,MSFT,231.00966286740996,231.97658573343273,228.51096683153912,229.29598999023438,25916300,-0.0005843337371660429,0.999415666262834,AI_Core
2021-02-03 00:00:00-05:00,MSFT,229.35344208114293,234.63802880665224,229.0566498927126,232.6371612548828,27158100,0.014571433476838092,1.014571433476838,AI_Core
2021-02-04 00:00:00-05:00,MSFT,232.31166607339227,232.86693348320225,230.11931590292957,231.6893768310547,25296100,-0.004074088674034804,0.9959259113259652,AI_Core
2021-02-05 00:00:00-05:00,MSFT,231.9000421063221,232.9052675375618,230.1672323079751,231.87132263183594,18054800,0.0007853005747169295,1.000785300574717,AI_Core
2021-02-08 00:00:00-05:00,MSFT,232.78077013104104,233.2881669112596,230.5405638250113,232.12977600097656,22211900,0.0011146413718050585,1.001114641371805,AI_Core
2021-02-09 00:00:00-05:00,MSFT,231.55534615768994,234.3221002924528,231.08625176555742,233.37432861328125,23565000,0.0053614518298568115,1.0053614518298568,AI_Core
2021-02-10 00:00:00-05:00,MSFT,234.55190049274034,235.43266505998918,230.61717210831472,232.46487426757812,22186700,-0.0038969768059200494,0.99610302319408,AI_Core
2021-02-11 00:00:00-05:00,MSFT,234.3412555541554,234.69547207814844,231.8234083059105,234.06362915039062,15751100,0.006877404114706165,1.0068774041147062,AI_Core
2021-02-12 00:00:00-05:00,MSFT,233.52755003667977,234.8391360500155,232.37872719492714,234.5423583984375,16561100,0.002045295331805974,1.002045295331806,AI_Core
2021-02-16 00:00:00-05:00,MSFT,234.58058003469236,235.63367586414148,232.56056138589153,233.3072967529297,26728500,-0.005265836217992259,0.9947341637820077,AI_Core
2021-02-17 00:00:00-05:00,MSFT,231.56092598454555,234.429999771811,231.1962886570467,234.32444763183594,21653500,0.004359704531587738,1.0043597045315877,AI_Core
2021-02-18 00:00:00-05:00,MSFT,232.0215160251843,234.06536803282074,231.1195276514465,233.9310302734375,16925600,-0.0016789428605271661,0.9983210571394728,AI_Core
2021-02-19 00:00:00-05:00,MSFT,233.89264153022282,233.99819366694103,230.4670068908638,231.22506713867188,25262600,-0.01156735441041179,0.9884326455895882,AI_Core
2021-02-22 00:00:00-05:00,MSFT,227.81865886991,228.3080290387014,223.00166514699936,225.02633666992188,36446900,-0.026808211347744804,0.9731917886522552,AI_Core
2021-02-23 00:00:00-05:00,MSFT,221.015394129365,225.33341290970458,219.48009270633426,223.8365020751953,30228700,-0.005287534838519181,0.9947124651614808,AI_Core
2021-02-24 00:00:00-05:00,MSFT,220.7082737093452,225.68838982058668,219.73912389245297,225.06468200683594,26339700,0.005486951056928202,1.0054869510569282,AI_Core
2021-02-25 00:00:00-05:00,MSFT,222.69457334247465,225.10306244701493,218.6644263196848,219.7295379638672,39542200,-0.023704936711512525,0.9762950632884875,AI_Core
2021-02-26 00:00:00-05:00,MSFT,222.166836123275,225.8515415247869,220.2573072215553,222.9824676513672,37819200,0.01480424397030733,1.0148042439703073,AI_Core
2021-03-01 00:00:00-05:00,MSFT,226.36009733043844,227.86661288751642,223.7213085056627,227.35804748535156,25324000,0.019622976999364772,1.0196229769993648,AI_Core
2021-03-02 00:00:00-05:00,MSFT,227.4252175123957,227.70349799818933,224.00918764921863,224.41220092773438,22812500,-0.012956860732220132,0.9870431392677799,AI_Core
2021-03-03 00:00:00-05:00,MSFT,222.77138716621417,224.13396020584003,218.06953577308565,218.35740661621094,34029500,-0.026980682362601205,0.9730193176373988,AI_Core
2021-03-04 00:00:00-05:00,MSFT,217.57051805127153,223.08798496706257,215.19080003946914,217.5609130859375,44727800,-0.003647659782264112,0.9963523402177359,AI_Core
2021-03-05 00:00:00-05:00,MSFT,220.23810794614715,223.8364561921573,217.3018581200775,222.23399353027344,41872800,0.021479411802661774,1.0214794118026618,AI_Core
2021-03-08 00:00:00-05:00,MSFT,222.0133028006234,223.93242202512073,217.9447794153884,218.1942596435547,35267400,-0.018177839593961354,0.9818221604060386,AI_Core
2021-03-09 00:00:00-05:00,MSFT,223.46225362122254,225.8611527209292,222.30118001460858,224.3258514404297,33080500,0.02810152662536436,1.0281015266253644,AI_Core
2021-03-10 00:00:00-05:00,MSFT,227.41561273111648,227.41561273111648,222.65619093371328,223.0208282470703,29746800,-0.005817533668008523,0.9941824663319915,AI_Core
2021-03-11 00:00:00-05:00,MSFT,225.4581321614422,229.4978699157633,224.83440963059357,227.54037475585938,29907600,0.020265131935489622,1.0202651319354896,AI_Core
2021-03-12 00:00:00-05:00,MSFT,224.54653232236623,226.28334746335574,223.79807702037834,226.21617126464844,22653700,-0.005819641866335767,0.9941803581336642,AI_Core
2021-03-15 00:00:00-04:00,MSFT,225.45816699177453,225.67886163624672,222.43554497159334,225.31422424316406,26034900,-0.003987102320944125,0.9960128976790559,AI_Core
2021-03-16 00:00:00-04:00,MSFT,226.724715623145,230.35184933196322,226.39846890984123,228.09689331054688,28092200,0.012350170419687778,1.0123501704196878,AI_Core
2021-03-17 00:00:00-04:00,MSFT,226.5999873166399,228.90293907696545,223.79807512037002,227.45399475097656,29562100,-0.0028185327307155283,0.9971814672692845,AI_Core
2021-03-18 00:00:00-04:00,MSFT,223.15517351500054,224.71926031527957,221.01535975192502,221.38958740234375,34833000,-0.026662127237080613,0.9733378727629194,AI_Core
2021-03-19 00:00:00-04:00,MSFT,221.67747963958135,223.06883823635602,220.07501674352017,221.03457641601562,46430700,-0.001603557739519812,0.9983964422604802,AI_Core
2021-03-22 00:00:00-04:00,MSFT,220.95779015994103,227.3196602642825,220.83304272830307,226.44647216796875,30127000,0.024484385383068963,1.024484385383069,AI_Core
2021-03-23 00:00:00-04:00,MSFT,227.88584162612725,231.3018718634521,227.48282830347065,227.97219848632812,31638400,0.00673769082711817,1.0067376908271182,AI_Core
2021-03-24 00:00:00-04:00,MSFT,228.23124345357456,228.3751715285235,225.80355897799103,225.93789672851562,25620100,-0.008923464226426314,0.9910765357735737,AI_Core
2021-03-25 00:00:00-04:00,MSFT,225.78436397622824,227.35804104512198,222.20521097132493,222.94406127929688,34061900,-0.013250700712754249,0.9867492992872458,AI_Core
2021-03-26 00:00:00-04:00,MSFT,222.18600467967124,227.1373352031275,222.18600467967124,226.9166259765625,25479900,0.017818661212459563,1.0178186612124596,AI_Core
2021-03-29 00:00:00-04:00,MSFT,227.02220332170978,227.22371728101677,222.50268578373593,225.726806640625,25227500,-0.005243420709333146,0.9947565792906669,AI_Core
2021-03-30 00:00:00-04:00,MSFT,224.08594526185743,224.39301135235166,221.75422253424998,222.47389221191406,24792000,-0.01441084679804927,0.9855891532019507,AI_Core
2021-03-31 00:00:00-04:00,MSFT,223.49104090390196,229.4307174616961,222.99206578776494,226.23538208007812,43623500,0.016907556346346997,1.016907556346347,AI_Core
2021-04-01 00:00:00-04:00,MSFT,228.8261747651646,233.01944545451641,228.42316149759984,232.5492706298828,30338000,0.027908492879198832,1.0279084928791988,AI_Core
2021-04-05 00:00:00-04:00,MSFT,232.94269441038907,239.85153557551078,232.88512317429942,238.99752807617188,36910600,0.027728564483661122,1.0277285644836611,AI_Core
2021-04-06 00:00:00-04:00,MSFT,237.59658162885503,239.3141870764356,236.89610713655097,237.8364715576172,22931900,-0.00485802731057805,0.995141972689422,AI_Core
2021-04-07 00:00:00-04:00,MSFT,237.78843894053895,240.78225991518588,237.1935167319145,239.79391479492188,22719800,0.008230206345078983,1.008230206345079,AI_Core
2021-04-08 00:00:00-04:00,MSFT,242.54788411974718,243.8624760860077,241.8090191282854,243.0084686279297,23625200,0.013405485438431564,1.0134054854384316,AI_Core
2021-04-09 00:00:00-04:00,MSFT,242.64382830209405,245.63766417265026,242.2312247073296,245.50332641601562,24326800,0.01026654668527538,1.0102665466852754,AI_Core
2021-04-12 00:00:00-04:00,MSFT,244.40941406195913,247.2497167100151,244.32304257664887,245.56088256835938,27148700,0.00023444143582085353,1.0002344414358209,AI_Core
2021-04-13 00:00:00-04:00,MSFT,246.85632045190187,248.70826351478416,246.44368755447493,248.03656005859375,23837500,0.010081725820256349,1.0100817258202563,AI_Core
2021-04-14 00:00:00-04:00,MSFT,247.06741162139323,248.36279362985277,244.84122636397595,245.2538299560547,23070900,-0.01121903199222607,0.9887809680077739,AI_Core
2021-04-15 00:00:00-04:00,MSFT,247.4991912440341,249.41831037148776,247.30729690134913,249.00570678710938,25627500,0.015297933702918876,1.0152979337029189,AI_Core
2021-04-16 00:00:00-04:00,MSFT,248.97695687953168,250.44508205125322,247.18258492336514,250.19558715820312,24878600,0.0047785265102822105,1.0047785265102822,AI_Core
2021-04-19 00:00:00-04:00,MSFT,249.66784731433955,250.90568755956681,247.39369545031107,248.27647399902344,23209300,-0.007670451669342215,0.9923295483306578,AI_Core
2021-04-20 00:00:00-04:00,MSFT,247.39366362481238,249.67742016300645,246.45328467278097,247.8158721923828,19722900,-0.0018551971486530094,0.998144802851347,AI_Core
2021-04-21 00:00:00-04:00,MSFT,248.4683602197952,250.1379845198546,246.84670218540677,250.04202270507812,24030400,0.008983082855028357,1.0089830828550284,AI_Core
2021-04-22 00:00:00-04:00,MSFT,249.6869831956242,251.19349872251507,245.30180365019515,246.7699432373047,25606200,-0.013086118214748366,0.9869138817852516,AI_Core
2021-04-23 00:00:00-04:00,MSFT,247.45125490577422,250.93446122870813,246.86590827372385,250.58900451660156,21462600,0.015476201149928093,1.015476201149928,AI_Core
2021-04-26 00:00:00-04:00,MSFT,251.07834509387854,251.82680034091737,249.64861079357635,250.9727783203125,19763300,0.0015314870037943518,1.0015314870037944,AI_Core
2021-04-27 00:00:00-04:00,MSFT,251.00158168291068,252.54648783182677,249.60063289753063,251.37582397460938,31014200,0.0016059337470555324,1.0016059337470555,AI_Core
2021-04-28 00:00:00-04:00,MSFT,245.72402306023824,246.1654415847011,242.72061130265914,244.2655029296875,46903100,-0.028285620042920567,0.9717143799570794,AI_Core
2021-04-29 00:00:00-04:00,MSFT,245.1290672361007,245.7431847076935,238.93030665326364,242.29835510253906,40589000,-0.00805331822772648,0.9919466817722735,AI_Core
2021-04-30 00:00:00-04:00,MSFT,239.64042208199547,242.84534766283653,239.50608432237092,241.9817352294922,30945100,-0.0013067355447496931,0.9986932644552503,AI_Core
2021-05-03 00:00:00-04:00,MSFT,243.15235190975355,244.0639450748938,240.96455759684653,241.6746368408203,19626600,-0.0012690973902663716,0.9987309026097336,AI_Core
2021-05-04 00:00:00-04:00,MSFT,240.82069451117363,241.05099410582295,235.82138212667073,237.769287109375,32756100,-0.016159534912294382,0.9838404650877056,AI_Core
2021-05-05 00:00:00-04:00,MSFT,238.987880033093,239.41008854394119,235.87891671087567,236.50262451171875,21901300,-0.005327275919675745,0.9946727240803243,AI_Core
2021-05-06 00:00:00-04:00,MSFT,236.48347435623583,239.7555762980852,234.79465463224184,239.63082885742188,26491100,0.013226932902590693,1.0132269329025907,AI_Core
2021-05-07 00:00:00-04:00,MSFT,241.95295146590863,244.0160134266029,241.01258714133363,242.25042724609375,27032900,0.01093180873747479,1.0109318087374748,AI_Core
2021-05-10 00:00:00-04:00,MSFT,240.72472211515404,241.54994399092692,237.126373466444,237.18394470214844,29299900,-0.02091423574167095,0.979085764258329,AI_Core
2021-05-11 00:00:00-04:00,MSFT,234.66028588552803,236.62738584949687,232.76036211665323,236.2723388671875,33641600,-0.0038434550707288073,0.9961565449292712,AI_Core
2021-05-12 00:00:00-04:00,MSFT,232.37656498927853,234.4971983156802,228.4423791025512,229.3347625732422,36684400,-0.029362625888445737,0.9706373741115543,AI_Core
2021-05-13 00:00:00-04:00,MSFT,232.02148240366125,235.66781131217894,231.65684512029483,233.2017364501953,29624300,0.016861699611362413,1.0168616996113624,AI_Core
2021-05-14 00:00:00-04:00,MSFT,235.64865494854968,239.10306082061462,235.5622980961346,238.11471557617188,23901100,0.021067506617927112,1.0210675066179271,AI_Core
2021-05-17 00:00:00-04:00,MSFT,236.57940755176028,236.61778349101087,233.67194331645007,235.26480102539062,24970200,-0.011968662011859421,0.9880313379881406,AI_Core
2021-05-18 00:00:00-04:00,MSFT,236.31076887083617,236.445106641719,233.07704276033246,233.24977111816406,20168000,-0.00856494426044252,0.9914350557395575,AI_Core
2021-05-19 00:00:00-04:00,MSFT,230.16240603830045,233.9325628200257,229.47955390828275,233.82676696777344,25739800,0.002473725255306203,1.0024737252553062,AI_Core
2021-05-20 00:00:00-04:00,MSFT,234.6346715442007,238.4721449920727,234.5384881591989,237.05833435058594,21800700,0.01382034839175561,1.0138203483917556,AI_Core
2021-05-21 00:00:00-04:00,MSFT,238.10673157029987,238.83767555656837,235.38490555585892,235.7984619140625,21863100,-0.005314609334343023,0.994685390665657,AI_Core
2021-05-24 00:00:00-04:00,MSFT,238.3182718362379,241.5594642597976,238.04897595260132,241.19398498535156,21411500,0.022881926487100968,1.022881926487101,AI_Core
2021-05-25 00:00:00-04:00,MSFT,242.14615993513493,243.08869557539978,241.2324763784631,242.0980682373047,17704300,0.0037483656651222663,1.0037483656651223,AI_Core
2021-05-26 00:00:00-04:00,MSFT,241.81915798529013,243.27144808873797,241.16515782189026,241.8768768310547,17771600,-0.0009136438297937532,0.9990863561702062,AI_Core
2021-05-27 00:00:00-04:00,MSFT,241.56913052971964,241.86727856189606,239.72252348400554,239.7802276611328,24426200,-0.008668249720234056,0.9913317502797659,AI_Core
2021-05-28 00:00:00-04:00,MSFT,241.40562846925397,242.4443476755237,240.020669527561,240.13607788085938,18270200,0.0014840682369752223,1.0014840682369752,AI_Core
2021-06-01 00:00:00-04:00,MSFT,241.62683899040678,241.68454316855704,237.52006843974277,237.9432373046875,23213300,-0.009131658164500456,0.9908683418354995,AI_Core
2021-06-02 00:00:00-04:00,MSFT,238.64533650633828,239.74175988362455,236.44286260535492,237.84706115722656,19406700,-0.00040419786059220364,0.9995958021394078,AI_Core
2021-06-03 00:00:00-04:00,MSFT,235.846550117456,236.9237338024007,233.71140768799265,236.3178253173828,25307700,-0.006429492264497072,0.9935705077355029,AI_Core
2021-06-04 00:00:00-04:00,MSFT,238.28948061321378,242.03078653304206,238.04903675030573,241.2036590576172,25281100,0.02067484216932236,1.0206748421693224,AI_Core
2021-06-07 00:00:00-04:00,MSFT,240.4245686519693,244.3774654468797,240.26106862341163,244.10816955566406,23079200,0.012041734811962579,1.0120417348119626,AI_Core
2021-06-08 00:00:00-04:00,MSFT,245.40659823560296,246.22411314134618,242.85788479009744,242.9156036376953,22455000,-0.004885399452789763,0.9951146005472102,AI_Core
2021-06-09 00:00:00-04:00,MSFT,244.1081676513997,245.76242221340559,243.53111132137863,243.89657592773438,17937600,0.004038325555661526,1.0040383255556615,AI_Core
2021-06-10 00:00:00-04:00,MSFT,244.56983971513966,247.6186657190944,243.97354371278735,247.40707397460938,24563600,0.014393387990470075,1.01439338799047,AI_Core
2021-06-11 00:00:00-04:00,MSFT,248.12841113345158,248.6092988045353,246.8011564650918,248.03225708007812,18999700,0.0025269411073223225,1.0025269411073223,AI_Core
2021-06-14 00:00:00-04:00,MSFT,248.04182735203915,250.01348419533974,246.98386872283527,249.95578002929688,19150500,0.007755132222974304,1.0077551322229743,AI_Core
2021-06-15 00:00:00-04:00,MSFT,249.84037496966238,250.05196672313224,247.83026798722594,248.48426818847656,18038900,-0.0058870886708354275,0.9941129113291646,AI_Core
2021-06-16 00:00:00-04:00,MSFT,249.4845237170654,250.6194116030859,244.69488651031241,247.541748046875,27220000,-0.0037930777206653943,0.9962069222793346,AI_Core
2021-06-17 00:00:00-04:00,MSFT,246.28180801711895,251.74468467468952,246.22410384722616,250.9271697998047,27565500,0.013676164847509442,1.0136761648475094,AI_Core
2021-06-18 00:00:00-04:00,MSFT,249.70570296444276,252.27362634365522,248.85933608179366,249.51333618164062,37202200,-0.005634438149093368,0.9943655618509066,AI_Core
2021-06-21 00:00:00-04:00,MSFT,249.88847807213403,253.44702925067534,248.0611107803367,252.591064453125,26696100,0.012334924932605018,1.012334924932605,AI_Core
2021-06-22 00:00:00-04:00,MSFT,252.67760068633095,255.6302578162363,252.36982555497457,255.3609619140625,24694100,0.010965936055317371,1.0109659360553174,AI_Core
2021-06-23 00:00:00-04:00,MSFT,255.82260635317851,256.6304940947321,254.32223921157143,255.130126953125,19518700,-0.0009039555584662295,0.9990960444415338,AI_Core
2021-06-24 00:00:00-04:00,MSFT,255.9861098893135,257.61151244689773,255.32248260362277,256.495849609375,21446900,0.005353043454961792,1.0053530434549618,AI_Core
2021-06-25 00:00:00-04:00,MSFT,256.05341754170934,257.03441766201166,254.6396068486284,254.8896484375,25611100,-0.006262094198877466,0.9937379058011225,AI_Core
2021-06-28 00:00:00-04:00,MSFT,256.0150124787803,258.62141576149537,255.74571652356687,258.44830322265625,19590000,0.013961550839632686,1.0139615508396327,AI_Core
2021-06-29 00:00:00-04:00,MSFT,258.59252746788644,261.26626170283777,257.7365626894256,261.02581787109375,19937800,0.009973037610608415,1.0099730376106084,AI_Core
2021-06-30 00:00:00-04:00,MSFT,260.3429572810892,260.9873302929651,259.2946257303389,260.544921875,21656500,-0.0018423311533545261,0.9981576688466455,AI_Core
2021-07-01 00:00:00-04:00,MSFT,259.30418711896345,261.4489562947867,259.2945893260647,261.2181396484375,16725300,0.0025838836872840165,1.002583883687284,AI_Core
2021-07-02 00:00:00-04:00,MSFT,262.39150416203586,267.373492407976,262.0837290689693,267.036865234375,26458000,0.02227535037868611,1.022275350378686,AI_Core
2021-07-06 00:00:00-04:00,MSFT,267.40229980471673,268.691074771645,263.8148685188117,267.04644775390625,31565600,3.5884631595095584e-05,1.000035884631595,AI_Core
2021-07-07 00:00:00-04:00,MSFT,268.7200575437323,269.96075610492034,266.5560627596186,269.22979736328125,23260000,0.008175917065135652,1.0081759170651357,AI_Core
2021-07-08 00:00:00-04:00,MSFT,266.31559288844903,268.0756582442465,264.36319007014714,266.81573486328125,24618600,-0.00896655022453785,0.9910334497754621,AI_Core
2021-07-09 00:00:00-04:00,MSFT,265.1806538246266,267.42157707974224,264.79594962280595,267.3157958984375,23916700,0.0018741812037903482,1.0018741812037903,AI_Core
2021-07-12 00:00:00-04:00,MSFT,268.4892679948121,269.0759369960305,266.00787062133776,266.7196044921875,18931700,-0.002230288727406604,0.9977697112725934,AI_Core
2021-07-13 00:00:00-04:00,MSFT,266.9118906217508,272.03816979015454,266.7868844783001,270.2396545410156,26120100,0.013197567743586047,1.013197567743586,AI_Core
2021-07-14 00:00:00-04:00,MSFT,271.557263551942,272.8171868548692,269.82605039030216,271.7111511230469,23113700,0.005445154170769184,1.0054451541707692,AI_Core
2021-07-15 00:00:00-04:00,MSFT,271.22064297039645,271.7111577808716,269.1335775905223,270.2877197265625,22604200,-0.00523876694276626,0.9947612330572337,AI_Core
2021-07-16 00:00:00-04:00,MSFT,271.28801379910107,273.24041682866897,268.7777645604806,270.0184631347656,26186800,-0.0009961850729632848,0.9990038149270367,AI_Core
2021-07-19 00:00:00-04:00,MSFT,268.26788668107764,269.6528449928956,263.959153578571,266.4212951660156,32935600,-0.013321933348515724,0.9866780666514843,AI_Core
2021-07-20 00:00:00-04:00,MSFT,267.40239850810826,270.2300203759046,265.70006671057956,268.6430969238281,26259700,0.00833943006105442,1.0083394300610544,AI_Core
2021-07-21 00:00:00-04:00,MSFT,268.23914676268924,270.75899355414396,266.69070249429734,270.6435852050781,24364300,0.00744663944153845,1.0074466394415384,AI_Core
2021-07-22 00:00:00-04:00,MSFT,272.9903220968104,275.4717190297968,272.5863928711976,275.2024230957031,23384100,0.016844433564425998,1.016844433564426,AI_Core
2021-07-23 00:00:00-04:00,MSFT,276.38540254707505,278.9052494950487,275.5486626133189,278.5975036621094,22768100,0.012336666691432407,1.0123366666914324,AI_Core
2021-07-26 00:00:00-04:00,MSFT,277.95308263976796,278.616709994847,275.6833068492784,278.00115966796875,23176100,-0.0021405216712346853,0.9978594783287653,AI_Core
2021-07-27 00:00:00-04:00,MSFT,278.36667411756946,278.5109345714232,272.1343877026181,275.587158203125,33604100,-0.008683422284018194,0.9913165777159818,AI_Core
2021-07-28 00:00:00-04:00,MSFT,277.943434405772,279.0590972753007,272.98067033830415,275.2793273925781,33566900,-0.001116999836109911,0.9988830001638901,AI_Core
2021-07-29 00:00:00-04:00,MSFT,275.2985435397369,277.5875733755724,275.1446559746078,275.5486145019531,18168300,0.0009782322266103094,1.0009782322266103,AI_Core
2021-07-30 00:00:00-04:00,MSFT,274.26951069995624,275.7025466900229,273.0576642728328,274.0194396972656,20944800,-0.005549564484116365,0.9944504355158836,AI_Core
2021-08-02 00:00:00-04:00,MSFT,275.41397422948273,275.8083056438092,272.89412751695914,273.932861328125,16267400,-0.0003159570329618333,0.9996840429670382,AI_Core
2021-08-03 00:00:00-04:00,MSFT,274.50992752859145,276.2507385273349,273.1441936458983,276.1449279785156,17879000,0.008075214633489924,1.00807521463349,AI_Core
2021-08-04 00:00:00-04:00,MSFT,275.2793654804813,276.59699312691515,273.7693710071133,275.55828857421875,16191300,-0.002124389568156415,0.9978756104318436,AI_Core
2021-08-05 00:00:00-04:00,MSFT,275.9140841592982,278.55896605599236,275.1639006499143,278.4531555175781,13900200,0.01050546132485386,1.0105054613248539,AI_Core
2021-08-06 00:00:00-04:00,MSFT,277.48180834700514,278.4339565262084,276.62581421943787,278.3954772949219,16589300,-0.00020713797460492067,0.9997928620253951,AI_Core
2021-08-09 00:00:00-04:00,MSFT,278.67438860321397,280.40557237439197,276.8085422037399,277.30865478515625,16117600,-0.0039038799061175133,0.9960961200938825,AI_Core
2021-08-10 00:00:00-04:00,MSFT,277.7606812698353,278.1934918740184,274.29831384057627,275.49090576171875,18616600,-0.006554966792672978,0.993445033207327,AI_Core
2021-08-11 00:00:00-04:00,MSFT,276.23148694196493,277.62607292416914,274.9330843638876,275.9814453125,13955900,0.0017806016116028722,1.0017806016116029,AI_Core
2021-08-12 00:00:00-04:00,MSFT,275.6736478943844,278.88597374560374,275.3947248502605,278.7320861816406,14561300,0.009966760142247955,1.009966760142248,AI_Core
2021-08-13 00:00:00-04:00,MSFT,278.41473610565794,281.70399133323906,278.24159423758465,281.6559143066406,18249000,0.01048974362820454,1.0104897436282045,AI_Core
2021-08-16 00:00:00-04:00,MSFT,281.982882658373,283.5505809829247,278.9340422580359,283.3389892578125,22507600,0.005975642142346471,1.0059756421423465,AI_Core
2021-08-17 00:00:00-04:00,MSFT,281.21347728086533,282.21370240044297,279.953524710054,281.8770751953125,20075300,-0.0051595936949213606,0.9948404063050786,AI_Core
2021-08-18 00:00:00-04:00,MSFT,281.4145875343293,284.09344038644264,279.7089674078397,280.1522521972656,21813000,-0.0061190609305554755,0.9938809390694445,AI_Core
2021-08-19 00:00:00-04:00,MSFT,278.1864643546096,286.6470164928712,278.13829528997536,285.97247314453125,29850500,0.020775206701416638,1.0207752067014166,AI_Core
2021-08-20 00:00:00-04:00,MSFT,288.8151805177053,294.7125096493585,287.21557336643235,293.2863464355469,40817600,0.025575445113974915,1.025575445113975,AI_Core
2021-08-23 00:00:00-04:00,MSFT,292.21673851879405,294.2885083597371,290.8676811391506,293.5657958984375,22830200,0.0009528212488816301,1.0009528212488816,AI_Core
2021-08-24 00:00:00-04:00,MSFT,293.92235436740765,294.52943759174974,291.0122425287296,291.60968017578125,18175800,-0.006663295758518761,0.9933367042414812,AI_Core
2021-08-25 00:00:00-04:00,MSFT,293.228511364618,293.50796840478165,289.4897037639269,291.0218505859375,20006100,-0.0020158095900294493,0.9979841904099706,AI_Core
2021-08-26 00:00:00-04:00,MSFT,290.03893440127865,291.426544578333,288.0731778231543,288.20806884765625,17666100,-0.009668627055377632,0.9903313729446224,AI_Core
2021-08-27 00:00:00-04:00,MSFT,288.1117043575675,289.9233081860537,286.0302890699818,288.8151550292969,22605700,0.002106416326468352,1.0021064163264684,AI_Core
2021-08-30 00:00:00-04:00,MSFT,290.1641777400818,293.1513945858638,290.10636310625455,292.5443115234375,16348100,0.012911914174871919,1.012911914174872,AI_Core
2021-08-31 00:00:00-04:00,MSFT,293.3441394842218,293.42121586283224,290.53036644546444,290.89654541015625,26285300,-0.0056325351352772834,0.9943674648647227,AI_Core
2021-09-01 00:00:00-04:00,MSFT,291.8505888037755,294.0861866329376,290.5207930363041,290.8484191894531,18983800,-0.00016544101833615432,0.9998345589816638,AI_Core
2021-09-02 00:00:00-04:00,MSFT,291.2048996220678,292.3226688129112,289.2583755946985,290.1930847167969,16285600,-0.002253182171258028,0.997746817828742,AI_Core
2021-09-03 00:00:00-04:00,MSFT,290.03899719361317,291.59043545834663,289.3355757842756,290.1835632324219,14747900,-3.2810858964116285e-05,0.9999671891410359,AI_Core
2021-09-07 00:00:00-04:00,MSFT,290.0582716965981,290.1353480932548,287.35051112759913,289.2584533691406,17180400,-0.003188016071538402,0.9968119839284616,AI_Core
2021-09-08 00:00:00-04:00,MSFT,288.8729749296078,289.67276374560055,286.6470229996981,289.2873229980469,15046800,9.980565328349122e-05,1.0000998056532835,AI_Core
2021-09-09 00:00:00-04:00,MSFT,289.8751463205612,291.1471272624396,286.1941239314484,286.4350280761719,19927000,-0.009859730085352791,0.9901402699146472,AI_Core
2021-09-10 00:00:00-04:00,MSFT,287.56247190206864,289.00789676784274,284.63306927340466,284.9510498046875,19633400,-0.005180854735021279,0.9948191452649787,AI_Core
2021-09-13 00:00:00-04:00,MSFT,286.7240711170078,287.678071426656,283.3803207637957,286.1844482421875,23652900,0.004328457250273088,1.004328457250273,AI_Core
2021-09-14 00:00:00-04:00,MSFT,288.66098698942704,290.4244218394307,287.25411498430714,288.88262939453125,21853400,0.009428119413604108,1.009428119413604,AI_Core
2021-09-15 00:00:00-04:00,MSFT,292.2263443776221,294.211391982283,290.8387342879429,293.7295837402344,28356300,0.01677828243207924,1.0167782824320792,AI_Core
2021-09-16 00:00:00-04:00,MSFT,292.70817930849984,294.20177323213824,289.81732959262365,294.11505126953125,19550800,0.001312321096120117,1.0013123210961201,AI_Core
2021-09-17 00:00:00-04:00,MSFT,293.103255033234,293.4212355512948,288.6320601855472,288.9596862792969,41372500,-0.017528395666870922,0.9824716043331291,AI_Core
2021-09-20 00:00:00-04:00,MSFT,285.5484866618961,287.8515443910694,278.98626014030367,283.59234619140625,38278700,-0.01857470208734502,0.981425297912655,AI_Core
2021-09-21 00:00:00-04:00,MSFT,284.9317293722103,286.7144255542644,283.37067554386437,284.0740966796875,22364100,0.0016987429130266296,1.0016987429130266,AI_Core
2021-09-22 00:00:00-04:00,MSFT,285.9339163666204,289.29692832647936,283.79468669698116,287.7165832519531,26626300,0.012822311554765875,1.0128223115547659,AI_Core
2021-09-23 00:00:00-04:00,MSFT,287.9768206871402,289.9522229123692,286.70483974436394,288.6609802246094,18604600,0.0032823863052386937,1.0032823863052387,AI_Core
2021-09-24 00:00:00-04:00,MSFT,287.37934193715523,288.89219740081836,286.1266229188525,288.4585876464844,14999000,-0.0007011428353340676,0.9992988571646659,AI_Core
2021-09-27 00:00:00-04:00,MSFT,285.3654278881508,285.68340842010866,282.2818430717225,283.46710205078125,23571700,-0.01730399374283964,0.9826960062571604,AI_Core
2021-09-28 00:00:00-04:00,MSFT,279.25607020918045,280.20042503434115,272.4625851539167,273.2045593261719,43186200,-0.03620364638564266,0.9637963536143573,AI_Core
2021-09-29 00:00:00-04:00,MSFT,274.72719030605276,276.3364140975099,272.7132344682189,273.6672058105469,26353700,0.0016934068945118064,1.0016934068945118,AI_Core
2021-09-30 00:00:00-04:00,MSFT,275.31483525135485,277.35769732785985,271.37364767786374,271.6627502441406,32343600,-0.007324427347695783,0.9926755726523042,AI_Core
2021-10-01 00:00:00-04:00,MSFT,271.855518825413,279.42956082549745,271.055729962069,278.5815734863281,30086300,0.025468428174159508,1.0254684281741595,AI_Core
2021-10-04 00:00:00-04:00,MSFT,276.94337118609593,277.2806428364156,270.05351921774275,272.8094482421875,31350700,-0.020719695031889418,0.9792803049681106,AI_Core
2021-10-05 00:00:00-04:00,MSFT,273.7152814419423,279.83425268811834,273.7152814419423,278.2539367675781,24993000,0.019957111311472042,1.019957111311472,AI_Core
2021-10-06 00:00:00-04:00,MSFT,275.382351437471,282.9467476472076,275.12218554145016,282.4456481933594,28002600,0.015064338260495136,1.0150643382604951,AI_Core
2021-10-07 00:00:00-04:00,MSFT,284.44035604398937,285.84725752796135,283.2262190604028,284.12237548828125,20430500,0.005936460007958777,1.0059364600079588,AI_Core
2021-10-08 00:00:00-04:00,MSFT,285.4425255952682,285.84725752796135,283.0720368673409,284.12237548828125,17685700,0.0,1.0,AI_Core
2021-10-11 00:00:00-04:00,MSFT,282.26259742313226,287.12884966284184,282.0987696561335,283.5249328613281,19298600,-0.002102765140993834,0.9978972348590062,AI_Core
2021-10-12 00:00:00-04:00,MSFT,284.5944873273196,284.69085485665033,281.71328346594987,282.2239990234375,17974100,-0.004588428343008988,0.995411571656991,AI_Core
2021-10-13 00:00:00-04:00,MSFT,284.1801784650092,286.4639451294158,282.81182993730505,285.52923583984375,23416300,0.011711395302465899,1.011711395302466,AI_Core
2021-10-14 00:00:00-04:00,MSFT,288.3236530124895,292.23593321952023,286.99385768362157,291.73486328125,27262900,0.021733772456446587,1.0217337724564466,AI_Core
2021-10-15 00:00:00-04:00,MSFT,291.3398567409262,293.37310318030734,289.5860673662888,293.1418151855469,25384800,0.0048227074696263195,1.0048227074696263,AI_Core
2021-10-18 00:00:00-04:00,MSFT,292.52511657650416,296.9962825877865,291.6771292104213,296.1097717285156,22729300,0.010124644077441403,1.0101246440774414,AI_Core
2021-10-19 00:00:00-04:00,MSFT,297.1311627256362,298.046580784232,296.04227134224186,297.0155334472656,17682100,0.0030588714227925973,1.0030588714227926,AI_Core
2021-10-20 00:00:00-04:00,MSFT,297.95983967544254,298.4320317414315,294.9726227448066,296.225341796875,16537100,-0.0026604388033830695,0.9973395611966169,AI_Core
2021-10-21 00:00:00-04:00,MSFT,295.99411129385413,299.70401151928974,295.2135548265935,299.4534912109375,16918100,0.010897613939715223,1.0108976139397152,AI_Core
2021-10-22 00:00:00-04:00,MSFT,299.10655718444485,299.7714549252828,296.6011483907177,297.91168212890625,17449300,-0.005148743051204496,0.9948512569487955,AI_Core
2021-10-25 00:00:00-04:00,MSFT,298.1044190576334,298.1429719558944,295.3099367822359,296.919189453125,17554500,-0.0033314996870508207,0.9966685003129492,AI_Core
2021-10-26 00:00:00-04:00,MSFT,299.6847813807239,301.03383882381803,297.3721072772416,298.8271484375,28107300,0.006425852730802317,1.0064258527308023,AI_Core
2021-10-27 00:00:00-04:00,MSFT,304.502903074563,314.2354384530165,304.502903074563,311.41204833984375,52588700,0.042114312465073356,1.0421143124650734,AI_Core
2021-10-28 00:00:00-04:00,MSFT,312.5297200802306,313.05008121355974,309.6677779577822,312.54901123046875,26297900,0.0036509919789109446,1.003650991978911,AI_Core
2021-10-29 00:00:00-04:00,MSFT,312.33699627026226,319.92065282329474,312.11535390609777,319.5544738769531,34766000,0.022413965153512017,1.022413965153512,AI_Core
2021-11-01 00:00:00-04:00,MSFT,319.3039092052296,319.429184039648,314.4954728847083,317.3863220214844,27073200,-0.006784920984406639,0.9932150790155934,AI_Core
2021-11-02 00:00:00-04:00,MSFT,318.292176820312,321.3179468699199,317.9934580456365,321.00958251953125,26487100,0.011415931458450324,1.0114159314584503,AI_Core
2021-11-03 00:00:00-04:00,MSFT,321.75156337079386,322.71517993039924,318.61980955207633,321.8479309082031,21500100,0.0026115992615918238,1.0026115992615918,AI_Core
2021-11-04 00:00:00-04:00,MSFT,320.77839108176534,324.2955863055663,317.5213617914691,324.19921875,23992200,0.007305586321968649,1.0073055863219686,AI_Core
2021-11-05 00:00:00-04:00,MSFT,326.1938496188393,326.4636610780947,322.2526614356384,323.8329772949219,22570100,-0.0011296802518223625,0.9988703197481776,AI_Core
2021-11-08 00:00:00-05:00,MSFT,325.0278142034985,325.3650858397293,322.27188529417714,324.7290954589844,20897000,0.0027672233123015033,1.0027672233123015,AI_Core
2021-11-09 00:00:00-05:00,MSFT,324.84472843590123,326.39616621738094,322.35861092573055,323.7269592285156,21307400,-0.003086068493654004,0.996913931506346,AI_Core
2021-11-10 00:00:00-05:00,MSFT,322.39719647909817,322.4550111195703,317.916385399046,318.76434326171875,25500900,-0.015329634512440515,0.9846703654875595,AI_Core
2021-11-11 00:00:00-05:00,MSFT,319.197961574822,321.62626453740313,318.4848947841872,320.33502197265625,16849800,0.0049273977599431085,1.004927397759943,AI_Core
2021-11-12 00:00:00-05:00,MSFT,321.7708793286239,324.96044803422893,321.6456044610585,324.468994140625,23831000,0.012905152057715474,1.0129051520577155,AI_Core
2021-11-15 00:00:00-05:00,MSFT,325.25913835367027,325.5867644516325,321.87683485459274,323.8426208496094,16723000,-0.0019304565376874194,0.9980695434623126,AI_Core
2021-11-16 00:00:00-05:00,MSFT,323.4668329496531,328.2753000737165,323.3030345857247,327.1575012207031,20886800,0.0102360843127971,1.010236084312797,AI_Core
2021-11-17 00:00:00-05:00,MSFT,327.2057248474174,330.34320817217764,326.2982657750648,327.3794860839844,19053400,0.0006785259774053642,1.0006785259774054,AI_Core
2021-11-18 00:00:00-05:00,MSFT,326.47202852171574,330.5942177948435,325.44872862025187,329.4550476074219,22463500,0.006339925412751857,1.0063399254127519,AI_Core
2021-11-19 00:00:00-05:00,MSFT,330.7776231911043,333.152448348102,330.3528538835382,331.2313232421875,21963400,0.005391556898779903,1.00539155689878,AI_Core
2021-11-22 00:00:00-05:00,MSFT,332.6890251652275,337.5642085341759,327.7945448153531,328.0648498535156,31031100,-0.009559703948520126,0.9904402960514799,AI_Core
2021-11-23 00:00:00-05:00,MSFT,325.38112509299714,327.6980592938018,322.01196030987296,325.98931884765625,30427600,-0.006326587584089327,0.9936734124159107,AI_Core
2021-11-24 00:00:00-05:00,MSFT,324.63779157098065,326.4527096021285,322.34984704953825,326.21136474609375,21661300,0.0006811447050547592,1.0006811447050548,AI_Core
2021-11-26 00:00:00-05:00,MSFT,322.77469337120857,326.23073957142407,316.76036751775325,318.266357421875,24217200,-0.024355397091706865,0.9756446029082931,AI_Core
2021-11-29 00:00:00-05:00,MSFT,323.34418392046973,327.29258219620067,323.15109625287187,324.9756774902344,28563500,0.021080833433694934,1.021080833433695,AI_Core
2021-11-30 00:00:00-05:00,MSFT,323.7110925111013,326.0859180631041,317.6002231832655,319.14483642578125,42885600,-0.017942392210655078,0.9820576077893449,AI_Core
2021-12-01 00:00:00-05:00,MSFT,323.52758820834913,327.5339066425295,317.98632013384116,318.65240478515625,33337600,-0.0015429722947735147,0.9984570277052265,AI_Core
2021-12-02 00:00:00-05:00,MSFT,318.8648101968354,321.94437289922337,316.4513616502016,318.0828552246094,30766000,-0.0017873694094067138,0.9982126305905933,AI_Core
2021-12-03 00:00:00-05:00,MSFT,320.4962976310111,321.1817382170732,307.01960945389317,311.82720947265625,41779300,-0.019666717803874745,0.9803332821961253,AI_Core
2021-12-06 00:00:00-05:00,MSFT,312.73471501105405,316.11354341449044,308.1781223856923,314.89715576171875,30032600,0.009845023768946248,1.0098450237689462,AI_Core
2021-12-07 00:00:00-05:00,MSFT,320.1585072370792,324.17446047936613,318.6718143921365,323.324951171875,31021900,0.026763644116663654,1.0267636441166637,AI_Core
2021-12-08 00:00:00-05:00,MSFT,323.70142498514247,323.8848494624371,319.3475536468009,323.3731994628906,24761000,0.0001492253871553384,1.0001492253871553,AI_Core
2021-12-09 00:00:00-05:00,MSFT,322.83254633757906,324.84052263649073,320.62181914163386,321.5679016113281,22214200,-0.005582707084449301,0.9944172929155507,AI_Core
2021-12-10 00:00:00-05:00,MSFT,323.38285472943636,331.12518817346324,323.19943025665486,330.6811218261719,38095700,0.02833995610002993,1.02833995610003,AI_Core
2021-12-13 00:00:00-05:00,MSFT,328.8854341614765,331.887779298735,327.34082128919505,327.6497497558594,28899400,-0.009167055118150969,0.990832944881849,AI_Core
2021-12-14 00:00:00-05:00,MSFT,321.68377419361184,323.05462611476247,312.8891511907512,316.97271728515625,44438700,-0.032586725546590145,0.9674132744534099,AI_Core
2021-12-15 00:00:00-05:00,MSFT,317.2333691168989,323.5855832409606,313.2656731909751,323.06427001953125,35381100,0.019217908678540674,1.0192179086785407,AI_Core
2021-12-16 00:00:00-05:00,MSFT,324.08757603047445,325.10124228323565,311.83690659632845,313.6518249511719,35034800,-0.029134899590692376,0.9708651004093076,AI_Core
2021-12-17 00:00:00-05:00,MSFT,309.77095234774947,313.67109344538676,306.2666203467996,312.58984375,47750300,-0.0033858601056672155,0.9966141398943328,AI_Core
2021-12-20 00:00:00-05:00,MSFT,308.9696714904224,311.62446489459614,306.5755493846343,308.83453369140625,28326500,-0.0120135382952401,0.9879864617047599,AI_Core
2021-12-21 00:00:00-05:00,MSFT,312.09755779178596,316.38384527957237,308.7283631846601,315.9590759277344,24740600,0.02306912426913721,1.0230691242691372,AI_Core
2021-12-22 00:00:00-05:00,MSFT,316.93407613844363,322.06023889539006,314.4723702128299,321.6644592285156,24831500,0.018057348990621058,1.018057348990621,AI_Core
2021-12-23 00:00:00-05:00,MSFT,321.23000578456225,324.74400105600773,321.2107088019103,323.10284423828125,19617800,0.004471693929803289,1.0044716939298033,AI_Core
2021-12-27 00:00:00-05:00,MSFT,323.8461853067577,330.62316796902155,323.817225101408,330.5942077636719,19947000,0.023185693530651585,1.0231856935306516,AI_Core
2021-12-28 00:00:00-05:00,MSFT,331.2699756899296,331.90712970709734,328.53796461701063,329.4357604980469,15661500,-0.003504136607417885,0.9964958633925821,AI_Core
2021-12-29 00:00:00-05:00,MSFT,329.4839605661863,332.3800986179056,327.9200507320242,330.1114807128906,15042000,0.002051144095049695,1.0020511440950497,AI_Core
2021-12-30 00:00:00-05:00,MSFT,330.0728386067592,331.25060252623535,327.08982011766,327.572509765625,15994500,-0.007691253093599193,0.9923087469064008,AI_Core
2021-12-31 00:00:00-05:00,MSFT,326.79066689386144,327.61121600779853,324.22275355126135,324.6764831542969,18000800,-0.00884087194435268,0.9911591280556473,AI_Core
2022-01-03 00:00:00-05:00,MSFT,323.74006130064464,326.29831140018206,318.36288974922684,323.16082763671875,28865100,-0.004668202337456795,0.9953317976625432,AI_Core
2022-01-04 00:00:00-05:00,MSFT,323.2379929252775,323.5952080741863,314.82954604404773,317.6195068359375,32674300,-0.017147254019941216,0.9828527459800588,AI_Core
2022-01-05 00:00:00-05:00,MSFT,314.5785362245669,314.7812871228152,305.04061192128523,305.4267578125,40054300,-0.038387909939472054,0.961612090060528,AI_Core
2022-01-06 00:00:00-05:00,MSFT,302.30859850808565,307.6664726573991,300.7060649286775,303.0133361816406,39646100,-0.00790180155839837,0.9920981984416016,AI_Core
2022-01-07 00:00:00-05:00,MSFT,303.2739937762214,305.54264171592666,299.35455497870817,303.1678161621094,32720000,0.0005098124802538351,1.0005098124802538,AI_Core
2022-01-10 00:00:00-05:00,MSFT,298.77534835896216,303.8242947018731,294.14153766971515,303.3898620605469,44289500,0.0007324190979387524,1.0007324190979388,AI_Core
2022-01-11 00:00:00-05:00,MSFT,302.53064320042563,305.6488002414314,299.1614780529444,304.07525634765625,29386800,0.0022591205996613795,1.0022591205996614,AI_Core
2022-01-12 00:00:00-05:00,MSFT,308.60289772987363,312.2134078663537,306.10253873709456,307.2513427734375,34372200,0.010445067000617536,1.0104450670006175,AI_Core
2022-01-13 00:00:00-05:00,MSFT,309.3751914637592,309.77100062212895,293.47538879376066,294.2476806640625,45366000,-0.04232255583326683,0.9576774441667332,AI_Core
2022-01-14 00:00:00-05:00,MSFT,293.7166743042593,300.05922385700916,293.2339846176459,299.460693359375,39846400,0.017716410486389167,1.0177164104863892,AI_Core
2022-01-18 00:00:00-05:00,MSFT,293.54294042354564,299.0745458921932,291.2935897762765,292.1720886230469,42333200,-0.024339103254467087,0.9756608967455329,AI_Core
2022-01-19 00:00:00-05:00,MSFT,295.6860659770476,303.0422523236715,292.2203574511124,292.8285217285156,45933900,0.002246734479540491,1.0022467344795405,AI_Core
2022-01-20 00:00:00-05:00,MSFT,298.3698016436407,300.8604673943379,290.71435049782207,291.1584167480469,35380700,-0.005703354887052758,0.9942966451129472,AI_Core
2022-01-21 00:00:00-05:00,MSFT,292.2106800557735,293.58150224513423,285.37577770702404,285.78125,57984400,-0.01846818240085424,0.9815318175991458,AI_Core
2022-01-24 00:00:00-05:00,MSFT,282.0839716083481,286.8239602025935,266.49306524978596,286.1095886230469,85731500,0.0011489159034991925,1.0011489159034992,AI_Core
2022-01-25 00:00:00-05:00,MSFT,281.4273871708722,284.77725480885573,275.2972516566814,278.5022888183594,72848600,-0.02658876216382322,0.9734112378361768,AI_Core
2022-01-26 00:00:00-05:00,MSFT,297.32722375809846,297.8195767322565,282.8851546395586,286.437744140625,90428900,0.028493321745880484,1.0284933217458805,AI_Core
2022-01-27 00:00:00-05:00,MSFT,292.18175832051594,296.6611038089516,287.6155027527548,289.4593811035156,53481300,0.010549018153861667,1.0105490181538617,AI_Core
2022-01-28 00:00:00-05:00,MSFT,289.8358945088993,297.80027529096344,284.2560022424525,297.587890625,49743700,0.028081693156724707,1.0280816931567247,AI_Core
2022-01-31 00:00:00-05:00,MSFT,298.2539651589988,301.5652092942881,295.76326991115974,300.21368408203125,46444500,0.008823589735175386,1.0088235897351754,AI_Core
2022-02-01 00:00:00-05:00,MSFT,299.66342677802413,299.8758114270801,294.56622466172195,298.070556640625,40950400,-0.007138673401778206,0.9928613265982218,AI_Core
2022-02-02 00:00:00-05:00,MSFT,298.9104887522053,304.2104133019044,298.1864540558619,302.6078796386719,36636000,0.01522231195588164,1.0152223119558816,AI_Core
2022-02-03 00:00:00-05:00,MSFT,298.7752424556932,300.45502254049995,289.57517852557834,290.8205261230469,43730000,-0.038952566369718,0.961047433630282,AI_Core
2022-02-04 00:00:00-05:00,MSFT,289.8165105525263,298.10911517984084,289.58482894873913,295.34814453125,35096500,0.015568427953009945,1.01556842795301,AI_Core
2022-02-07 00:00:00-05:00,MSFT,295.57025756283554,297.1824248464775,289.5173091795903,290.5309753417969,28533300,-0.016310138657205764,0.9836898613427942,AI_Core
2022-02-08 00:00:00-05:00,MSFT,290.8205570951065,294.9813401359987,289.5655756040924,294.0159606933594,32421200,0.011995228210907927,1.011995228210908,AI_Core
2022-02-09 00:00:00-05:00,MSFT,299.1420642821841,301.1307431856092,296.74794259085735,300.4356689453125,31284700,0.021834556997565535,1.0218345569975655,AI_Core
2022-02-10 00:00:00-05:00,MSFT,293.51397138416485,298.41808594638906,290.2896076096914,291.91143798828125,45386200,-0.028372899219842318,0.9716271007801577,AI_Core
2022-02-11 00:00:00-05:00,MSFT,292.69342951887205,293.7553529211515,284.03397373558494,284.8255920410156,39175600,-0.024273957869201723,0.9757260421307983,AI_Core
2022-02-14 00:00:00-05:00,MSFT,283.599498987924,286.4860034605709,281.263297311286,284.78692626953125,36359500,-0.00013575244839236777,0.9998642475516076,AI_Core
2022-02-15 00:00:00-05:00,MSFT,289.62346914706194,290.3860976240517,286.73696484782573,290.0675354003906,27058300,0.018542315828998568,1.0185423158289986,AI_Core
2022-02-16 00:00:00-05:00,MSFT,288.6358343081328,291.05427315111,284.09884067695083,289.7289733886719,29982100,-0.0011671833983469826,0.998832816601653,AI_Core
2022-02-17 00:00:00-05:00,MSFT,286.6914169855192,287.1170646088115,280.53892237568306,281.2451171875,32461600,-0.029282042806919262,0.9707179571930807,AI_Core
2022-02-18 00:00:00-05:00,MSFT,283.4894271936835,284.2729991216109,276.9693246500047,278.5364685058594,34264000,-0.009630918071494299,0.9903690819285057,AI_Core
2022-02-22 00:00:00-05:00,MSFT,275.7019896777782,282.02863307547864,275.2183019765891,278.333251953125,41736100,-0.0007295868789622961,0.9992704131210377,AI_Core
2022-02-23 00:00:00-05:00,MSFT,280.71306989618563,282.18349983515145,270.9619359564501,271.1263732910156,37811200,-0.025892984799829488,0.9741070152001705,AI_Core
2022-02-24 00:00:00-05:00,MSFT,263.61954581271243,285.53059821327315,262.6618238516017,284.97918701171875,56989700,0.05109356774316498,1.051093567743165,AI_Core
2022-02-25 00:00:00-05:00,MSFT,285.5111939632228,287.91994929794083,282.13503369219524,287.6103820800781,32546700,0.009232937660992091,1.009232937660992,AI_Core
2022-02-28 00:00:00-05:00,MSFT,284.7083218045915,289.38076267083534,283.44106207991604,289.04217529296875,34627500,0.0049782389722357046,1.0049782389722357,AI_Core
2022-03-01 00:00:00-05:00,MSFT,286.73009989470324,290.1836376065008,282.6187539107419,285.3274230957031,31217800,-0.012851938280288744,0.9871480617197113,AI_Core
2022-03-02 00:00:00-05:00,MSFT,285.7240436842559,291.63472396488993,284.1182261639909,290.396484375,31873000,0.017765769670154086,1.017765769670154,AI_Core
2022-03-03 00:00:00-05:00,MSFT,293.00838616012356,293.2405468384808,284.45676056249704,286.2657775878906,27314500,-0.01422436912760705,0.985775630872393,AI_Core
2022-03-04 00:00:00-05:00,MSFT,284.6889691786735,286.0142690066233,277.80125973691753,280.4034729003906,32356500,-0.020478538290173764,0.9795214617098262,AI_Core
2022-03-07 00:00:00-05:00,MSFT,279.11684688434497,280.2390059870798,269.4430920558965,269.8106994628906,43157200,-0.03777689815298024,0.9622231018470198,AI_Core
2022-03-08 00:00:00-05:00,MSFT,268.7369507911687,274.695988493688,261.19143233256847,266.8505859375,48159500,-0.010971075392055551,0.9890289246079444,AI_Core
2022-03-09 00:00:00-05:00,MSFT,274.19303188881025,280.15207107174666,271.6198084105897,279.08795166015625,35204500,0.045858492982745025,1.045858492982745,AI_Core
2022-03-10 00:00:00-05:00,MSFT,273.7865737445616,277.2497941919624,271.42617541831936,276.2727355957031,30628000,-0.010087200281154396,0.9899127997188456,AI_Core
2022-03-11 00:00:00-05:00,MSFT,278.56546999148014,280.0649198872489,270.31375729009164,270.9328918457031,27209300,-0.01932816040817842,0.9806718395918216,AI_Core
2022-03-14 00:00:00-04:00,MSFT,271.19411574307355,276.08903470394495,266.821587956301,267.4213562011719,30660700,-0.012960905634636144,0.9870390943653639,AI_Core
2022-03-15 00:00:00-04:00,MSFT,271.2037785530538,278.4300760838003,269.6366346705724,277.78192138671875,34245100,0.03874247491944138,1.0387424749194414,AI_Core
2022-03-16 00:00:00-04:00,MSFT,279.67793426336954,284.95982608211176,273.96077067732267,284.78570556640625,37826300,0.025213246941067302,1.0252132469410673,AI_Core
2022-03-17 00:00:00-04:00,MSFT,283.7215952422282,285.9658841758017,279.92946993729333,285.588623046875,30816600,0.0028193742339415184,1.0028193742339415,AI_Core
2022-03-18 00:00:00-04:00,MSFT,285.73377364082944,291.1801038956817,283.1799169846614,290.6286926269531,43390600,0.01764800546431733,1.0176480054643173,AI_Core
2022-03-21 00:00:00-04:00,MSFT,289.1389046674614,290.3481241566419,285.27905598306444,289.40008544921875,28351200,-0.004227411845090567,0.9957725881549094,AI_Core
2022-03-22 00:00:00-04:00,MSFT,290.01922877865013,295.04959432677754,289.0228329688514,294.1402587890625,27599700,0.016379308708516227,1.0163793087085162,AI_Core
2022-03-23 00:00:00-04:00,MSFT,290.7060719110069,293.3373349131294,288.0070855267432,289.7193298339844,25715400,-0.015030002942400755,0.9849699970575992,AI_Core
2022-03-24 00:00:00-04:00,MSFT,289.3808099116107,294.2757290797384,288.5875546732744,294.1789855957031,24484500,0.015393021115554184,1.0153930211155542,AI_Core
2022-03-25 00:00:00-04:00,MSFT,295.27203273707045,295.5332134926127,289.5258199394837,293.7725830078125,22566500,-0.0013814806896137455,0.9986185193103863,AI_Core
2022-03-28 00:00:00-04:00,MSFT,294.4014512941623,300.6603736261478,294.4014512941623,300.56365966796875,29578200,0.023116781663643726,1.0231167816636437,AI_Core
2022-03-29 00:00:00-04:00,MSFT,303.6688707174927,305.5165616109736,298.9674100649689,305.11993408203125,30393400,0.01515909947029459,1.0151590994702946,AI_Core
2022-03-30 00:00:00-04:00,MSFT,303.52383047434716,305.6423857684407,301.414928862999,303.62054443359375,28163600,-0.004914099280168283,0.9950859007198317,AI_Core
2022-03-31 00:00:00-04:00,MSFT,303.6592133025089,304.858779193998,297.84530566978634,298.2515869140625,33422100,-0.017683116699323098,0.9823168833006769,AI_Core
2022-04-01 00:00:00-04:00,MSFT,299.27699192361627,300.01220684451596,295.57195627521304,299.32537841796875,27110500,0.0036002876464682476,1.0036002876464682,AI_Core
2022-04-04 00:00:00-04:00,MSFT,299.9735376348756,304.8297531887579,299.60593013266003,304.6943359375,24289600,0.017936860375514785,1.0179368603755148,AI_Core
2022-04-05 00:00:00-04:00,MSFT,303.04971351922677,304.5975202300645,299.76064270992003,300.7377014160156,23156700,-0.012985586060569099,0.9870144139394309,AI_Core
2022-04-06 00:00:00-04:00,MSFT,295.23334255704475,296.9842899176036,287.0299873737609,289.7289733886719,40110400,-0.03660574638799674,0.9633942536120033,AI_Core
2022-04-07 00:00:00-04:00,MSFT,286.9816032664707,293.7435481849462,286.6817192400576,291.5379333496094,31411200,0.006243628104500187,1.0062436281045002,AI_Core
2022-04-08 00:00:00-04:00,MSFT,290.63834994645777,291.2961583197062,286.61406359876185,287.28155517578125,24361900,-0.014599740503490222,0.9854002594965098,AI_Core
2022-04-11 00:00:00-04:00,MSFT,282.27057568810704,283.06380135890896,275.7020861416009,275.95361328125,34569300,-0.03943149739495089,0.9605685026050491,AI_Core
2022-04-12 00:00:00-04:00,MSFT,279.80375250936805,281.25481613450495,271.33921469606946,272.8580017089844,30966700,-0.011217869320343299,0.9887821306796567,AI_Core
2022-04-13 00:00:00-04:00,MSFT,273.50618081290673,279.1653058374372,272.12281093036347,278.23663330078125,21907200,0.019712200331707397,1.0197122003317074,AI_Core
2022-04-14 00:00:00-04:00,MSFT,278.6912463967013,278.9040702197633,270.2073726066549,270.7007141113281,28221600,-0.027084568627980032,0.97291543137202,AI_Core
2022-04-18 00:00:00-04:00,MSFT,269.81073402373755,273.2449056189471,269.25932284261444,271.3681945800781,20778000,0.0024657506757648218,1.0024657506757648,AI_Core
2022-04-19 00:00:00-04:00,MSFT,270.2653715965898,276.83385950003543,269.32701618181187,275.9922180175781,22297700,0.01703966614309871,1.0170396661430987,AI_Core
2022-04-20 00:00:00-04:00,MSFT,279.95846900098434,280.24869936955514,276.0599468443759,277.01763916015625,22906700,0.003715398752702548,1.0037153987527025,AI_Core
2022-04-21 00:00:00-04:00,MSFT,279.1652405373938,283.73125459736195,270.9232109682988,271.64874267578125,29454600,-0.01938106360537928,0.9806189363946207,AI_Core
2022-04-22 00:00:00-04:00,MSFT,272.49035276111147,273.9607825716903,264.4611470651918,265.0899353027344,29405800,-0.024144442225064733,0.9758555577749353,AI_Core
2022-04-25 00:00:00-04:00,MSFT,264.37417162716406,271.93902883290934,261.9363654314466,271.561767578125,35678900,0.02441372309363521,1.0244137230936352,AI_Core
2022-04-26 00:00:00-04:00,MSFT,268.4467603674442,269.2786893101123,261.19144251967543,261.4042663574219,46518400,-0.037404017919352106,0.9625959820806479,AI_Core
2022-04-27 00:00:00-04:00,MSFT,272.896616257244,281.47723164656276,270.05253011513526,273.9800720214844,63477700,0.04810864734268505,1.048108647342685,AI_Core
2022-04-28 00:00:00-04:00,MSFT,275.88578963054323,281.48690140062206,272.27746880062506,280.1809387207031,33646600,0.022632546423787092,1.022632546423787,AI_Core
2022-04-29 00:00:00-04:00,MSFT,279.1942879944,280.4228740335642,267.4793823797048,268.4660949707031,37073900,-0.04181170854623295,0.958188291453767,AI_Core
2022-05-02 00:00:00-04:00,MSFT,268.64986271938767,275.64399875590436,267.2084825593842,275.1893310546875,35151100,0.025043147756583783,1.0250431477565838,AI_Core
2022-05-03 00:00:00-04:00,MSFT,274.6959996581533,274.8604665193033,271.0103005471974,272.5871276855469,25978600,-0.00945604743893036,0.9905439525610696,AI_Core
2022-05-04 00:00:00-04:00,MSFT,273.37070203873003,281.3902550491014,267.7018944721031,280.5196228027344,33599300,0.02910076930095662,1.0291007693009566,AI_Core
2022-05-05 00:00:00-04:00,MSFT,276.2244444799009,277.00801637510676,265.38982566126134,268.3016357421875,43260400,-0.043554839189052896,0.9564451608109471,AI_Core
2022-05-06 00:00:00-04:00,MSFT,265.8444668964473,270.1396166091243,262.4199492559165,265.76708984375,37780300,-0.009446628573196447,0.9905533714268036,AI_Core
2022-05-09 00:00:00-04:00,MSFT,261.24944034580705,263.47439231628505,254.72933854404118,255.94821166992188,47726000,-0.036945425333139825,0.9630545746668602,AI_Core
2022-05-10 00:00:00-04:00,MSFT,262.82634968395604,264.8191415931829,256.42232621624953,260.7077941894531,39336400,0.01859588112953614,1.0185958811295361,AI_Core
2022-05-11 00:00:00-04:00,MSFT,257.0123704889284,262.50705741382524,250.8405087610353,252.0497283935547,48975900,-0.033209846383061015,0.966790153616939,AI_Core
2022-05-12 00:00:00-04:00,MSFT,249.28301874671405,251.40157365565182,241.86324972493676,247.0193634033203,51033800,-0.019957827458476296,0.9800421725415237,AI_Core
2022-05-13 00:00:00-04:00,MSFT,248.95413953333383,254.45850956693343,247.01938815483032,252.60113525390625,34925100,0.022596495164115105,1.022596495164115,AI_Core
2022-05-16 00:00:00-04:00,MSFT,251.47901346749958,257.1478512045174,247.43538956782544,252.96878051757812,32550900,0.0014554378914501953,1.0014554378914502,AI_Core
2022-05-17 00:00:00-04:00,MSFT,257.4282849486114,259.57585977965135,253.89737021197146,258.1151428222656,28828800,0.020343863357991987,1.020343863357992,AI_Core
2022-05-18 00:00:00-04:00,MSFT,255.01236815888072,255.5941513427868,245.0930699203447,246.36328125,31356000,-0.0455295316801998,0.9544704683198002,AI_Core
2022-05-19 00:00:00-04:00,MSFT,246.1887405470746,249.8442599742027,244.23010107031448,245.4518280029297,32692300,-0.0036996310588403025,0.9963003689411597,AI_Core
2022-05-20 00:00:00-04:00,MSFT,249.42730580573198,250.6878410141278,238.95532648602892,244.8894500732422,39199300,-0.0022911947092151275,0.9977088052907849,AI_Core
2022-05-23 00:00:00-04:00,MSFT,247.73040107253058,253.55786327305103,245.7329538515337,252.73367309570312,33175400,0.032031690299908266,1.0320316902999083,AI_Core
2022-05-24 00:00:00-04:00,MSFT,250.05759219663736,253.39308813535808,245.80090744599767,251.7350311279297,29043900,-0.003951360954562166,0.9960486390454378,AI_Core
2022-05-25 00:00:00-04:00,MSFT,250.30000184980992,256.54438432821877,249.32066725672652,254.5469512939453,28547900,0.011170158374130379,1.0111701583741304,AI_Core
2022-05-26 00:00:00-04:00,MSFT,254.30452267342017,258.9975222921612,253.49003807090028,257.82427978515625,25002100,0.012875143365698172,1.0128751433656982,AI_Core
2022-05-27 00:00:00-04:00,MSFT,260.32593257304654,265.03831400617037,259.43386111985046,264.94134521484375,26910800,0.02760432584401329,1.0276043258440133,AI_Core
2022-05-31 00:00:00-04:00,MSFT,264.2528734472352,266.42483197869467,260.76220467116406,263.6129150390625,37827700,-0.005014053864277113,0.9949859461357229,AI_Core
2022-06-01 00:00:00-04:00,MSFT,266.84186825760014,269.25623459703166,261.8385798988137,264.14630126953125,25292200,0.0020233691144826427,1.0020233691144826,AI_Core
2022-06-02 00:00:00-04:00,MSFT,256.41825860478133,266.3084511624684,253.65481157001867,266.2405700683594,44008200,0.00792844264243997,1.00792844264244,AI_Core
2022-06-03 00:00:00-04:00,MSFT,262.1003840143202,265.14503294554464,260.25809503355293,261.8191833496094,28059000,-0.016606735470911738,0.9833932645290883,AI_Core
2022-06-06 00:00:00-04:00,MSFT,263.7972378671169,265.8528464138508,259.10423751175404,260.5877685546875,22400300,-0.004703302405758225,0.9952966975942418,AI_Core
2022-06-07 00:00:00-04:00,MSFT,258.54180604342474,264.8346867223125,257.86305412954965,264.22381591796875,22860700,0.013953254150983696,1.0139532541509837,AI_Core
2022-06-08 00:00:00-04:00,MSFT,263.4578015962176,264.70863088470054,261.42157544049917,262.1972961425781,17372300,-0.007669708986489665,0.9923302910135103,AI_Core
2022-06-09 00:00:00-04:00,MSFT,259.6472278413425,264.4274912567582,256.59290269880853,256.748046875,26439700,-0.020783010914860567,0.9792169890851394,AI_Core
2022-06-10 00:00:00-04:00,MSFT,252.6658293283701,252.6658293283701,244.86033026242538,245.30636596679688,31422800,-0.04456384789471679,0.9554361521052832,AI_Core
2022-06-13 00:00:00-04:00,MSFT,237.66568457400948,241.4569362354191,234.19441215005645,234.90223693847656,46135800,-0.04241279669736964,0.9575872033026304,AI_Core
2022-06-14 00:00:00-04:00,MSFT,236.45365859510807,238.27656531045733,234.1750252009215,237.0645294189453,28651500,0.009205074028456606,1.0092050740284566,AI_Core
2022-06-15 00:00:00-04:00,MSFT,240.76852264491998,247.54623321805892,238.9359248223612,244.11373901367188,33111700,0.029735404161915113,1.0297354041619151,AI_Core
2022-06-16 00:00:00-04:00,MSFT,238.5092727014499,239.90554045067185,235.6391799239251,237.5299530029297,33169200,-0.026970157588604438,0.9730298424113956,AI_Core
2022-06-17 00:00:00-04:00,MSFT,237.26816850622123,242.89201860259925,236.61851897442415,240.12857055664062,43084800,0.010940167843500825,1.0109401678435008,AI_Core
2022-06-21 00:00:00-04:00,MSFT,242.65928121254296,247.0129195467826,241.9320596633375,246.03359985351562,29928300,0.02459111501470468,1.0245911150147047,AI_Core
2022-06-22 00:00:00-04:00,MSFT,244.23976328606997,249.35941623749332,242.76592357588206,245.44210815429688,25939900,-0.0024041094369667837,0.9975958905630332,AI_Core
2022-06-23 00:00:00-04:00,MSFT,247.80808045407758,251.4926586664572,245.926997904077,250.99813842773438,25861400,0.022636825910673508,1.0226368259106735,AI_Core
2022-06-24 00:00:00-04:00,MSFT,253.858543134483,259.8411665426449,253.77128008327261,259.5696716308594,33923200,0.034149787949892874,1.0341497879498929,AI_Core
2022-06-27 00:00:00-04:00,MSFT,260.06411562547476,260.1513786610391,255.28385304721854,256.844970703125,24615100,-0.010496992620960932,0.9895030073790391,AI_Core
2022-06-28 00:00:00-04:00,MSFT,255.96258358137382,258.8035884452092,248.5352245163049,248.69036865234375,27295500,-0.03174912099099181,0.9682508790090082,AI_Core
2022-06-29 00:00:00-04:00,MSFT,249.76666900838734,254.01364771630867,247.9922466002197,252.3555908203125,20069800,0.014738094554407777,1.0147380945544078,AI_Core
2022-06-30 00:00:00-04:00,MSFT,249.24305888897192,251.64774884681984,245.21910548593416,249.0297393798828,31730900,-0.01317922630371926,0.9868207736962807,AI_Core
2022-07-01 00:00:00-04:00,MSFT,248.6031243426408,251.88044459455264,246.8771715911317,251.6962127685547,22837700,0.010707449621526033,1.010707449621526,AI_Core
2022-07-05 00:00:00-04:00,MSFT,248.3801241327607,254.99299984153146,247.0032529724364,254.866943359375,22941000,0.012597450537469745,1.0125974505374697,AI_Core
2022-07-06 00:00:00-04:00,MSFT,255.73959933597524,259.8508160325724,254.4305945207555,258.1248779296875,23824400,0.012782883991819372,1.0127828839918194,AI_Core
2022-07-07 00:00:00-04:00,MSFT,257.067970916459,260.8883105802799,256.97100212276746,260.24835205078125,20859900,0.008226538015728035,1.008226538015728,AI_Core
2022-07-08 00:00:00-04:00,MSFT,256.74796291447564,259.9574311836556,255.2935200278726,259.5307922363281,19658800,-0.0027572117510012983,0.9972427882489987,AI_Core
2022-07-11 00:00:00-04:00,MSFT,257.58183216621444,258.4351100703667,254.21721973412835,256.4764709472656,19455200,-0.011768627771464035,0.988231372228536,AI_Core
2022-07-12 00:00:00-04:00,MSFT,257.80490257305115,257.8630779320997,244.38522912726302,245.96572875976562,35868500,-0.04098131165279928,0.9590186883472007,AI_Core
2022-07-13 00:00:00-04:00,MSFT,242.59142655470853,245.84937984355258,240.57459691919928,245.04458618164062,29497400,-0.003745003756294385,0.9962549962437056,AI_Core
2022-07-14 00:00:00-04:00,MSFT,242.959889571624,247.39108538558793,238.47050360298064,246.36328125,25102800,0.005381449510506231,1.0053814495105062,AI_Core
2022-07-15 00:00:00-04:00,MSFT,247.95345174668594,252.4622192726145,247.0323074429904,248.92308044433594,29774100,0.010390343809954183,1.0103903438099542,AI_Core
2022-07-18 00:00:00-04:00,MSFT,251.86109592734067,252.91798783193323,245.60699275077752,246.52813720703125,20975000,-0.009621218060734349,0.9903787819392657,AI_Core
2022-07-19 00:00:00-04:00,MSFT,249.75693264825895,251.83195214619707,245.97538686166658,251.64772033691406,25012600,0.020766729460919287,1.0207667294609193,AI_Core
2022-07-20 00:00:00-04:00,MSFT,252.00650426801573,256.8255603020686,251.04658128193176,254.3045196533203,22788300,0.010557613289121859,1.0105576132891219,AI_Core
2022-07-21 00:00:00-04:00,MSFT,251.89986485024778,256.8449774641106,249.2236799929457,256.7964782714844,22404700,0.009799112581881042,1.009799112581881,AI_Core
2022-07-22 00:00:00-04:00,MSFT,257.1843229934879,257.2715860310557,251.20173011136725,252.45252990722656,21881300,-0.016915918759856985,0.983084081240143,AI_Core
2022-07-25 00:00:00-04:00,MSFT,253.07307075614577,253.55788506793914,249.01032445605983,250.96896362304688,21056000,-0.005876614842104666,0.9941233851578953,AI_Core
2022-07-26 00:00:00-04:00,MSFT,251.9677179235894,251.98712943704783,241.9902591873935,244.24948120117188,39348000,-0.026774156951006933,0.9732258430489931,AI_Core
2022-07-27 00:00:00-04:00,MSFT,253.22823052881697,261.84821413779025,250.9883906372331,260.5780029296875,45994000,0.0668518174458963,1.0668518174458963,AI_Core
2022-07-28 00:00:00-04:00,MSFT,261.5573746966984,269.40166831465785,259.7344677770861,268.0151062011719,33459300,0.028540794648315604,1.0285407946483156,AI_Core
2022-07-29 00:00:00-04:00,MSFT,269.26588177100365,273.4352730341739,268.22837203750606,272.2135314941406,32152800,0.015664883045127365,1.0156648830451274,AI_Core
2022-08-01 00:00:00-04:00,MSFT,269.3822964700081,272.7372040337669,267.4624206782317,269.5665283203125,21539600,-0.009723995568108323,0.9902760044318917,AI_Core
2022-08-02 00:00:00-04:00,MSFT,267.6175741801885,269.4501869895359,264.1075223258195,266.4734191894531,22754200,-0.01147438129701317,0.9885256187029868,AI_Core
2022-08-03 00:00:00-04:00,MSFT,268.35439030208346,274.88967685421,268.20892235604504,273.8909606933594,23518900,0.02783595274331141,1.0278359527433114,AI_Core
2022-08-04 00:00:00-04:00,MSFT,273.24133735808226,275.18059462702735,271.6608675400947,275.03515625,18098700,0.0041775586669383635,1.0041775586669384,AI_Core
2022-08-05 00:00:00-04:00,MSFT,270.67187422288504,275.03520383289623,270.2161475022105,274.31768798828125,16774600,-0.0026086420059935334,0.9973913579940065,AI_Core
2022-08-08 00:00:00-04:00,MSFT,275.4229698634014,277.23620005590976,270.8366458919724,271.8062744140625,18739200,-0.009155128102151577,0.9908448718978484,AI_Core
2022-08-09 00:00:00-04:00,MSFT,271.1470097408237,274.4825055635908,269.1786348849365,273.7261962890625,23405200,0.0070635671642931275,1.0070635671642931,AI_Core
2022-08-10 00:00:00-04:00,MSFT,279.41788477875497,281.0080602847514,278.2252309562204,280.3778076171875,24687800,0.024300236580574452,1.0243002365805745,AI_Core
2022-08-11 00:00:00-04:00,MSFT,282.0164586647515,282.36551072556773,277.8082744730885,278.3027648925781,20065900,-0.007400880769574014,0.992599119230426,AI_Core
2022-08-12 00:00:00-04:00,MSFT,279.7184922528835,283.0443115234375,278.22525580031515,283.0443115234375,22619700,0.01703736803581357,1.0170373680358136,AI_Core
2022-08-15 00:00:00-04:00,MSFT,282.16190112229856,285.24531273382235,281.29891753044353,284.556884765625,18085700,0.005343945031243802,1.0053439450312438,AI_Core
2022-08-16 00:00:00-04:00,MSFT,283.12187347946144,285.1096300607174,281.59957891566967,283.82000732421875,18102900,-0.002589561106606797,0.9974104388933932,AI_Core
2022-08-17 00:00:00-04:00,MSFT,281.536556451653,285.0443616245307,281.2742116606303,283.07183837890625,18253400,-0.0026360683743406055,0.9973639316256594,AI_Core
2022-08-18 00:00:00-04:00,MSFT,281.97382980141776,283.64513249063674,280.89524189994404,281.95440673828125,17186200,-0.003947519636797181,0.9960524803632028,AI_Core
2022-08-19 00:00:00-04:00,MSFT,280.7203261035374,281.06042243303864,277.4748955705993,278.0481872558594,20570000,-0.013854082039752469,0.9861459179602475,AI_Core
2022-08-22 00:00:00-04:00,MSFT,274.0934077691384,274.46265350884744,269.3710240123007,269.8860168457031,25061100,-0.02935523691310904,0.970644763086891,AI_Core
2022-08-23 00:00:00-04:00,MSFT,268.6131286621094,270.96459435110165,267.6025659844231,268.6131286621094,17527400,-0.0047163917511201525,0.9952836082488798,AI_Core
2022-08-24 00:00:00-04:00,MSFT,267.61229110085856,269.38076836522134,267.32076724046834,267.9815368652344,18137000,-0.0023513065054593385,0.9976486934945407,AI_Core
2022-08-25 00:00:00-04:00,MSFT,269.4779423207206,271.1200957209209,266.7475042264658,270.9549255371094,16583400,0.011095498244605873,1.0110954982446059,AI_Core
2022-08-26 00:00:00-04:00,MSFT,271.1783719738918,272.40270697945806,260.3926709090645,260.4995422363281,27549300,-0.03858716825337538,0.9614128317466246,AI_Core
2022-08-29 00:00:00-04:00,MSFT,258.32293054735436,259.8290331608574,256.3795570313367,257.7204895019531,20338500,-0.01066816743905763,0.9893318325609424,AI_Core
2022-08-30 00:00:00-04:00,MSFT,259.11974353789395,259.4889596293657,253.27989612081268,255.5244903564453,22767100,-0.008520855868897392,0.9914791441311026,AI_Core
2022-08-31 00:00:00-04:00,MSFT,257.87596548411756,259.54723825698477,253.93088992646184,254.0669403076172,24791800,-0.005704150106296657,0.9942958498937033,AI_Core
2022-09-01 00:00:00-04:00,MSFT,251.5405724888761,253.50339892265927,248.1785442591348,253.02725219726562,23263400,-0.0040921818048925696,0.9959078181951074,AI_Core
2022-09-02 00:00:00-04:00,MSFT,254.29049419909367,257.24440126393586,247.2651866674922,248.81016540527344,22855400,-0.01666653198567103,0.983333468014329,AI_Core
2022-09-06 00:00:00-04:00,MSFT,248.94616930970054,250.52999388020916,244.80677406440572,246.07968139648438,21328200,-0.010974165803641966,0.989025834196358,AI_Core
2022-09-07 00:00:00-04:00,MSFT,247.48868117824057,251.50173849106451,246.05058853926616,250.78269958496094,24126700,0.019111769658458844,1.0191117696584588,AI_Core
2022-09-08 00:00:00-04:00,MSFT,250.21911682986428,253.05642612748184,247.5761123040182,251.20050048828125,20319900,0.0016659877416256297,1.0016659877416256,AI_Core
2022-09-09 00:00:00-04:00,MSFT,253.12438844541632,257.72047726789003,252.92034253890802,256.9722595214844,22084700,0.02297670196509971,1.0229767019650997,AI_Core
2022-09-12 00:00:00-04:00,MSFT,258.25491798547915,259.8776479982531,257.65247691062,259.10028076171875,18747700,0.008281132150983916,1.008281132150984,AI_Core
2022-09-13 00:00:00-04:00,MSFT,251.51142329243044,253.02725242179903,244.46669355719365,244.85537719726562,33353300,-0.05497834090559495,0.945021659094405,AI_Core
2022-09-14 00:00:00-04:00,MSFT,246.35173414144623,247.03191188342342,242.78564564080037,245.07882690429688,23913000,0.0009125783129166898,1.0009125783129167,AI_Core
2022-09-15 00:00:00-04:00,MSFT,242.69824587426376,244.28208546979903,237.11104609083932,238.4325408935547,31530900,-0.027118972677870556,0.9728810273221294,AI_Core
2022-09-16 00:00:00-04:00,MSFT,237.34424853509077,238.354811263805,235.2065402152561,237.8106689453125,39791800,-0.002608167265724881,0.9973918327342751,AI_Core
2022-09-19 00:00:00-04:00,MSFT,235.60490186828736,238.19930387024996,234.03077398157757,237.59686279296875,26826900,-0.0008990603882154113,0.9991009396117846,AI_Core
2022-09-20 00:00:00-04:00,MSFT,235.21626404112513,236.61548077642544,232.85505707344666,235.5854949951172,26660300,-0.008465464460295391,0.9915345355397046,AI_Core
2022-09-21 00:00:00-04:00,MSFT,237.35395148181902,240.64796931692138,232.13598300454865,232.1845703125,28625600,-0.014436052961103063,0.9855639470388969,AI_Core
2022-09-22 00:00:00-04:00,MSFT,231.1351576468061,236.9555675025579,230.8436634388637,234.1571044921875,31061200,0.00849554376947892,1.008495543769479,AI_Core
2022-09-23 00:00:00-04:00,MSFT,232.75784365187135,234.30283689307328,228.54072660512506,231.1837158203125,34176000,-0.01269826375041383,0.9873017362495862,AI_Core
2022-09-26 00:00:00-04:00,MSFT,230.33838195306527,234.61379837015886,230.19262002242195,230.72705078125,27694200,-0.001975333934927548,0.9980246660650725,AI_Core
2022-09-27 00:00:00-04:00,MSFT,233.18540604277874,234.95388322610455,227.86056625784224,229.71649169921875,27018700,-0.0043798899115186085,0.9956201100884814,AI_Core
2022-09-28 00:00:00-04:00,MSFT,230.10518718115333,235.46890336480436,228.08407652025923,234.2445831298828,29029700,0.01971165151082377,1.0197116515108238,AI_Core
2022-09-29 00:00:00-04:00,MSFT,232.1262942883284,233.15628008036532,227.77314091515188,230.77565002441406,27484200,-0.014809021660685762,0.9851909783393142,AI_Core
2022-09-30 00:00:00-04:00,MSFT,231.54326959007867,233.72956515957875,226.14069268839654,226.30587768554688,35694800,-0.019368474699970828,0.9806315253000292,AI_Core
2022-10-03 00:00:00-04:00,MSFT,228.7448115784085,234.76926725849918,228.01604641968547,233.9239044189453,28880400,0.03366252264991432,1.0336625226499143,AI_Core
2022-10-04 00:00:00-04:00,MSFT,238.15074851262196,243.27154283676492,238.04386235617537,241.8334503173828,34888400,0.033812473838808366,1.0338124738388084,AI_Core
2022-10-05 00:00:00-04:00,MSFT,239.02522675019813,243.48526533285255,237.18873940282495,242.1443328857422,20347100,0.0012855234375201974,1.0012855234375202,AI_Core
2022-10-06 00:00:00-04:00,MSFT,240.9103348181627,243.25210389130189,239.11272288342423,239.8026123046875,20239900,-0.009670763520035153,0.9903292364799648,AI_Core
2022-10-07 00:00:00-04:00,MSFT,234.0793483497187,234.48746986052475,226.56821340371297,227.60792541503906,37769600,-0.05085301937476039,0.9491469806252396,AI_Core
2022-10-10 00:00:00-04:00,MSFT,226.45162940250796,227.91887124753765,220.31056122973789,222.75921630859375,29743600,-0.021302901019829457,0.9786970989801705,AI_Core
2022-10-11 00:00:00-04:00,MSFT,221.17535850206903,222.5745899538486,217.76474295842993,219.02793884277344,30474000,-0.016750272009627087,0.9832497279903729,AI_Core
2022-10-12 00:00:00-04:00,MSFT,219.01822579092038,221.4085821373912,217.61900908089987,219.3583221435547,21903900,0.0015084071124753518,1.0015084071124754,AI_Core
2022-10-13 00:00:00-04:00,MSFT,213.62535270758946,229.41526348823245,212.92573701301367,227.60792541503906,42551800,0.037607888275538404,1.0376078882755384,AI_Core
2022-10-14 00:00:00-04:00,MSFT,228.87113093564267,230.5230105633838,221.87498806713398,222.08876037597656,30198600,-0.024248562649997307,0.9757514373500027,AI_Core
2022-10-17 00:00:00-04:00,MSFT,229.1432179713051,232.19431432541026,228.4824631518074,230.80479431152344,28142300,0.03924572283978445,1.0392457228397844,AI_Core
2022-10-18 00:00:00-04:00,MSFT,236.3531154742312,237.02356694835538,228.7059298585046,231.747314453125,26329600,0.004083624624926285,1.0040836246249263,AI_Core
2022-10-19 00:00:00-04:00,MSFT,230.32865767594038,232.82590014122383,227.65651868442322,229.78451538085938,19985700,-0.008469565556336267,0.9915304344436637,AI_Core
2022-10-20 00:00:00-04:00,MSFT,229.09462099466492,234.47775981300623,228.22009390223283,229.46385192871094,21811000,-0.0013954963484678062,0.9986045036515322,AI_Core
2022-10-21 00:00:00-04:00,MSFT,228.09376259205115,236.11989014579166,227.86055242464258,235.26480102539062,26299700,0.02528044852346456,1.0252804485234646,AI_Core
2022-10-24 00:00:00-04:00,MSFT,236.85838032259602,240.8228644348146,234.4680389836242,240.24957275390625,24911200,0.021187919768659524,1.0211879197686595,AI_Core
2022-10-25 00:00:00-04:00,MSFT,240.2592898081023,243.93226498550914,238.86978470276068,243.5630340576172,34775500,0.013791746914384673,1.0137917469143847,AI_Core
2022-10-26 00:00:00-04:00,MSFT,224.62483744809148,231.55296912820415,223.5462644989959,224.77059936523438,82543200,-0.07715634995718312,0.9228436500428169,AI_Core
2022-10-27 00:00:00-04:00,MSFT,224.49851650888635,227.0734954795491,219.38744917013727,220.32998657226562,40424600,-0.019756199456287038,0.980243800543713,AI_Core
2022-10-28 00:00:00-04:00,MSFT,219.83445281769383,229.9011298424008,219.64982993170372,229.19178771972656,40647700,0.04022058588268629,1.0402205858826863,AI_Core
2022-10-31 00:00:00-04:00,MSFT,227.14153310691304,228.2686935125121,224.6054296076982,225.5576934814453,28357300,-0.01585612763196076,0.9841438723680392,AI_Core
2022-11-01 00:00:00-04:00,MSFT,227.95776311272633,229.06548563639697,220.89359487464492,221.70980834960938,30592300,-0.017059427556845752,0.9829405724431542,AI_Core
2022-11-02 00:00:00-04:00,MSFT,222.9632917416644,224.7511921525638,213.80998772072712,213.86830139160156,38407000,-0.03536833582771726,0.9646316641722827,AI_Core
2022-11-03 00:00:00-04:00,MSFT,213.85856200928737,214.16950892795055,207.9215545752939,208.1839141845703,36633900,-0.02657891407957136,0.9734210859204286,AI_Core
2022-11-04 00:00:00-04:00,MSFT,211.39046095991677,215.31606900887368,207.38710136295038,215.12173461914062,36789100,0.0333254394881799,1.03332543948818,AI_Core
2022-11-07 00:00:00-05:00,MSFT,215.70479515914553,221.9430237085704,215.01489088874334,221.41830444335938,33498000,0.029269798495100696,1.0292697984951007,AI_Core
2022-11-08 00:00:00-05:00,MSFT,222.22479913107526,225.09127262477088,219.44577390313017,222.38998413085938,28192500,0.004388434325440116,1.0043884343254401,AI_Core
2022-11-09 00:00:00-05:00,MSFT,220.93245233444006,222.1567873542891,217.97853059362552,218.15342712402344,27852900,-0.019050125046742417,0.9809498749532576,AI_Core
2022-11-10 00:00:00-05:00,MSFT,228.7642252711611,236.44056019136823,228.34640704745314,236.1004638671875,46268000,0.08226795691346589,1.082267956913466,AI_Core
2022-11-11 00:00:00-05:00,MSFT,236.1101955294159,240.9686298310699,235.0801950029828,240.11354064941406,34620200,0.01699732697045442,1.0169973269704544,AI_Core
2022-11-14 00:00:00-05:00,MSFT,235.13851261558185,237.0041496395175,232.43722428466577,234.71096801757812,31123300,-0.022500074828033734,0.9774999251719663,AI_Core
2022-11-15 00:00:00-05:00,MSFT,238.70457562812342,240.00663234232658,233.23397436498706,235.11904907226562,31390100,0.0017386535368766332,1.0017386535368766,AI_Core
2022-11-16 00:00:00-05:00,MSFT,236.58072479842383,237.564903920351,234.2713414708657,235.54783630371094,24093300,0.0018237026439891224,1.0018237026439891,AI_Core
2022-11-17 00:00:00-05:00,MSFT,231.6988319904281,237.02893923380267,231.5526741520921,235.49908447265625,23123500,-0.00020697210307563108,0.9997930278969244,AI_Core
2022-11-18 00:00:00-05:00,MSFT,237.28226939737314,237.50639789334227,232.91684876946883,235.05084228515625,27613500,-0.0019033712530294178,0.9980966287469706,AI_Core
2022-11-21 00:00:00-05:00,MSFT,235.2554806346632,238.41262379283273,235.02162809086872,235.85963439941406,26394700,0.0034409241268602564,1.0034409241268603,AI_Core
2022-11-22 00:00:00-05:00,MSFT,237.36023776801466,239.03625034999712,234.5539032214211,238.76341247558594,19665700,0.012311466875482902,1.012311466875483,AI_Core
2022-11-23 00:00:00-05:00,MSFT,238.84139817605325,241.93032475188082,238.02288445035876,241.24822998046875,19508500,0.010407027940836144,1.0104070279408361,AI_Core
2022-11-25 00:00:00-05:00,MSFT,240.9851181755742,242.33956874564888,240.4199497182592,241.1605224609375,9200800,-0.00036355715247460285,0.9996364428475254,AI_Core
2022-11-28 00:00:00-05:00,MSFT,239.78656581676748,240.34198047417644,234.64160171816698,235.57704162597656,24778200,-0.023152549090472818,0.9768474509095272,AI_Core
2022-11-29 00:00:00-05:00,MSFT,235.22625156300845,236.58070207820637,232.11784747654085,234.18362426757812,17956300,-0.005914911524403821,0.9940850884755962,AI_Core
2022-11-30 00:00:00-05:00,MSFT,234.41749940509243,248.80001134833023,233.72565090628407,248.6148681640625,47594200,0.0616236252283604,1.0616236252283604,AI_Core
2022-12-01 00:00:00-05:00,MSFT,247.37735568786078,249.56981269736582,244.50280391577542,248.1763916015625,26041500,-0.001763677955940457,0.9982363220440595,AI_Core
2022-12-02 00:00:00-05:00,MSFT,243.4309315609044,249.51133581657106,243.30425151606138,248.49794006347656,21528500,0.001295644842923993,1.001295644842924,AI_Core
2022-12-05 00:00:00-05:00,MSFT,245.56491592032455,247.32863821310553,241.7159389367775,243.80120849609375,23435300,-0.018900484914213256,0.9810995150857867,AI_Core
2022-12-06 00:00:00-05:00,MSFT,244.40534037511836,245.41873605992336,237.5453785123422,238.85110473632812,22463700,-0.020303852430841984,0.979696147569158,AI_Core
2022-12-07 00:00:00-05:00,MSFT,238.5685424627585,239.86452986599542,236.01555299377063,238.12030029296875,20481500,-0.0030596653265059226,0.9969403346734941,AI_Core
2022-12-08 00:00:00-05:00,MSFT,238.5782885351059,242.37855615254333,236.84381267858302,241.07281494140625,22611800,0.01239925636245598,1.012399256362456,AI_Core
2022-12-09 00:00:00-05:00,MSFT,238.44187570641893,241.9595517487918,237.91569256943419,239.14346313476562,20609700,-0.008003191098546525,0.9919968089014535,AI_Core
2022-12-12 00:00:00-05:00,MSFT,241.12151949404333,246.0813403319802,240.84868161991452,246.05210876464844,30665100,0.028889125963646123,1.0288891259636461,AI_Core
2022-12-13 00:00:00-05:00,MSFT,254.9973166594046,257.1702954217934,246.59777673050667,250.3493194580078,42196900,0.01746463671835352,1.0174646367183535,AI_Core
2022-12-14 00:00:00-05:00,MSFT,250.55398314754714,255.8743369804064,247.80609665366913,250.6416778564453,35410900,0.0011678018501126708,1.0011678018501127,AI_Core
2022-12-15 00:00:00-05:00,MSFT,247.23115056709423,247.69887047650548,241.01431334412206,242.6416015625,35560400,-0.03191837990538571,0.9680816200946143,AI_Core
2022-12-16 00:00:00-05:00,MSFT,242.19341115694567,243.45041325109977,237.2822993212295,238.43212890625,86102000,-0.017348519912261273,0.9826514800877387,AI_Core
2022-12-19 00:00:00-05:00,MSFT,238.59777136210013,238.93882615281237,232.60506192023936,234.30055236816406,29696400,-0.017328103209238388,0.9826718967907616,AI_Core
2022-12-20 00:00:00-05:00,MSFT,233.27741342411088,236.69765578039272,232.32248078286008,235.6160430908203,25150800,0.005614543838501795,1.0056145438385018,AI_Core
2022-12-21 00:00:00-05:00,MSFT,235.50885613255662,239.3383404733785,233.96926235474098,238.17877197265625,23690600,0.010876716407838716,1.0108767164078387,AI_Core
2022-12-22 00:00:00-05:00,MSFT,235.08985146621117,235.80119266762082,227.8888488200861,232.09837341308594,28651700,-0.02552871739664675,0.9744712826033533,AI_Core
2022-12-23 00:00:00-05:00,MSFT,230.07155276829016,232.76096118037862,227.9570517012324,232.62454223632812,21207000,0.002267007801496801,1.0022670078014968,AI_Core
2022-12-27 00:00:00-05:00,MSFT,232.59530118818017,232.8194148295831,229.7987055148439,230.89981079101562,16688600,-0.007414228218277641,0.9925857717817224,AI_Core
2022-12-28 00:00:00-05:00,MSFT,230.83158066876882,233.58920571685437,228.18114298539857,228.5319366455078,17457100,-0.010254985213699164,0.9897450147863008,AI_Core
2022-12-29 00:00:00-05:00,MSFT,229.6232871191542,235.732937144972,229.6232871191542,234.84620666503906,19770700,0.02762970511787044,1.0276297051178704,AI_Core
2022-12-30 00:00:00-05:00,MSFT,232.1178355853205,233.8230797011239,230.60747353761346,233.68666076660156,21938500,-0.004937469141630069,0.9950625308583699,AI_Core
2023-01-03 00:00:00-05:00,MSFT,236.86327747897744,239.46499095764855,231.32853465622566,233.45278930664062,25740000,-0.0010007907990714493,0.9989992092009286,AI_Core
2023-01-04 00:00:00-05:00,MSFT,226.33946366728142,226.91437091450726,220.1811046954011,223.2407989501953,50623400,-0.04374327840234904,0.956256721597651,AI_Core
2023-01-05 00:00:00-05:00,MSFT,221.3894202164649,221.73047501122883,216.08854432449274,216.62448120117188,39585600,-0.029637583184333294,0.9703624168156667,AI_Core
2023-01-06 00:00:00-05:00,MSFT,217.29679590519297,219.98620381125295,213.74015026044154,219.17742919921875,43613600,0.011785131504486124,1.0117851315044861,AI_Core
2023-01-09 00:00:00-05:00,MSFT,220.65858404237193,225.3260890868295,220.6196135764492,221.3114471435547,27369800,0.009736485878736323,1.0097364858787363,AI_Core
2023-01-10 00:00:00-05:00,MSFT,221.93508808498302,225.39430067277652,221.516092367223,222.99722290039062,27033900,0.007617209948215908,1.007617209948216,AI_Core
2023-01-11 00:00:00-05:00,MSFT,225.37481372714282,229.91563904515138,225.1994243157805,229.74024963378906,28669300,0.0302381646089398,1.0302381646089398,AI_Core
2023-01-12 00:00:00-05:00,MSFT,229.24327425256297,233.7646067249311,227.58675433530573,232.41015625,27269500,0.011621414273149,1.011621414273149,AI_Core
2023-01-13 00:00:00-05:00,MSFT,230.93880627830646,233.24818958315328,228.91199978075178,233.1117706298828,21333300,0.0030188628208145385,1.0030188628208145,AI_Core
2023-01-17 00:00:00-05:00,MSFT,231.883988045912,234.7488007848325,231.02648903057522,234.203125,29831300,0.004681678523432264,1.0046816785234323,AI_Core
2023-01-18 00:00:00-05:00,MSFT,235.39190402162816,236.18118605908887,229.49662855484155,229.77920532226562,30028700,-0.018889242736339962,0.98111075726366,AI_Core
2023-01-19 00:00:00-05:00,MSFT,227.80115166394182,229.49665708491057,224.78042720405,225.9984588623047,28623000,-0.016453823376481935,0.9835461766235181,AI_Core
2023-01-20 00:00:00-05:00,MSFT,228.85351141709936,234.58313656009622,228.51245663723557,234.07643127441406,35389800,0.035743484503277356,1.0357434845032774,AI_Core
2023-01-23 00:00:00-05:00,MSFT,234.9339381400993,238.89984125052814,233.5210096061912,236.37608337402344,31934000,0.009824364149304099,1.009824364149304,AI_Core
2023-01-24 00:00:00-05:00,MSFT,236.29812619619068,237.7110398533446,234.29081253406932,235.84988403320312,40234400,-0.0022261107524473855,0.9977738892475526,AI_Core
2023-01-25 00:00:00-05:00,MSFT,228.48322009420318,237.07765762154605,224.9947760426561,234.45645141601562,66526600,-0.00590813356936537,0.9940918664306346,AI_Core
2023-01-26 00:00:00-05:00,MSFT,237.4186997744048,241.95952488467353,235.8109041029407,241.65745544433594,33454500,0.030713610074831976,1.030713610074832,AI_Core
2023-01-27 00:00:00-05:00,MSFT,242.62212916997672,243.44064274681827,240.5173672279143,241.8133544921875,26498900,0.0006451240975160477,1.000645124097516,AI_Core
2023-01-30 00:00:00-05:00,MSFT,238.25668467337113,239.31881937180844,236.00576498796437,236.5027313232422,25867400,-0.021961662043428976,0.978038337956571,AI_Core
2023-01-31 00:00:00-05:00,MSFT,237.22382584140612,241.60873949787776,236.73661321290928,241.47232055664062,26541100,0.02101281962196966,1.0210128196219697,AI_Core
2023-02-01 00:00:00-05:00,MSFT,241.65746031930018,248.65382642873757,239.19216564342997,246.28598022460938,31259900,0.01993462296992199,1.019934622969922,AI_Core
2023-02-02 00:00:00-05:00,MSFT,252.20070989004705,257.9205804321698,250.67085535602513,257.8328857421875,39940400,0.04688413651092738,1.0468841365109274,AI_Core
2023-02-03 00:00:00-05:00,MSFT,252.9023510805395,257.4431765540325,250.52475096588475,251.74278259277344,29077300,-0.023620350568870685,0.9763796494311293,AI_Core
2023-02-06 00:00:00-05:00,MSFT,250.8560488043869,251.6940402792033,248.26407396693392,250.2031707763672,22518000,-0.006115813134936143,0.9938841868650639,AI_Core
2023-02-07 00:00:00-05:00,MSFT,253.8670156294018,261.8962703770989,253.42851236094478,260.71722412109375,50841400,0.042022062758445555,1.0420220627584456,AI_Core
2023-02-08 00:00:00-05:00,MSFT,266.2129795710124,269.6819309436082,259.4017271241036,259.908447265625,54686000,-0.0031021228390077926,0.9968978771609922,AI_Core
2023-02-09 00:00:00-05:00,MSFT,266.7976013623995,266.97302049431784,256.07892442365,256.8779602050781,42375100,-0.011659825190097561,0.9883401748099024,AI_Core
2023-02-10 00:00:00-05:00,MSFT,254.84139181439355,257.33591765815356,253.993646746636,256.3712463378906,25818500,-0.0019725859968016124,0.9980274140031984,AI_Core
2023-02-13 00:00:00-05:00,MSFT,260.7951650159258,267.5771558270563,260.3176764646167,264.38104248046875,44630900,0.031242958237295504,1.0312429582372955,AI_Core
2023-02-14 00:00:00-05:00,MSFT,265.69659381619374,267.93776039967133,262.39327735042633,265.2093811035156,37047900,0.003133124127491449,1.0031331241274914,AI_Core
2023-02-15 00:00:00-05:00,MSFT,262.1127030516327,264.46695378581865,260.0221954161202,263.0895690917969,28922400,-0.00799297522168474,0.9920070247783153,AI_Core
2023-02-16 00:00:00-05:00,MSFT,257.91215337103114,260.5692301121678,255.84120219853648,256.0854187011719,29603600,-0.026622683730122,0.973377316269878,AI_Core
2023-02-17 00:00:00-05:00,MSFT,253.38924459984534,254.07303280103977,250.07765509199857,252.08999633789062,30000100,-0.015601912766238124,0.9843980872337619,AI_Core
2023-02-21 00:00:00-05:00,MSFT,248.59281657060217,249.57946061577636,245.7696748690076,246.82469177246094,28397400,-0.020886606537025343,0.9791133934629747,AI_Core
2023-02-22 00:00:00-05:00,MSFT,248.21187487113363,248.45609136769838,244.54862742266278,245.69155883789062,22491100,-0.004590841080093,0.995409158919907,AI_Core
2023-02-23 00:00:00-05:00,MSFT,249.64783134560344,250.89821842663798,244.68535109646456,248.87611389160156,29219100,0.012961597332744157,1.0129615973327442,AI_Core
2023-02-24 00:00:00-05:00,MSFT,244.17739966038974,245.1933336076266,242.36042854419725,243.4545135498047,24990900,-0.021784333807776557,0.9782156661922234,AI_Core
2023-02-27 00:00:00-05:00,MSFT,246.61956672286158,246.9712390360351,243.62058131527203,244.37277221679688,21190000,0.003771787401281257,1.0037717874012813,AI_Core
2023-02-28 00:00:00-05:00,MSFT,243.30796249415872,245.67197584948505,242.97581680668205,243.6498565673828,22491000,-0.0029582495744359116,0.9970417504255641,AI_Core
2023-03-01 00:00:00-05:00,MSFT,244.95888751265778,245.12495292682374,240.10386280126266,240.57276916503906,27565300,-0.012629136933198892,0.9873708630668011,AI_Core
2023-03-02 00:00:00-05:00,MSFT,240.8462903940092,245.5840810609681,239.9280340639678,245.30079650878906,24808200,0.01965321079422111,1.019653210794221,AI_Core
2023-03-03 00:00:00-05:00,MSFT,246.35583390228538,249.70647705919302,245.57433813705987,249.3841094970703,30760100,0.0166461464715828,1.0166461464715828,AI_Core
2023-03-06 00:00:00-05:00,MSFT,250.49769740222126,254.10233469653934,250.05811076028263,250.92752075195312,24109800,0.006188891738111879,1.0061888917381119,AI_Core
2023-03-07 00:00:00-05:00,MSFT,250.37070236682902,251.7285601912726,247.5280341065123,248.27044677734375,21473200,-0.010589009793134485,0.9894109902068655,AI_Core
2023-03-08 00:00:00-05:00,MSFT,248.16297184644702,248.65140472789284,245.00769960592783,247.83084106445312,17340200,-0.0017706727425551572,0.9982293272574448,AI_Core
2023-03-09 00:00:00-05:00,MSFT,249.90183388794475,253.555302700135,245.75991723521878,246.48280334472656,26653400,-0.005439346103723985,0.994560653896276,AI_Core
2023-03-10 00:00:00-05:00,MSFT,245.27146675891186,246.9418989290312,241.87197794983268,242.8390655517578,28333900,-0.014782929046261661,0.9852170709537383,AI_Core
2023-03-13 00:00:00-04:00,MSFT,241.67660681243697,251.94347649871762,240.04524262160942,248.0457763671875,33339700,0.021440993456301793,1.0214409934563018,AI_Core
2023-03-14 00:00:00-04:00,MSFT,250.81031987110978,255.03038771466515,249.94090981618157,254.75686645507812,33620300,0.027055853101711547,1.0270558531017115,AI_Core
2023-03-15 00:00:00-04:00,MSFT,253.96560644232494,260.3152347680269,253.21340062279128,259.2992858886719,46028000,0.017830410213475867,1.0178304102134759,AI_Core
2023-03-16 00:00:00-04:00,MSFT,259.0745583407351,270.1619906139307,257.18921458978684,269.8103332519531,54768800,0.04053635291457791,1.040536352914578,AI_Core
2023-03-17 00:00:00-04:00,MSFT,271.8226903839095,276.7753773938965,269.9275683237235,272.9656066894531,69527400,0.01169441288430395,1.011694412884304,AI_Core
2023-03-20 00:00:00-04:00,MSFT,270.57233358465885,271.0607665452562,263.607274796688,265.9322204589844,43466600,-0.025766565670196195,0.9742334343298038,AI_Core
2023-03-21 00:00:00-04:00,MSFT,268.5209085708176,268.6381277112385,263.28489174322317,267.44635009765625,34558700,0.005693667491884158,1.0056936674918842,AI_Core
2023-03-22 00:00:00-04:00,MSFT,267.0750903654772,274.53835901279683,265.8833129567745,265.99078369140625,34873300,-0.00544246128510828,0.9945575387148917,AI_Core
2023-03-23 00:00:00-04:00,MSFT,271.51012405626466,274.55794104511676,268.83352089762093,271.2366027832031,36610900,0.019721807722040907,1.019721807722041,AI_Core
2023-03-24 00:00:00-04:00,MSFT,270.82630438464923,274.1378942395977,268.911655484411,274.07928466796875,28172000,0.010480450852121015,1.010480450852121,AI_Core
2023-03-27 00:00:00-04:00,MSFT,274.0108578776161,274.94864070171997,269.14605544409125,269.9861755371094,26840200,-0.01493403317882247,0.9850659668211775,AI_Core
2023-03-28 00:00:00-04:00,MSFT,269.40977428896804,269.7516832139701,265.75627664438014,268.86273193359375,21878600,-0.004161115291479889,0.9958388847085201,AI_Core
2023-03-29 00:00:00-04:00,MSFT,272.5064700346815,274.63606009495277,271.96920577953756,274.0206298828125,25087000,0.0191841312930372,1.0191841312930372,AI_Core
2023-03-30 00:00:00-04:00,MSFT,277.65458775561683,277.8792478188559,274.9682067021936,277.4787292480469,25053400,0.01261985043503211,1.012619850435032,AI_Core
2023-03-31 00:00:00-04:00,MSFT,277.1661475082968,282.57796264121714,276.45302473352956,281.6304016113281,32766000,0.014962128356764692,1.0149621283567647,AI_Core
2023-04-03 00:00:00-04:00,MSFT,279.89160882011697,281.60112415662576,277.3810860970175,280.585205078125,24883300,-0.003711234750307879,0.9962887652496921,AI_Core
2023-04-04 00:00:00-04:00,MSFT,280.58517709537364,283.73068619331156,279.0612688180202,280.53631591796875,25824300,-0.00017423997869969732,0.9998257600213003,AI_Core
2023-04-05 00:00:00-04:00,MSFT,279.23710085498425,280.5070144974699,276.37489115464507,277.76202392578125,22064800,-0.009889243690641258,0.9901107563093587,AI_Core
2023-04-06 00:00:00-04:00,MSFT,276.65823572723315,285.32303313576494,275.50554090112394,284.8541564941406,29770300,0.025533125328372597,1.0255331253283726,AI_Core
2023-04-10 00:00:00-04:00,MSFT,282.5194234357062,282.90041550673965,278.12352618795103,282.6952819824219,23103000,-0.007578876637396537,0.9924211233626035,AI_Core
2023-04-11 00:00:00-04:00,MSFT,279.1394798674935,279.3641697960585,275.1245746241053,276.2870178222656,27276600,-0.02266845104459403,0.977331548955406,AI_Core
2023-04-12 00:00:00-04:00,MSFT,278.20167586183015,280.3703195694183,275.4371283935577,276.9317321777344,27403400,0.00233349493056334,1.0023334949305633,AI_Core
2023-04-13 00:00:00-04:00,MSFT,277.0294442612303,283.1934667568059,276.6191772077297,283.1348571777344,24222700,0.02239947351363414,1.0223994735136341,AI_Core
2023-04-14 00:00:00-04:00,MSFT,280.3604759948449,281.8062480666377,277.1270526810152,279.5203857421875,20987900,-0.012765900573230904,0.9872340994267691,AI_Core
2023-04-17 00:00:00-04:00,MSFT,283.2226985900286,284.85407761818396,279.5399251996228,282.11883544921875,23836200,0.009296100891288406,1.0092961008912884,AI_Core
2023-04-18 00:00:00-04:00,MSFT,284.82477404987856,285.01038094044696,280.37026829939435,281.69879150390625,20161800,-0.0014888901148469857,0.998511109885153,AI_Core
2023-04-19 00:00:00-04:00,MSFT,279.3738962456723,282.36310380411163,277.957458440505,281.7770080566406,17150300,0.00027766023530584327,1.0002776602353058,AI_Core
2023-04-20 00:00:00-04:00,MSFT,278.6509680753115,282.34351958863164,278.48488777303635,279.4910583496094,23244400,-0.00811261970164634,0.9918873802983537,AI_Core
2023-04-21 00:00:00-04:00,MSFT,278.41655103724565,279.6473817610795,276.511650666874,279.1492004394531,21676400,-0.0012231443545096532,0.9987768556454903,AI_Core
2023-04-24 00:00:00-04:00,MSFT,275.56413015799205,278.3579824584961,272.27209646250395,275.25152587890625,26611000,-0.0139626929054818,0.9860373070945182,AI_Core
2023-04-25 00:00:00-04:00,MSFT,273.0438095298006,275.085455775241,268.9995702123378,269.0484313964844,45772200,-0.02253609480497798,0.977463905195022,AI_Core
2023-04-26 00:00:00-04:00,MSFT,289.83614418187,292.6397447358396,285.957985102446,288.5368957519531,64599200,0.07243478155332372,1.0724347815533237,AI_Core
2023-04-27 00:00:00-04:00,MSFT,289.12302732036886,298.1395111111619,288.4196826173737,297.7780456542969,46462600,0.03202761947743449,1.0320276194774345,AI_Core
2023-04-28 00:00:00-04:00,MSFT,296.9770107869876,301.78317430412875,296.2931927346846,300.1518249511719,36469600,0.007971639721320534,1.0079716397213205,AI_Core
2023-05-01 00:00:00-04:00,MSFT,299.868565093512,301.46086148521374,298.09066177200543,298.4911804199219,21294100,-0.005532681773699477,0.9944673182263005,AI_Core
2023-05-02 00:00:00-04:00,MSFT,300.640306719622,302.02743982366337,296.8793664443899,298.34466552734375,26404400,-0.0004908516639319238,0.9995091483360681,AI_Core
2023-05-03 00:00:00-04:00,MSFT,299.52661466140324,301.47056824435134,297.05514515019064,297.35797119140625,22360800,-0.0033072296908458476,0.9966927703091542,AI_Core
2023-05-04 00:00:00-04:00,MSFT,299.155451236147,300.640306719622,296.3811552164781,298.34466552734375,22519900,0.003318203752817439,1.0033182037528174,AI_Core
2023-05-05 00:00:00-04:00,MSFT,298.64740725132,304.75281837217517,297.23093994665044,303.4633483886719,28197100,0.017156944476552027,1.017156944476552,AI_Core
2023-05-08 00:00:00-04:00,MSFT,302.95538510450854,303.0237728629805,299.0088390583922,301.5096130371094,21318600,-0.006438126257870769,0.9935618737421292,AI_Core
2023-05-09 00:00:00-04:00,MSFT,300.8746930349145,302.86750779057024,299.2237873018419,299.8978271484375,21340800,-0.0053457197348911745,0.9946542802651088,AI_Core
2023-05-10 00:00:00-04:00,MSFT,301.4803236876646,305.7590007361898,300.5523190484158,305.0849609375,30078000,0.017296336683676916,1.017296336683677,AI_Core
2023-05-11 00:00:00-04:00,MSFT,302.9260731476362,303.92246547425293,299.1749122684255,302.9358215332031,31680200,-0.007044396412372311,0.9929556035876277,AI_Core
2023-05-12 00:00:00-04:00,MSFT,303.3656699936466,303.463362538451,299.50706787229524,301.8222351074219,19774700,-0.0036759813354036996,0.9963240186645963,AI_Core
2023-05-15 00:00:00-04:00,MSFT,301.94927639928727,302.73075724835036,300.4741992492285,302.3009338378906,16336500,0.0015860287109012994,1.0015860287109013,AI_Core
2023-05-16 00:00:00-04:00,MSFT,302.66238059902645,306.4526254606031,302.66238059902645,304.5281982421875,26730300,0.007367706000839691,1.0073677060008397,AI_Core
2023-05-17 00:00:00-04:00,MSFT,305.73234911232737,307.8273965281547,304.2148790483357,307.40643310546875,24315000,0.009451455989609947,1.00945145598961,AI_Core
2023-05-18 00:00:00-04:00,MSFT,307.92533659511486,312.3406428632518,307.1323477805687,311.83154296875,27276000,0.0143949813235138,1.0143949813235138,AI_Core
2023-05-19 00:00:00-04:00,MSFT,310.0889260945517,312.0567286735725,309.7267003191957,311.65533447265625,27546700,-0.0005650759202106004,0.9994349240797894,AI_Core
2023-05-22 00:00:00-04:00,MSFT,311.90985842716117,315.81606453289896,311.3322511744977,314.4356689453125,24115700,0.008921183644620578,1.0089211836446206,AI_Core
2023-05-23 00:00:00-04:00,MSFT,313.30977897111853,315.9432948088947,308.63015403990534,308.63995361328125,30797200,-0.018432117932012493,0.9815678820679875,AI_Core
2023-05-24 00:00:00-04:00,MSFT,308.1210472895002,309.8538685952103,306.0455397240874,307.259521484375,23384900,-0.004472629394689176,0.9955273706053108,AI_Core
2023-05-25 00:00:00-04:00,MSFT,316.4523646988683,320.03551297467794,313.28041010709336,319.07611083984375,43301700,0.03845800871648386,1.0384580087164839,AI_Core
2023-05-26 00:00:00-04:00,MSFT,317.2160427328644,326.39908122008313,317.07899806419516,325.8998107910156,36630600,0.0213858064560557,1.0213858064560557,AI_Core
2023-05-30 00:00:00-04:00,MSFT,328.19067091699185,328.6899413465032,323.5795525189351,324.25506591796875,29503100,-0.005046780693289787,0.9949532193067102,AI_Core
2023-05-31 00:00:00-04:00,MSFT,325.31242368593024,328.88577326121145,320.45655463188933,321.49432373046875,45950600,-0.008514106571270719,0.9914858934287293,AI_Core
2023-06-01 00:00:00-04:00,MSFT,319.08589950715634,326.5263156649062,317.9013162515011,325.59625244140625,26773900,0.01275894598492644,1.0127589459849264,AI_Core
2023-06-02 00:00:00-04:00,MSFT,327.2312100565703,330.41296452982044,325.56689576601605,328.3570556640625,25873800,0.008479222970028122,1.0084792229700281,AI_Core
2023-06-05 00:00:00-04:00,MSFT,328.18082951193753,331.4506903935802,327.6325911531441,328.8857116699219,21307100,0.0016100034908348437,1.0016100034908348,AI_Core
2023-06-06 00:00:00-04:00,MSFT,328.2885336264792,328.32770204884184,325.19491542513276,326.6731872558594,20396200,-0.0067273351670656956,0.9932726648329343,AI_Core
2023-06-07 00:00:00-04:00,MSFT,324.6858083621168,327.4661687531418,315.7279515267093,316.5894775390625,40717100,-0.030867882979630723,0.9691321170203693,AI_Core
2023-06-08 00:00:00-04:00,MSFT,317.137673313342,319.7809886890354,316.5600661501271,318.4299621582031,23277700,0.005813473756131282,1.0058134737561313,AI_Core
2023-06-09 00:00:00-04:00,MSFT,318.16563610626434,323.0606428090371,317.59782847451265,319.9278564453125,22529000,0.00470399919956388,1.0047039991995639,AI_Core
2023-06-12 00:00:00-04:00,MSFT,321.68020816437513,325.1263115846336,318.33204071834683,324.8815612792969,24260300,0.015483818411514694,1.0154838184115147,AI_Core
2023-06-13 00:00:00-04:00,MSFT,327.44659882342825,329.90390189326365,323.4522862648796,327.2703857421875,22951300,0.007352908713821993,1.007352908713822,AI_Core
2023-06-14 00:00:00-04:00,MSFT,327.3193432875882,331.9206620825264,325.82147225464075,330.25634765625,26003800,0.009123837793300282,1.0091238377933003,AI_Core
2023-06-15 00:00:00-04:00,MSFT,330.393414820895,342.4938582086499,330.1192956143464,340.7904052734375,38899100,0.03189660907941727,1.0318966090794173,AI_Core
2023-06-16 00:00:00-04:00,MSFT,343.9428148643849,344.08965911433876,334.76957557062366,335.1415710449219,46552000,-0.016575684470879426,0.9834243155291206,AI_Core
2023-06-20 00:00:00-04:00,MSFT,332.18499798901604,334.8968213999289,328.8074308489354,330.9514465332031,26375400,-0.012502550783701882,0.9874974492162981,AI_Core
2023-06-21 00:00:00-04:00,MSFT,329.3067475889118,330.63820523685087,325.09705286188586,326.5557556152344,25117800,-0.013281981281588862,0.9867180187184111,AI_Core
2023-06-22 00:00:00-04:00,MSFT,327.1039541755478,332.9779627764546,326.34033425250004,332.5765686035156,23556800,0.01843732007398846,1.0184373200739885,AI_Core
2023-06-23 00:00:00-04:00,MSFT,327.33887140406574,330.86328217867896,326.44800648245837,327.9850158691406,23146900,-0.013806001888993169,0.9861939981110068,AI_Core
2023-06-26 00:00:00-04:00,MSFT,326.7123419071995,329.0521396707675,321.59215393137123,321.6998596191406,21520600,-0.019162937164506455,0.9808370628354935,AI_Core
2023-06-27 00:00:00-04:00,MSFT,324.89131887148466,329.09124232008327,322.3850782283466,327.54443359375,24354100,0.018167785281376192,1.0181677852813762,AI_Core
2023-06-28 00:00:00-04:00,MSFT,327.6326542510409,330.88294648753094,326.8004969786541,328.79766845703125,20259500,0.0038261522246951785,1.0038261522246952,AI_Core
2023-06-29 00:00:00-04:00,MSFT,327.6815474089493,329.05214338180554,325.6354380857654,328.014404296875,16997000,-0.002382207160506744,0.9976177928394933,AI_Core
2023-06-30 00:00:00-04:00,MSFT,330.6577377615813,335.53317570907825,330.1192989180002,333.38916015625,26832800,0.01638573120255571,1.0163857312025557,AI_Core
2023-07-03 00:00:00-04:00,MSFT,332.067483294419,333.7415673029559,329.5025044373006,330.8926696777344,12508700,-0.0074882173054025,0.9925117826945975,AI_Core
2023-07-05 00:00:00-04:00,MSFT,328.05354428027886,334.47579046215725,327.7011181507027,331.0492858886719,18172400,0.0004733142353683384,1.0004733142353683,AI_Core
2023-07-06 00:00:00-04:00,MSFT,330.21715360852994,335.78767385230776,328.45496307477555,334.1037902832031,28161200,0.00922673609257818,1.0092267360925782,AI_Core
2023-07-07 00:00:00-04:00,MSFT,332.1947946138884,334.6129295027738,329.9235039739729,330.1388854980469,21214800,-0.011867284659642485,0.9881327153403575,AI_Core
2023-07-10 00:00:00-04:00,MSFT,327.57388310031735,328.1906587789502,320.71107354380314,324.8620300292969,32791400,-0.015983744116629395,0.9840162558833706,AI_Core
2023-07-11 00:00:00-04:00,MSFT,324.10822129809816,325.8704119772488,320.13347775646093,325.4886169433594,26698200,0.0019287785464063845,1.0019287785464064,AI_Core
2023-07-12 00:00:00-04:00,MSFT,329.53185591792584,334.4758007177013,328.62139184518895,330.1192626953125,29995300,0.014226751753837696,1.0142267517538377,AI_Core
2023-07-13 00:00:00-04:00,MSFT,332.42968950843436,336.52190790090776,331.9010204242932,335.464599609375,20567200,0.01619213877560388,1.0161921387756039,AI_Core
2023-07-14 00:00:00-04:00,MSFT,340.29107663490123,344.0504382444472,337.07995339278386,337.99041748046875,28352700,0.007529312702547086,1.007529312702547,AI_Core
2023-07-17 00:00:00-04:00,MSFT,338.4211858141297,339.70367521642703,335.0142801736607,338.47015380859375,20363900,0.001419378489192491,1.0014193784891925,AI_Core
2023-07-18 00:00:00-04:00,MSFT,338.56805969742885,359.0781521098167,334.98494066726425,351.94122314453125,64738600,0.039799873591086055,1.039799873591086,AI_Core
2023-07-19 00:00:00-04:00,MSFT,354.15376240808007,354.84884504828324,345.03926161088305,347.6238098144531,39732900,-0.012267427189980196,0.9877325728100198,AI_Core
2023-07-20 00:00:00-04:00,MSFT,346.1455024073654,350.4531022216543,338.11767966688456,339.586181640625,33778400,-0.023121627307744697,0.9768783726922553,AI_Core
2023-07-21 00:00:00-04:00,MSFT,341.8183323536975,342.944177986763,332.69403214811535,336.5513000488281,69405400,-0.008936999665694945,0.991063000334305,AI_Core
2023-07-24 00:00:00-04:00,MSFT,338.5876711156817,339.63520987985777,335.1219974773937,337.8631896972656,26678100,0.003898037678794264,1.0038980376787943,AI_Core
2023-07-25 00:00:00-04:00,MSFT,339.8211637778006,344.5008191812914,337.82402242034016,343.60992431640625,41637700,0.01700905808735742,1.0170090580873574,AI_Core
2023-07-26 00:00:00-04:00,MSFT,334.2702555757294,337.43244099686376,326.11515681266013,330.67730712890625,58383700,-0.037637496103259394,0.9623625038967406,AI_Core
2023-07-27 00:00:00-04:00,MSFT,333.330360964953,334.16248813756204,322.1403538163887,323.7752990722656,39635300,-0.020872336588703577,0.9791276634112964,AI_Core
2023-07-28 00:00:00-04:00,MSFT,326.66339057868936,332.8702554950669,326.1738899082172,331.2646789550781,28484900,0.0231314121375914,1.0231314121375914,AI_Core
2023-07-31 00:00:00-04:00,MSFT,329.8451206536362,330.6087404482853,326.3598486498491,328.8661193847656,25446000,-0.0072406136925867726,0.9927593863074132,AI_Core
2023-08-01 00:00:00-04:00,MSFT,328.1515284723082,331.4311896055557,326.69282573876103,329.2773742675781,18311900,0.001250523719445118,1.0012505237194451,AI_Core
2023-08-02 00:00:00-04:00,MSFT,326.62417644748024,326.62417644748024,319.5068185737911,320.6228942871094,27761300,-0.026283251315761258,0.9737167486842387,AI_Core
2023-08-03 00:00:00-04:00,MSFT,319.1544231849884,322.9529530019484,319.10548507078215,319.8005676269531,18253700,-0.0025647783574054284,0.9974352216425946,AI_Core
2023-08-04 00:00:00-04:00,MSFT,324.91100665492644,328.10256094885904,320.3684255770162,320.8970947265625,23741500,0.00342878409424352,1.0034287840942435,AI_Core
2023-08-07 00:00:00-04:00,MSFT,321.4746479067205,324.15710187316535,320.64249083722723,323.1781005859375,17741500,0.007108215988426592,1.0071082159884266,AI_Core
2023-08-08 00:00:00-04:00,MSFT,320.09435573726097,321.84677697204586,316.2175177550443,319.2034606933594,22327600,-0.012298605274837393,0.9877013947251626,AI_Core
2023-08-09 00:00:00-04:00,MSFT,319.614579306117,320.24112464866727,314.3083787208824,315.463623046875,22373300,-0.011716156329761751,0.9882838436702382,AI_Core
2023-08-10 00:00:00-04:00,MSFT,319.1740366258562,321.3670201533067,314.4356732724542,316.14892578125,20113700,0.00217236690479905,1.002172366904799,AI_Core
2023-08-11 00:00:00-04:00,MSFT,313.53500552400016,315.63985260966695,312.5070361030333,314.2692565917969,24355500,-0.0059455181914921384,0.9940544818085079,AI_Core
2023-08-14 00:00:00-04:00,MSFT,314.64127845171237,317.25519549333154,313.3587591141242,317.2356262207031,18836100,0.00943894309318094,1.009438943093181,AI_Core
2023-08-15 00:00:00-04:00,MSFT,316.21745534246327,318.2635647035866,314.16154640668196,315.10137939453125,16966300,-0.006727639173435884,0.9932723608265641,AI_Core
2023-08-16 00:00:00-04:00,MSFT,314.72854423868324,318.2800574602853,313.74747018564494,314.33612060546875,20698900,-0.0024286113584552904,0.9975713886415447,AI_Core
2023-08-17 00:00:00-04:00,MSFT,314.47357871058,315.7783944149159,310.22551003328005,310.8828430175781,21257200,-0.010985939449907889,0.9890140605500921,AI_Core
2023-08-18 00:00:00-04:00,MSFT,308.5379985359399,312.3543913343559,305.653638152049,310.4903564453125,24755000,-0.0012624902952378392,0.9987375097047622,AI_Core
2023-08-21 00:00:00-04:00,MSFT,311.91289216820854,316.6612873829202,311.03975175794454,315.78814697265625,24040000,0.017062657236753376,1.0170626572367534,AI_Core
2023-08-22 00:00:00-04:00,MSFT,319.33965168167043,319.9086615433213,315.3761035356602,316.357177734375,16084600,0.0018019383158418556,1.0018019383158419,AI_Core
2023-08-23 00:00:00-04:00,MSFT,317.69144015108157,322.96962389693414,317.33823788637403,320.8112487792969,21166400,0.014079247630226499,1.0140792476302265,AI_Core
2023-08-24 00:00:00-04:00,MSFT,326.5505151261544,326.67805954758404,313.9044558013969,313.9142761230469,23281400,-0.02149853748113051,0.9785014625188695,AI_Core
2023-08-25 00:00:00-04:00,MSFT,315.3858781640861,319.20224067535247,312.76639725943465,316.8673095703125,21684100,0.009407133322308914,1.009407133322309,AI_Core
2023-08-28 00:00:00-04:00,MSFT,319.4966275172615,319.97734429438725,315.63119277463596,317.57373046875,14808500,0.0022293902750505357,1.0022293902750505,AI_Core
2023-08-29 00:00:00-04:00,MSFT,315.7881368695037,322.7537689845137,315.7881368695037,322.1945495605469,19284600,0.01455038200098091,1.014550382000981,AI_Core
2023-08-30 00:00:00-04:00,MSFT,322.44962819676334,323.5680370692741,320.2716425608164,322.5673522949219,15222100,0.001157073373474038,1.001157073373474,AI_Core
2023-08-31 00:00:00-04:00,MSFT,322.9696033369281,324.64723165247267,320.5953908586677,321.5568542480469,26411000,-0.0031326730361450617,0.9968673269638549,AI_Core
2023-09-01 00:00:00-04:00,MSFT,325.03972125664615,325.7068445895404,320.59545591190596,322.43988037109375,14942000,0.0027460964099546015,1.0027460964099546,AI_Core
2023-09-05 00:00:00-04:00,MSFT,322.77336861557694,328.512657905709,322.4398070250058,327.23724365234375,18553900,0.014878318636419197,1.0148783186364192,AI_Core
2023-09-06 00:00:00-04:00,MSFT,327.0705236753987,328.13007064456224,323.9310742393436,326.5799865722656,17535800,-0.0020085032887527943,0.9979914967112472,AI_Core
2023-09-07 00:00:00-04:00,MSFT,325.0200859411969,326.7761872339446,322.8028486285546,323.66619873046875,18381000,-0.008922126160820665,0.9910778738391793,AI_Core
2023-09-08 00:00:00-04:00,MSFT,323.84278154918144,329.7979091740935,323.2247000080773,327.94366455078125,19530100,0.013215670456446116,1.0132156704564461,AI_Core
2023-09-11 00:00:00-04:00,MSFT,330.8574865040351,332.0151769294796,329.0817444207828,331.54425048828125,16583300,0.010979281891089654,1.0109792818910897,AI_Core
2023-09-12 00:00:00-04:00,MSFT,329.46427337152124,330.41591633614036,325.2064158624011,325.49090576171875,17565500,-0.018258029562109535,0.9817419704378905,AI_Core
2023-09-13 00:00:00-04:00,MSFT,325.0396659724569,330.4748250083912,324.90233116375424,329.69976806640625,16544400,0.012930813826696141,1.0129308138266961,AI_Core
2023-09-14 00:00:00-04:00,MSFT,332.73132139955476,334.4089499611632,330.2001630423912,332.28985595703125,20267000,0.007855898430912278,1.0078558984309123,AI_Core
2023-09-15 00:00:00-04:00,MSFT,330.54351516502703,331.0144115945299,323.4110869464427,323.9703063964844,37679800,-0.02503702539033481,0.9749629746096652,AI_Core
2023-09-18 00:00:00-04:00,MSFT,321.59608191122635,324.14688059021836,320.1833327948617,322.8322448730469,16834200,-0.0035128575087517433,0.9964871424912483,AI_Core
2023-09-19 00:00:00-04:00,MSFT,319.9969481018416,323.15600785929996,318.36836152476627,322.42999267578125,16505900,-0.0012460099746969266,0.9987539900253031,AI_Core
2023-09-20 00:00:00-04:00,MSFT,323.27370381191565,323.35217655843377,314.4440377985017,314.6990966796875,21436500,-0.023976975379792043,0.976023024620208,AI_Core
2023-09-21 00:00:00-04:00,MSFT,313.21772575271143,319.1924634099481,309.0383405191742,313.48260498046875,35560400,-0.003865570991635092,0.9961344290083649,AI_Core
2023-09-22 00:00:00-04:00,MSFT,315.23874198409163,315.36628640951005,310.16657563325697,311.01031494140625,21447900,-0.007886530224592625,0.9921134697754074,AI_Core
2023-09-25 00:00:00-04:00,MSFT,310.5983019329907,311.65787891913794,309.0383974245064,311.53033447265625,17836000,0.0016720330685751073,1.001672033068575,AI_Core
2023-09-26 00:00:00-04:00,MSFT,309.1658848784398,309.9016904509528,304.15258067558153,306.23248291015625,26297600,-0.01700589309053302,0.982994106909467,AI_Core
2023-09-27 00:00:00-04:00,MSFT,306.3894620209308,308.35161042949267,303.82887271896175,306.8702087402344,19410100,0.002082489172989588,1.0020824891729896,AI_Core
2023-09-28 00:00:00-04:00,MSFT,305.1042917103064,309.5093357448646,303.59345882167213,307.70416259765625,19683600,0.0027176110083981797,1.0027176110083982,AI_Core
2023-09-29 00:00:00-04:00,MSFT,311.7362875557097,313.4237361635249,309.01872314440465,309.7741394042969,24147300,0.006727165434376126,1.0067271654343761,AI_Core
2023-10-02 00:00:00-04:00,MSFT,310.29410713051254,315.79794825806266,309.21491966040423,315.7096252441406,20570000,0.019160688659349834,1.0191606886593498,AI_Core
2023-10-03 00:00:00-04:00,MSFT,314.75799567015525,315.3074247202829,305.320067458415,307.4588317871094,21033500,-0.02613412071504262,0.9738658792849574,AI_Core
2023-10-04 00:00:00-04:00,MSFT,308.0866824841923,313.98294710090596,308.05725146031534,312.9233703613281,20720100,0.017773236639377243,1.0177732366393772,AI_Core
2023-10-05 00:00:00-04:00,MSFT,313.05091668193415,313.92408696226687,308.94021399543317,313.3157958984375,16965600,0.0012540627331740772,1.001254062733174,AI_Core
2023-10-06 00:00:00-04:00,MSFT,310.55901920701876,322.9598111936179,310.3137506624104,321.06634521484375,25673600,0.024737180243918022,1.024737180243918,AI_Core
2023-10-09 00:00:00-04:00,MSFT,318.60385781984473,324.0488078481523,317.063564085275,323.5779113769531,19891200,0.007822576858464325,1.0078225768584643,AI_Core
2023-10-10 00:00:00-04:00,MSFT,324.6963258646944,324.83369063109717,321.46861313435045,322.17498779296875,20557100,-0.004335659310038764,0.9956643406899612,AI_Core
2023-10-11 00:00:00-04:00,MSFT,324.9415409038971,326.5210857572993,322.91074029238723,326.128662109375,20063200,0.012271822662244913,1.012271822662245,AI_Core
2023-10-12 00:00:00-04:00,MSFT,324.31365647453015,327.3157406777027,322.49866349078104,324.8924865722656,19313100,-0.003790453525654214,0.9962095464743458,AI_Core
2023-10-13 00:00:00-04:00,MSFT,326.08945496838265,327.5119946274533,320.1833689854534,321.5274658203125,21072400,-0.01035733632210245,0.9896426636778975,AI_Core
2023-10-16 00:00:00-04:00,MSFT,324.78460909741796,329.77830323276595,324.34314366168616,326.34454345703125,22158000,0.014981854269988881,1.0149818542699889,AI_Core
2023-10-17 00:00:00-04:00,MSFT,323.3521975217721,327.148949363288,321.21346324546664,325.77545166015625,18338500,-0.0017438373286297049,0.9982561626713703,AI_Core
2023-10-18 00:00:00-04:00,MSFT,326.197296197931,329.23863169332765,322.086593597573,323.8623352050781,23153600,-0.005872500353629628,0.9941274996463704,AI_Core
2023-10-19 00:00:00-04:00,MSFT,325.86377789501114,330.5042694735543,324.6472555112947,325.04949951171875,25052100,0.0036656448669427633,1.0036656448669428,AI_Core
2023-10-20 00:00:00-04:00,MSFT,325.441961975503,325.638188807879,319.2906370066579,320.487548828125,25027700,-0.014034633772537997,0.985965366227462,AI_Core
2023-10-23 00:00:00-04:00,MSFT,319.31019990102027,326.4328077015871,318.25065300887303,323.08734130859375,24374700,0.008111992150631187,1.0081119921506312,AI_Core
2023-10-24 00:00:00-04:00,MSFT,325.02983032476106,325.55961871050516,321.39987419726737,324.2744140625,31153600,0.0036741543295948365,1.0036741543295948,AI_Core
2023-10-25 00:00:00-04:00,MSFT,338.4901826566504,339.64787287454516,331.2302401447983,334.2225341796875,55053800,0.030678091412016606,1.0306780914120166,AI_Core
2023-10-26 00:00:00-04:00,MSFT,334.09496805111814,335.1643351813987,320.7523548760507,321.68438720703125,37828500,-0.037514367495985135,0.9624856325040149,AI_Core
2023-10-27 00:00:00-04:00,MSFT,324.176284790296,330.3472488268226,322.1847057055033,323.5680236816406,29856500,0.0058555421074790726,1.005855542107479,AI_Core
2023-10-30 00:00:00-04:00,MSFT,327.09993377177346,333.02562998161824,325.54981985866505,330.9261169433594,22828100,0.02274048337037904,1.022740483370379,AI_Core
2023-10-31 00:00:00-04:00,MSFT,332.4369832511366,332.5841383863149,328.355711175483,331.7109680175781,20265300,0.0023716806683864444,1.0023716806683864,AI_Core
2023-11-01 00:00:00-04:00,MSFT,333.35918048886424,340.8447807446002,333.2218157421507,339.52032470703125,28158800,0.023542654426305543,1.0235426544263055,AI_Core
2023-11-02 00:00:00-04:00,MSFT,340.6682062676254,342.22811070154637,338.2449517203371,341.727783203125,24348100,0.006501697646521087,1.006501697646521,AI_Core
2023-11-03 00:00:00-04:00,MSFT,343.0129064819289,347.6828282900891,340.75641832403534,346.1228942871094,23637700,0.012861439133767805,1.0128614391337678,AI_Core
2023-11-06 00:00:00-05:00,MSFT,346.76065357014403,350.7732430573265,346.66254017187435,349.7823486328125,23828300,0.010572702372780851,1.0105727023727809,AI_Core
2023-11-07 00:00:00-05:00,MSFT,352.5980768718827,355.6001616596292,350.86158624054224,353.7066955566406,25833900,0.011219396688160854,1.0112193966881609,AI_Core
2023-11-08 00:00:00-05:00,MSFT,354.83491988562287,356.9834748418886,353.72630121668095,356.326171875,26767800,0.007405786634140599,1.0074057866341406,AI_Core
2023-11-09 00:00:00-05:00,MSFT,355.4431318616368,357.88602671202375,353.53984572631765,353.8636169433594,24847300,-0.006910957224058434,0.9930890427759416,AI_Core
2023-11-10 00:00:00-05:00,MSFT,354.6484666487655,363.0955302142946,354.23643229337705,362.6736755371094,28042100,0.024896762967186126,1.0248967629671861,AI_Core
2023-11-13 00:00:00-05:00,MSFT,361.2511581241037,361.49642668428953,358.97505869997684,359.74029541015625,19986500,-0.008088208008504849,0.9919117919914952,AI_Core
2023-11-14 00:00:00-05:00,MSFT,363.98831378189556,364.9105258370756,360.3975789598127,363.2622985839844,27683900,0.009790404963704535,1.0097904049637045,AI_Core
2023-11-15 00:00:00-05:00,MSFT,364.99254154145893,366.81121863639925,360.89314538692616,363.4098205566406,26860100,0.00040610317456923894,1.0004061031745692,AI_Core
2023-11-16 00:00:00-05:00,MSFT,364.6779209606421,369.97665770103697,363.91113117269197,369.7997131347656,27182300,0.01758315878293404,1.017583158782934,AI_Core
2023-11-17 00:00:00-05:00,MSFT,367.28306715379995,368.0302064935661,360.78501895126305,363.5867614746094,40157000,-0.016800855813244198,0.9831991441867558,AI_Core
2023-11-20 00:00:00-05:00,MSFT,364.9335496074717,372.45399413615905,364.7172740131472,371.0482177734375,52465100,0.020521804117857645,1.0205218041178576,AI_Core
2023-11-21 00:00:00-05:00,MSFT,369.30823463589167,369.8489086679745,364.8352685492538,366.75225830078125,28423100,-0.011577900841122979,0.988422099158877,AI_Core
2023-11-22 00:00:00-05:00,MSFT,371.598747765699,373.3584433577172,368.6200605907828,371.4512939453125,23345300,0.01281256089956373,1.0128125608995637,AI_Core
2023-11-24 00:00:00-05:00,MSFT,370.9400480571713,371.56922430315524,368.7871624674301,371.0383605957031,10176600,-0.0011116756256882576,0.9988883243743117,AI_Core
2023-11-27 00:00:00-05:00,MSFT,370.3993982063347,374.19404643508545,369.82923344697656,372.1983947753906,22179200,0.0031264534961428225,1.0031264534961428,AI_Core
2023-11-28 00:00:00-05:00,MSFT,371.9427759977799,376.51402381152496,371.7559911838167,376.2191162109375,20453100,0.010802629704981026,1.010802629704981,AI_Core
2023-11-29 00:00:00-05:00,MSFT,377.2611808001932,377.792014506202,371.0482003824139,372.434326171875,28963400,-0.010060068390943866,0.9899399316090561,AI_Core
2023-11-30 00:00:00-05:00,MSFT,372.0803854957098,373.653296016865,369.1115390125993,372.4932861328125,30554400,0.0001583096852095789,1.0001583096852096,AI_Core
2023-12-01 00:00:00-05:00,MSFT,370.37977461547416,371.75606034220374,365.0220555355019,368.1678771972656,33040500,-0.011612045361818035,0.988387954638182,AI_Core
2023-12-04 00:00:00-05:00,MSFT,362.84940189862635,363.26227251698964,356.7543851446723,362.88873291015625,32063300,-0.014338959518406802,0.9856610404815932,AI_Core
2023-12-05 00:00:00-05:00,MSFT,360.2443330697854,366.76203156592914,359.4283719754838,366.2115173339844,23065000,0.009156482752113337,1.0091564827521133,AI_Core
2023-12-06 00:00:00-05:00,MSFT,367.214285660699,367.84343196383037,361.79758529719794,362.5545349121094,21182100,-0.009985984188858321,0.9900140158111417,AI_Core
2023-12-07 00:00:00-05:00,MSFT,361.99418225567007,365.15965403682253,360.11652374565716,364.6681213378906,23118900,0.00582970621590384,1.0058297062159038,AI_Core
2023-12-08 00:00:00-05:00,MSFT,362.9477302195792,368.11863343182006,361.99415565369594,367.8925476074219,20154400,0.008842084297638886,1.0088420842976389,AI_Core
2023-12-11 00:00:00-05:00,MSFT,362.2399548445349,365.30711413857625,359.90025435719485,365.0121765136719,27708800,-0.007829381466089469,0.9921706185339105,AI_Core
2023-12-12 00:00:00-05:00,MSFT,364.5697588483691,368.0793090380866,364.186348995361,368.03997802734375,24838300,0.008295069886684825,1.0082950698866848,AI_Core
2023-12-13 00:00:00-05:00,MSFT,369.65226441534134,371.2448556652715,364.49117073712733,368.03021240234375,30955500,-2.6534141895018237e-05,0.999973465858105,AI_Core
2023-12-14 00:00:00-05:00,MSFT,366.98815141610726,367.430542857679,357.9636180145618,359.7331237792969,43277500,-0.0225445855895553,0.9774554144104447,AI_Core
2023-12-15 00:00:00-05:00,MSFT,360.6375749421143,366.09357631955413,360.07722042205063,364.4518737792969,78502300,0.013117363089685918,1.013117363089686,AI_Core
2023-12-18 00:00:00-05:00,MSFT,363.1935335888459,366.6834038503824,362.43655401042764,366.3393249511719,21802900,0.005178876300737656,1.0051788763007377,AI_Core
2023-12-19 00:00:00-05:00,MSFT,365.19895042864266,366.9389953613281,363.5768985428581,366.9389953613281,20603700,0.0016369261209840946,1.001636926120984,AI_Core
2023-12-20 00:00:00-05:00,MSFT,368.64948928220537,369.6620453460696,364.2551861699306,364.3436584472656,26316700,-0.007072938409031337,0.9929270615909687,AI_Core
2023-12-21 00:00:00-05:00,MSFT,366.25084900799567,368.0695260278655,363.77353495979867,367.2142639160156,17708000,0.007878840216359873,1.0078788402163599,AI_Core
2023-12-22 00:00:00-05:00,MSFT,367.3518499751321,368.8264479888416,366.39827539290235,368.2366027832031,17107500,0.002784039095554691,1.0027840390955547,AI_Core
2023-12-26 00:00:00-05:00,MSFT,368.6495462723812,370.5566956584925,367.1749480872917,368.3153076171875,12673100,0.0002137344125747731,1.0002137344125748,AI_Core
2023-12-27 00:00:00-05:00,MSFT,367.36169037934906,368.70848509896524,366.49658807749455,367.7352600097656,14905400,-0.0015748669561808093,0.9984251330438192,AI_Core
2023-12-28 00:00:00-05:00,MSFT,369.01327697882084,370.0848147302982,367.82377617224904,368.9248046875,14327000,0.0032347854750256477,1.0032347854750256,AI_Core
2023-12-29 00:00:00-05:00,MSFT,369.6325745030526,370.77293391810167,367.15526060187455,369.6719055175781,18730800,0.002025076168871154,1.0020250761688712,AI_Core
2024-01-02 00:00:00-05:00,MSFT,367.528833625427,369.5342955375811,360.55890320609336,364.5894775390625,25258600,-0.01374848318916666,0.9862515168108333,AI_Core
2024-01-03 00:00:00-05:00,MSFT,362.7609956778596,366.9390238907261,362.2694629469342,364.3240661621094,23083500,-0.0007279732227727376,0.9992720267772273,AI_Core
2024-01-04 00:00:00-05:00,MSFT,364.3928859416935,366.7817278006742,360.95215684412767,361.7091064453125,20901500,-0.007177565139584563,0.9928224348604154,AI_Core
2024-01-05 00:00:00-05:00,MSFT,362.72161874370073,365.75928703620065,360.29344616027043,361.52227783203125,21004600,-0.0005165162003171186,0.9994834837996829,AI_Core
2024-01-08 00:00:00-05:00,MSFT,363.0460204620728,368.84613000704053,362.7609531121448,368.3447570800781,23134000,0.018871532036586425,1.0188715320365864,AI_Core
2024-01-09 00:00:00-05:00,MSFT,365.71016152546855,369.62274253642516,364.9040407138779,369.4261474609375,20830000,0.0029358104332248836,1.0029358104332249,AI_Core
2024-01-10 00:00:00-05:00,MSFT,369.99629076586194,377.66421828465786,369.94714950002793,376.28790283203125,25514200,0.018574092327396263,1.0185740923273963,AI_Core
2024-01-11 00:00:00-05:00,MSFT,379.4632498955057,384.063988833949,373.9384270676175,378.116455078125,27850800,0.004859449991168052,1.004859449991168,AI_Core
2024-01-12 00:00:00-05:00,MSFT,378.9618424711607,382.0978232574525,378.13607119839037,381.8913879394531,21661200,0.009983519126529838,1.0099835191265298,AI_Core
2024-01-16 00:00:00-05:00,MSFT,386.9935252639614,387.3572546583597,381.0558019045163,383.6609191894531,27202300,0.004633598205887157,1.0046335982058872,AI_Core
2024-01-17 00:00:00-05:00,MSFT,381.4096929597069,383.5035968868469,378.2933627006387,382.87445068359375,22234100,-0.002049905180649958,0.99795009481935,AI_Core
2024-01-18 00:00:00-05:00,MSFT,385.0863666336801,387.317914215752,383.51345604684644,387.199951171875,23392100,0.011297438313155661,1.0112974383131557,AI_Core
2024-01-19 00:00:00-05:00,MSFT,389.05797722162475,391.918701171875,386.83623978929575,391.918701171875,29331100,0.012186855875674807,1.0121868558756748,AI_Core
2024-01-22 00:00:00-05:00,MSFT,393.2457965997971,393.83564181909105,386.9246935015416,389.7952575683594,27016900,-0.005418071648957579,0.9945819283510424,AI_Core
2024-01-23 00:00:00-05:00,MSFT,389.04812543344485,392.61665757487873,387.2589392356876,392.144775390625,20525900,0.006027569029245061,1.006027569029245,AI_Core
2024-01-24 00:00:00-05:00,MSFT,394.7400819620146,398.7608157750505,393.66854429552797,395.7427978515625,24867000,0.009175240081557678,1.0091752400815577,AI_Core
2024-01-25 00:00:00-05:00,MSFT,397.4729979213706,400.11744616888006,395.71330250742477,398.013671875,21021200,0.005738257362523758,1.0057382573625238,AI_Core
2024-01-26 00:00:00-05:00,MSFT,397.52215078520555,399.291686504724,395.6150015101639,397.089599609375,17803300,-0.002321709858035259,0.9976782901419647,AI_Core
2024-01-29 00:00:00-05:00,MSFT,399.18350198201716,403.037131241998,397.4827881758261,402.7815246582031,24510200,0.0143341076029877,1.0143341076029877,AI_Core
2024-01-30 00:00:00-05:00,MSFT,405.27854800251134,406.05514806143475,399.56694047651416,401.6706848144531,33477600,-0.002757921542435815,0.9972420784575642,AI_Core
2024-01-31 00:00:00-05:00,MSFT,400.06829591373173,408.28673844568766,390.48340804499526,390.8471374511719,47871100,-0.026946321383351735,0.9730536786166483,AI_Core
2024-02-01 00:00:00-05:00,MSFT,395.02514917701313,401.0906757831929,394.9956584155895,396.942138671875,30657700,0.015594335065238996,1.015594335065239,AI_Core
2024-02-02 00:00:00-05:00,MSFT,396.97167613203646,405.66197152955027,396.72590975766974,404.2561950683594,28256700,0.018426001383870183,1.0184260013838702,AI_Core
2024-02-05 00:00:00-05:00,MSFT,402.95845347789543,404.1971253346496,397.1485340556138,398.7804260253906,25352300,-0.013545294072841108,0.9864547059271589,AI_Core
2024-02-06 00:00:00-05:00,MSFT,399.0066093885159,401.0612125775962,396.08690380386986,398.6231994628906,18382600,-0.00039426850527013446,0.9996057314947299,AI_Core
2024-02-07 00:00:00-05:00,MSFT,400.54022031643507,407.2840354244705,400.50088929517665,407.03826904296875,22340500,0.021110335754207732,1.0211103357542077,AI_Core
2024-02-08 00:00:00-05:00,MSFT,407.0382169623767,408.52265531696276,405.5439683543155,407.0971984863281,21225300,0.00014477617423525047,1.0001447761742353,AI_Core
2024-02-09 00:00:00-05:00,MSFT,408.217866487787,413.69354741786265,408.06057243943894,413.4281005859375,22032800,0.015551328093509342,1.0155513280935093,AI_Core
2024-02-12 00:00:00-05:00,MSFT,413.43798737008973,413.61493194410616,407.7263797250581,408.2277526855469,21202900,-0.0125786028889191,0.9874213971110809,AI_Core
2024-02-13 00:00:00-05:00,MSFT,398.0825128718903,403.12564326770877,396.55877347389134,399.43914794921875,27824900,-0.02152868019999088,0.9784713198000091,AI_Core
2024-02-14 00:00:00-05:00,MSFT,401.9013482236895,403.6445808998677,398.454256564083,403.29986572265625,20401200,0.00966534650711881,1.0096653465071188,AI_Core
2024-02-15 00:00:00-05:00,MSFT,401.97028650604454,402.94531135993617,398.17847977076707,400.4141540527344,21825500,-0.007155250758021148,0.9928447492419789,AI_Core
2024-02-16 00:00:00-05:00,MSFT,401.7929427744023,402.11797106264504,397.34128152047964,397.951904296875,22296500,-0.0061492575398198746,0.9938507424601801,AI_Core
2024-02-20 00:00:00-05:00,MSFT,397.1443207958614,398.37542488528044,391.99340052173363,396.7011413574219,24307900,-0.0031430002619614594,0.9968569997380385,AI_Core
2024-02-21 00:00:00-05:00,MSFT,394.12077725006736,396.20872511051635,391.2153593903598,396.1003723144531,18518900,-0.001514412186748526,0.9984855878132515,AI_Core
2024-02-22 00:00:00-05:00,MSFT,403.98929433440406,406.5893706886108,402.393788153555,405.4272155761719,27009900,0.02354666623315982,1.0235466662331598,AI_Core
2024-02-23 00:00:00-05:00,MSFT,409.38646893086735,409.5735691126935,402.7877385663373,404.13702392578125,16295900,-0.0031823015348317885,0.9968176984651682,AI_Core
2024-02-26 00:00:00-05:00,MSFT,405.24002824518055,405.9294584994955,401.2020011618706,401.3793029785156,16193500,-0.006823727557740633,0.9931762724422594,AI_Core
2024-02-27 00:00:00-05:00,MSFT,401.82249094576025,402.1475192363306,397.74509008849367,401.3202209472656,14835800,-0.0001471975032383277,0.9998528024967617,AI_Core
2024-02-28 00:00:00-05:00,MSFT,402.00970910221264,403.112773728935,399.1929569344221,401.5566711425781,13183100,0.0005891808659788111,1.0005891808659788,AI_Core
2024-02-29 00:00:00-05:00,MSFT,402.4627294555139,407.93867824413843,399.7838456551883,407.38714599609375,31947300,0.014519681211933921,1.014519681211934,AI_Core
2024-03-01 00:00:00-05:00,MSFT,405.0529573414313,409.58342668223145,404.66886847100426,409.2190246582031,17823400,0.004496653073405854,1.0044966530734059,AI_Core
2024-03-04 00:00:00-05:00,MSFT,407.19018891902937,411.04108655942895,406.0871243373175,408.6478271484375,17596000,-0.0013958234474624742,0.9986041765525375,AI_Core
2024-03-05 00:00:00-05:00,MSFT,407.70225951365865,407.98788407033936,394.5836375385052,396.563232421875,26919200,-0.02957214971847355,0.9704278502815264,AI_Core
2024-03-06 00:00:00-05:00,MSFT,396.87842085481464,399.03531766594347,392.36766860816914,396.01171875,22344100,-0.001390733247020437,0.9986092667529796,AI_Core
2024-03-07 00:00:00-05:00,MSFT,399.98080286179095,403.5854793634372,396.159450830879,402.9551696777344,18718500,0.017533448125351514,1.0175334481253515,AI_Core
2024-03-08 00:00:00-05:00,MSFT,401.793002594602,404.21583727335775,398.2178712291556,400.0793151855469,18002200,-0.007136909285684223,0.9928630907143158,AI_Core
2024-03-11 00:00:00-04:00,MSFT,397.65650787745375,399.5474670630361,395.19429952187465,398.4049987792969,16120800,-0.004184961188192116,0.9958150388118079,AI_Core
2024-03-12 00:00:00-04:00,MSFT,401.4581099515854,409.28794389731524,400.64067006988586,409.0023193359375,22457000,0.026599366446481643,1.0265993664464816,AI_Core
2024-03-13 00:00:00-04:00,MSFT,411.7796924719957,411.8584699071754,405.2302248765396,408.8250427246094,17115900,-0.00043343668959128223,0.9995665633104087,AI_Core
2024-03-14 00:00:00-04:00,MSFT,413.8873540190868,421.3527863664109,411.6713665638625,418.7920837402344,34157300,0.024379722311529184,1.0243797223115292,AI_Core
2024-03-15 00:00:00-04:00,MSFT,412.95173236718284,416.2116937258995,406.54999083820695,410.1251220703125,45079900,-0.020695142067914007,0.979304857932086,AI_Core
2024-03-18 00:00:00-04:00,MSFT,407.9879061886506,414.3699607798189,407.52500983634934,411.0115051269531,20106000,0.0021612503329866417,1.0021612503329866,AI_Core
2024-03-19 00:00:00-04:00,MSFT,411.5138040831413,415.2957826626085,409.26827120822617,415.0397033691406,19837900,0.009800694608155247,1.0098006946081552,AI_Core
2024-03-20 00:00:00-04:00,MSFT,415.62075700500156,419.5208864985866,414.3010169757645,418.80194091796875,17860100,0.00906476541470047,1.0090647654147005,AI_Core
2024-03-21 00:00:00-04:00,MSFT,423.3323713938263,424.3074262893576,420.7027498405441,422.87933349609375,21296200,0.009735849287584086,1.009735849287584,AI_Core
2024-03-22 00:00:00-04:00,MSFT,423.2043902779049,423.36194516542855,419.62925888508494,422.2588806152344,17648500,-0.0014672102221924277,0.9985327897778076,AI_Core
2024-03-25 00:00:00-04:00,MSFT,418.81180070101897,420.94901086959675,415.23666920718586,416.4677734375,18060500,-0.01371458942271786,0.9862854105772821,AI_Core
2024-03-26 00:00:00-04:00,MSFT,419.17616089060704,419.55042134825453,414.98057853086766,415.2760314941406,16725600,-0.002861546605449905,0.9971384533945501,AI_Core
2024-03-27 00:00:00-04:00,MSFT,418.02386500319915,418.0337234540762,412.67595596490696,415.0593566894531,16705000,-0.0005217609210623753,0.9994782390789376,AI_Core
2024-03-28 00:00:00-04:00,MSFT,414.5964697982947,415.4927172172239,412.78428811448583,414.360107421875,21871200,-0.0016846970350347101,0.9983153029649653,AI_Core
2024-04-01 00:00:00-04:00,MSFT,417.5412631842415,421.4217055688743,415.83740435240986,418.1518859863281,16316000,0.009150925720251779,1.0091509257202518,AI_Core
2024-04-02 00:00:00-04:00,MSFT,413.7593022671653,415.9950065592136,411.5236280313696,415.0692138671875,17912000,-0.007372134916644679,0.9926278650833553,AI_Core
2024-04-03 00:00:00-04:00,MSFT,413.3850296337972,416.8616660710103,412.7546899690478,414.0941467285156,16502300,-0.002349167575179112,0.9976508324248209,AI_Core
2024-04-04 00:00:00-04:00,MSFT,418.5655553413228,422.1899488258563,411.2577378896696,411.56304931640625,19370900,-0.006112371865446331,0.9938876281345537,AI_Core
2024-04-05 00:00:00-04:00,MSFT,413.6608379545396,420.06257930400153,411.9963827991793,419.0875244140625,16554800,0.018282678948351005,1.018282678948351,AI_Core
2024-04-08 00:00:00-04:00,MSFT,418.7428189329514,420.8209081351917,416.9010620332454,418.17156982421875,14272400,-0.0021855925945883925,0.9978144074054116,AI_Core
2024-04-09 00:00:00-04:00,MSFT,419.9936445079337,421.27398079875763,415.24649970194963,419.8360595703125,12496900,0.003980399114156485,1.0039803991141565,AI_Core
2024-04-10 00:00:00-04:00,MSFT,415.8078620441207,417.62004361877445,413.3555123677214,416.8616943359375,16216600,-0.007084587344448612,0.9929154126555514,AI_Core
2024-04-11 00:00:00-04:00,MSFT,419.3830008173104,422.8793243997448,415.9752830660833,421.4610900878906,17966400,0.011033385447612343,1.0110333854476123,AI_Core
2024-04-12 00:00:00-04:00,MSFT,417.6397403424306,418.7526632511182,413.42444113170603,415.5222473144531,19253800,-0.014091081983864773,0.9859089180161352,AI_Core
2024-04-15 00:00:00-04:00,MSFT,420.15122525352587,420.36790078356154,407.18029886088704,407.38714599609375,20273500,-0.019578016269735432,0.9804219837302646,AI_Core
2024-04-16 00:00:00-04:00,MSFT,408.3030988508173,412.0751888679084,407.4758004410801,408.31292724609375,16765600,0.0022724851755850928,1.002272485175585,AI_Core
2024-04-17 00:00:00-04:00,MSFT,410.9425718180864,412.5479364642673,404.127165910336,405.6143493652344,15855500,-0.0066090924405950435,0.993390907559405,AI_Core
2024-04-18 00:00:00-04:00,MSFT,404.42265672373026,405.6636193685748,397.843643128254,398.1587829589844,21029900,-0.018380923697392748,0.9816190763026073,AI_Core
2024-04-19 00:00:00-04:00,MSFT,397.9224202787546,399.35051316442866,391.7570408652649,393.0866394042969,30565800,-0.012738997032774257,0.9872610029672257,AI_Core
2024-04-22 00:00:00-04:00,MSFT,394.0321320394096,396.76027825597146,389.7676002006902,394.8988342285156,20286900,0.004610166417675865,1.0046101664176759,AI_Core
2024-04-23 00:00:00-04:00,MSFT,398.1291964487654,402.0293557699127,396.96704142409345,401.40887451171875,15734500,0.01648533679751507,1.016485336797515,AI_Core
2024-04-24 00:00:00-04:00,MSFT,403.36884551178287,406.2348598310944,400.63087084430157,402.87640380859375,15065300,0.003655946318227521,1.0036559463182275,AI_Core
2024-04-25 00:00:00-04:00,MSFT,388.0735680343126,393.8449998393028,382.16426819567243,393.0078430175781,40586500,-0.024495256355852923,0.9755047436441471,AI_Core
2024-04-26 00:00:00-04:00,MSFT,405.93939976601416,406.7568397543272,399.6262936342629,400.1778259277344,29694700,0.018243867234567057,1.018243867234567,AI_Core
2024-04-29 00:00:00-04:00,MSFT,399.12396145400385,400.17779380940664,393.1555709987601,396.1693115234375,19582100,-0.010016832879242932,0.9899831671207571,AI_Core
2024-04-30 00:00:00-04:00,MSFT,395.4207954000411,396.0806804506466,383.2870557136592,383.4446105957031,28781400,-0.032119350382801115,0.9678806496171989,AI_Core
2024-05-01 00:00:00-04:00,MSFT,386.6750231640028,395.6473257764034,384.4098035661703,388.9698181152344,23562500,0.01440940194973006,1.01440940194973,AI_Core
2024-05-02 00:00:00-04:00,MSFT,391.6486864760746,393.88436068854867,388.68417820234623,391.8259582519531,17709400,0.00734283228081356,1.0073428322808136,AI_Core
2024-05-03 00:00:00-04:00,MSFT,396.1988709336313,400.9952480161036,395.7852067038653,400.5126647949219,17446700,0.022169808712323658,1.0221698087123237,AI_Core
2024-05-06 00:00:00-04:00,MSFT,402.5808944329267,407.67272409935384,400.2270089943109,407.28863525390625,16996600,0.016918242678927387,1.0169182426789274,AI_Core
2024-05-07 00:00:00-04:00,MSFT,408.39168563049185,408.40154408083737,402.9058788007464,403.152099609375,20018200,-0.0101562756396395,0.9898437243603605,AI_Core
2024-05-08 00:00:00-04:00,MSFT,401.99981584395204,405.9984394987751,400.5618646353196,404.333984375,11792300,0.0029316100964627,1.0029316100964627,AI_Core
2024-05-09 00:00:00-04:00,MSFT,404.3635817483474,406.48107503136987,402.91580195884967,406.0871276855469,14689700,0.004335879194663272,1.0043358791946633,AI_Core
2024-05-10 00:00:00-04:00,MSFT,406.69771158758806,409.1008292398404,405.5749302005713,408.4704895019531,13402300,0.005869089793586912,1.005869089793587,AI_Core
2024-05-13 00:00:00-04:00,MSFT,411.6910695528216,412.02592626132173,404.6097563640546,407.4659118652344,15440200,-0.0024593640484129597,0.997540635951587,AI_Core
2024-05-14 00:00:00-04:00,MSFT,405.79162172220066,411.1789347782618,405.3287253515243,410.26300048828125,15109300,0.006864595397054973,1.006864595397055,AI_Core
2024-05-15 00:00:00-04:00,MSFT,412.32514437118755,418.1563076849087,411.703543849402,417.43603515625,22239500,0.01748399114575694,1.017483991145757,AI_Core
2024-05-16 00:00:00-04:00,MSFT,416.1730628235195,419.744796345379,414.7424242787078,415.3738708496094,17530100,-0.004940072569127207,0.9950599274308728,AI_Core
2024-05-17 00:00:00-04:00,MSFT,416.90321260748334,417.27814812423264,412.45336756995647,414.6042785644531,15352200,-0.0018527700925966561,0.9981472299074033,AI_Core
2024-05-20 00:00:00-04:00,MSFT,414.6043237478942,421.0768099021397,414.3872573782501,419.6658935546875,16272100,0.01220830380178417,1.0122083038017842,AI_Core
2024-05-21 00:00:00-04:00,MSFT,421.1359581260157,427.1940633042462,419.1823911367933,423.3164978027344,21453300,0.00869883472570332,1.0086988347257033,AI_Core
2024-05-22 00:00:00-04:00,MSFT,424.35250743086516,426.6415653807663,421.43200286988593,424.7767639160156,18073700,0.00344958469811818,1.0034495846981182,AI_Core
2024-05-23 00:00:00-04:00,MSFT,427.194070817087,427.8156712738496,419.7448017896618,421.3037109375,17211700,-0.008176183994853092,0.9918238160051469,AI_Core
2024-05-24 00:00:00-04:00,MSFT,421.49118910602255,425.30955759417924,418.7482761527639,424.42156982421875,11855300,0.007400501836978268,1.0074005018369783,AI_Core
2024-05-28 00:00:00-04:00,MSFT,423.8986700778892,425.07279769134385,420.9090919797955,424.5794677734375,15718000,0.00037203092501680857,1.0003720309250168,AI_Core
2024-05-29 00:00:00-04:00,MSFT,420.011237075474,425.1912013264544,420.011237075474,423.44482421875,15517100,-0.002672393840987497,0.9973276061590125,AI_Core
2024-05-30 00:00:00-04:00,MSFT,418.639722265152,418.639722265152,408.7139275324575,409.1382141113281,28394500,-0.03378624389568907,0.9662137561043109,AI_Core
2024-05-31 00:00:00-04:00,MSFT,411.19045552886206,411.19045552886206,399.1137496856911,409.5920715332031,47995300,0.0011093009800142717,1.0011093009800143,AI_Core
2024-06-03 00:00:00-04:00,MSFT,409.9867358256656,410.8747236026411,403.4649291544174,408.0035400390625,17484700,-0.003878325789350323,0.9961216742106497,AI_Core
2024-06-04 00:00:00-04:00,MSFT,406.92804504027714,410.8845599967463,404.21473091731406,410.5195007324219,14348900,0.006166516822668999,1.006166516822669,AI_Core
2024-06-05 00:00:00-04:00,MSFT,412.23627465688065,418.42261995316136,410.74640891859264,418.35357666015625,16988000,0.019083322263028446,1.0190833222630284,AI_Core
2024-06-06 00:00:00-04:00,MSFT,418.35366597658657,419.63631177830695,414.96939969919424,418.8568420410156,14861300,0.0012029666027408847,1.0012029666027409,AI_Core
2024-06-07 00:00:00-04:00,MSFT,420.5144575469657,420.59337708963096,417.35713385188853,418.19580078125,13621700,-0.0015782033225110181,0.998421796677489,AI_Core
2024-06-10 00:00:00-04:00,MSFT,419.0344147777948,422.36929949498546,418.2352227759558,422.162109375,13982900,0.009484333860694916,1.009484333860695,AI_Core
2024-06-11 00:00:00-04:00,MSFT,419.8039964152252,427.04607528322305,419.57705383558175,426.9079284667969,14551100,0.01124169835806188,1.0112416983580619,AI_Core
2024-06-12 00:00:00-04:00,MSFT,429.51273012432705,437.4849276655188,427.47033721280536,435.1761474609375,22366200,0.019367686666853956,1.019367686666854,AI_Core
2024-06-13 00:00:00-04:00,MSFT,434.9689666213265,437.4750908737884,433.508699318619,435.689208984375,15960600,0.0011789743680368225,1.0011789743680368,AI_Core
2024-06-14 00:00:00-04:00,MSFT,432.43323683903066,437.22841891267086,430.89405002785384,436.666015625,13582000,0.0022419803393844973,1.0022419803393845,AI_Core
2024-06-17 00:00:00-04:00,MSFT,436.68571890132137,444.9243335295661,434.8406700551031,442.38861083984375,20790000,0.01310519942032351,1.0131051994203235,AI_Core
2024-06-18 00:00:00-04:00,MSFT,443.7107502283828,444.1350368072149,438.95507309068336,440.3857116699219,17112500,-0.004527465492657035,0.995472534507343,AI_Core
2024-06-20 00:00:00-04:00,MSFT,440.3462442358131,440.57318682315986,435.38334678666155,439.7542724609375,19877400,-0.001433832189037143,0.9985661678109629,AI_Core
2024-06-21 00:00:00-04:00,MSFT,441.4118383251449,444.56913141990066,440.553449170913,443.7798156738281,34187100,0.00915407413863889,1.009154074138639,AI_Core
2024-06-24 00:00:00-04:00,MSFT,443.7995580906483,446.71021649298933,440.45479708566984,441.697998046875,15913700,-0.004691104807892477,0.9953088951921075,AI_Core
2024-06-25 00:00:00-04:00,MSFT,442.27027153504196,445.3979964641079,440.7902817808812,444.93426513671875,16413400,0.007326877423384337,1.0073268774233843,AI_Core
2024-06-26 00:00:00-04:00,MSFT,443.0102338094888,447.5488747436615,442.21104180989477,446.1280822753906,16507000,0.0026831314920308103,1.0026831314920308,AI_Core
2024-06-27 00:00:00-04:00,MSFT,446.14779313508967,450.0845859651154,445.74325902922413,446.8088684082031,14806300,0.0015259880735152276,1.0015259880735152,AI_Core
2024-06-28 00:00:00-04:00,MSFT,447.02593208902044,449.305113661538,440.45477465939115,440.9875793457031,28362300,-0.013028588898064797,0.9869714111019352,AI_Core
2024-07-01 00:00:00-04:00,MSFT,442.6747341437756,451.2685314965591,439.714755113794,450.6370849609375,17662800,0.021881581403157435,1.0218815814031574,AI_Core
2024-07-02 00:00:00-04:00,MSFT,447.15419830732895,453.45893827703065,447.0653724350894,453.153076171875,13979800,0.005583187214065255,1.0055831872140653,AI_Core
2024-07-03 00:00:00-04:00,MSFT,452.07760022493966,454.86983386478704,451.77173813362833,454.6231689453125,9932800,0.003244141661481015,1.003244141661481,AI_Core
2024-07-05 00:00:00-04:00,MSFT,453.4787047518369,462.10213204110306,452.84725812540677,461.3226623535156,16000300,0.014736365996799838,1.0147363659967998,AI_Core
2024-07-08 00:00:00-04:00,MSFT,460.326095268591,461.4607780718062,458.26398000009,460.0202331542969,12962300,-0.002823249984239218,0.9971767500157608,AI_Core
2024-07-09 00:00:00-04:00,MSFT,460.77011087707854,461.09569535136285,451.89017298008986,453.4096374511719,17207200,-0.014370228148003483,0.9856297718519965,AI_Core
2024-07-10 00:00:00-04:00,MSFT,455.0672233776237,460.2373109717691,452.73869064735504,460.0301208496094,18196100,0.0146015497942531,1.014601549794253,AI_Core
2024-07-11 00:00:00-04:00,MSFT,456.8037891977259,458.5797648874454,445.5262442034591,448.6342468261719,23111200,-0.02477201710703414,0.9752279828929659,AI_Core
2024-07-12 00:00:00-04:00,MSFT,448.26913567933263,450.2720538778231,444.6382348256943,447.4995422363281,16324300,-0.0025292420225855317,0.9974707579774145,AI_Core
2024-07-15 00:00:00-04:00,MSFT,447.2528536845848,451.1600479833261,445.40780476541227,447.904052734375,14429400,0.0009039349985149325,1.000903934998515,AI_Core
2024-07-16 00:00:00-04:00,MSFT,448.1605978328616,448.23951736513413,440.7014524487549,443.5232849121094,17175700,-0.009780594293625655,0.9902194057063743,AI_Core
2024-07-17 00:00:00-04:00,MSFT,436.68574615539535,438.9156068819966,433.3212327097638,437.60333251953125,21778000,-0.013347557149679834,0.9866524428503202,AI_Core
2024-07-18 00:00:00-04:00,MSFT,438.41237105587203,438.7182331565263,428.60497114914784,434.4953308105469,20794800,-0.007102326417602556,0.9928976735823974,AI_Core
2024-07-19 00:00:00-04:00,MSFT,427.3223538949878,435.2551069043024,426.23702212212055,431.2788391113281,20940400,-0.0074028222425737145,0.9925971777574263,AI_Core
2024-07-22 00:00:00-04:00,MSFT,435.89641421757136,438.6689256733767,433.05482935357276,437.03106689453125,15808800,0.013337607277593033,1.013337607277593,AI_Core
2024-07-23 00:00:00-04:00,MSFT,437.97824958808866,442.4083722657051,437.1889338456379,438.91558837890625,13107100,0.004312099590004115,1.0043120995900041,AI_Core
2024-07-24 00:00:00-04:00,MSFT,434.5743451525585,435.5906035987281,421.88588376058476,423.17840576171875,26805800,-0.035854690591672345,0.9641453094083277,AI_Core
2024-07-25 00:00:00-04:00,MSFT,423.0797067418699,424.066366533815,411.94033937034624,412.8184509277344,29943800,-0.024481293688264905,0.9755187063117351,AI_Core
2024-07-26 00:00:00-04:00,MSFT,412.6211098546519,423.19810333197387,411.7034934246348,419.5967712402344,23583800,0.016419615686428246,1.0164196156864282,AI_Core
2024-07-29 00:00:00-04:00,MSFT,425.8225986635412,426.38500194360023,419.0344049240428,421.0373229980469,15125800,0.0034331812267156536,1.0034331812267157,AI_Core
2024-07-30 00:00:00-04:00,MSFT,422.0141226280364,423.32636688783225,411.7923116419938,417.2781677246094,32687600,-0.008928318389139434,0.9910716816108606,AI_Core
2024-07-31 00:00:00-04:00,MSFT,414.8904164009859,416.1533396507724,406.7109988096176,412.76910400390625,42891400,-0.01080589417196387,0.9891941058280361,AI_Core
2024-08-01 00:00:00-04:00,MSFT,415.1765852410534,421.7575892383458,407.57929274476925,411.545654296875,30296400,-0.002964005045832274,0.9970359949541677,AI_Core
2024-08-02 00:00:00-04:00,MSFT,406.98728858808795,409.46381430513844,398.9460172931046,403.0406494140625,29437900,-0.020666005810080268,0.9793339941899197,AI_Core
2024-08-05 00:00:00-04:00,MSFT,383.9783949357412,395.6900415573509,380.43625987349014,389.87860107421875,40709200,-0.03265687557564889,0.9673431244243511,AI_Core
2024-08-06 00:00:00-04:00,MSFT,394.66389500260414,400.25826896287094,393.18390539634436,394.2790832519531,24946500,0.011286800982690304,1.0112868009826903,AI_Core
2024-08-07 00:00:00-04:00,MSFT,403.18868669056855,404.60944914169323,392.16768315982324,393.1148681640625,20650900,-0.0029527690850054134,0.9970472309149946,AI_Core
2024-08-08 00:00:00-04:00,MSFT,397.07135874007713,400.4457182788044,394.6047093244423,397.3180236816406,20203000,0.01069192711333411,1.010691927113334,AI_Core
2024-08-09 00:00:00-04:00,MSFT,398.6401637815713,402.60652539742165,396.8937867490897,400.6036071777344,19276700,0.008269404608552078,1.008269404608552,AI_Core
2024-08-12 00:00:00-04:00,MSFT,401.6297215819056,403.30705522680034,398.84733381774834,401.383056640625,16762900,0.0019456875797545514,1.0019456875797546,AI_Core
2024-08-13 00:00:00-04:00,MSFT,404.1259805010332,409.41449264240543,404.10625814496586,408.4870300292969,19414300,0.017698737580326807,1.0176987375803268,AI_Core
2024-08-14 00:00:00-04:00,MSFT,409.26646397851016,412.14752377963794,406.9478375879701,411.2989807128906,18267000,0.006883818767494443,1.0068838187674944,AI_Core
2024-08-15 00:00:00-04:00,MSFT,414.94631960204117,416.2411711538097,412.8310776655769,416.162109375,20752100,0.011823828626271515,1.0118238286262715,AI_Core
2024-08-16 00:00:00-04:00,MSFT,415.7370612802868,416.46849580465874,412.4751975268654,413.6316833496094,22775600,-0.006080385427666313,0.9939196145723337,AI_Core
2024-08-19 00:00:00-04:00,MSFT,414.11601787893187,416.87376862371895,411.64492262923585,416.65631103515625,15234000,0.0073123694516177284,1.0073123694516177,AI_Core
2024-08-20 00:00:00-04:00,MSFT,416.8244154105886,420.9362919197164,416.76511152971835,419.8885498046875,16387600,0.007757565849659143,1.0077575658496591,AI_Core
2024-08-21 00:00:00-04:00,MSFT,419.1768414959673,421.4700252660244,416.8441419181339,419.2361755371094,16067300,-0.0015536843476241513,0.9984463156523758,AI_Core
2024-08-22 00:00:00-04:00,MSFT,419.45359039351575,421.8555179747642,409.8163186254232,410.7454528808594,19361900,-0.020252838737907175,0.9797471612620928,AI_Core
2024-08-23 00:00:00-04:00,MSFT,412.15890549462074,414.412543023147,407.32542899154987,411.9710998535156,18493800,0.002983957494988365,1.0029839574949884,AI_Core
2024-08-26 00:00:00-04:00,MSFT,411.55599630876077,412.4554786638681,406.58415351672016,408.70928955078125,13152800,-0.007917570683706132,0.9920824293162939,AI_Core
2024-08-27 00:00:00-04:00,MSFT,408.0865261332207,409.5691832347041,405.5067172557128,409.0552062988281,13492900,0.0008463638015838715,1.0008463638015839,AI_Core
2024-08-28 00:00:00-04:00,MSFT,410.0831746944341,410.20178243167123,402.6006915681321,405.8526611328125,14882700,-0.007829127014401194,0.9921708729855988,AI_Core
2024-08-29 00:00:00-04:00,MSFT,410.142500929111,417.17028122626607,405.85268326493673,408.3435363769531,17045200,0.0061373879801307485,1.0061373879801307,AI_Core
2024-08-30 00:00:00-04:00,MSFT,410.79493534811195,412.66306792136305,407.36505347568107,412.317138671875,24308300,0.009731027776704426,1.0097310277767044,AI_Core
2024-09-03 00:00:00-04:00,MSFT,413.07815685238506,415.0253810540411,402.32394584007614,404.7060852050781,20313600,-0.018459221683854832,0.9815407783161452,AI_Core
2024-09-04 00:00:00-04:00,MSFT,401.2169427939581,406.4853049884444,399.6947395600007,404.17236328125,15135800,-0.0013187889763448535,0.9986812110236551,AI_Core
2024-09-05 00:00:00-04:00,MSFT,402.9071267784607,408.3237783354607,401.4343636867301,403.6682434082031,14195500,-0.0012472893221946446,0.9987527106778054,AI_Core
2024-09-06 00:00:00-04:00,MSFT,404.3305241544344,405.9021372589665,396.16601504088436,397.0556335449219,19609500,-0.01638129818548628,0.9836187018145137,AI_Core
2024-09-09 00:00:00-04:00,MSFT,402.5315288470681,403.9252302108811,397.5003824546475,401.02911376953125,15295100,0.01000736392815793,1.010007363928158,AI_Core
2024-09-10 00:00:00-04:00,MSFT,403.48047327180706,411.5164502597468,402.9862541865475,409.4111022949219,19594300,0.020901197039294495,1.0209011970392945,AI_Core
2024-09-11 00:00:00-04:00,MSFT,410.6960629554886,419.08789343392027,404.84449566929334,418.1488952636719,19266900,0.021342344943190428,1.0213423449431904,AI_Core
2024-09-12 00:00:00-04:00,MSFT,418.415740735589,422.42879711427406,414.89690341994134,422.0630798339844,17395700,0.009360743540514083,1.009360743540514,AI_Core
2024-09-13 00:00:00-04:00,MSFT,420.9065970976519,426.83722589839596,420.5408798146308,425.611572265625,15874600,0.008407493100406782,1.0084074931004068,AI_Core
2024-09-16 00:00:00-04:00,MSFT,425.62144023461013,428.51755654874484,423.26895279469,426.3528747558594,13834700,0.0017417348083095252,1.0017417348083095,AI_Core
2024-09-17 00:00:00-04:00,MSFT,435.14011791593873,436.7413828200211,427.2721288798558,430.11883544921875,18874200,0.008832966578484758,1.0088329665784848,AI_Core
2024-09-18 00:00:00-04:00,MSFT,429.9705988234429,430.9886889198146,425.43367129700556,425.82904052734375,18898000,-0.00997351096562582,0.9900264890343742,AI_Core
2024-09-19 00:00:00-04:00,MSFT,436.1285918792357,436.3954593302787,431.84863763952944,433.6179504394531,21706600,0.018291166573476625,1.0182911665734766,AI_Core
2024-09-20 00:00:00-04:00,MSFT,432.1648930552261,434.16152709216163,429.19957885288886,430.2374267578125,55167100,-0.00779608795764708,0.9922039120423529,AI_Core
2024-09-23 00:00:00-04:00,MSFT,429.25888919848313,431.41367697848,425.4138807437856,428.497802734375,15128900,-0.0040434046766850695,0.9959565953233149,AI_Core
2024-09-24 00:00:00-04:00,MSFT,427.9937433882553,428.33970279345715,421.17352579677157,424.2080383300781,17015800,-0.010011170131848046,0.989988829868152,AI_Core
2024-09-25 00:00:00-04:00,MSFT,424.8603454388432,428.1123153119531,423.61493391499886,427.1139831542969,13396400,0.0068502823182186035,1.0068502823182186,AI_Core
2024-09-26 00:00:00-04:00,MSFT,430.0595370663028,430.2671006249204,424.1684543301705,426.3232421875,14492000,-0.0018513581806831603,0.9981486418193168,AI_Core
2024-09-27 00:00:00-04:00,MSFT,426.5307918445686,426.85699330507344,422.52762966372916,423.0712585449219,14896100,-0.007627976429086858,0.9923720235709131,AI_Core
2024-09-30 00:00:00-04:00,MSFT,423.2590581868764,425.44352804368714,420.45189768334603,425.32489013671875,16807300,0.005326836901064391,1.0053268369010644,AI_Core
2024-10-01 00:00:00-04:00,MSFT,423.49637062005274,423.52602256028683,413.96781162828705,415.8260803222656,19092900,-0.022333068284340896,0.9776669317156591,AI_Core
2024-10-02 00:00:00-04:00,MSFT,417.6941594936009,417.93140514988795,411.89203266645677,412.30718994140625,16582300,-0.00846240903921236,0.9915375909607876,AI_Core
2024-10-03 00:00:00-04:00,MSFT,412.80142348929195,414.699207817815,409.50004373541833,411.7240295410156,13686400,-0.0014143832914325083,0.9985856167085675,AI_Core
2024-10-04 00:00:00-04:00,MSFT,413.4043913508732,414.8969427153237,410.17220923179,411.2496032714844,19169700,-0.0011522919127653353,0.9988477080872347,AI_Core
2024-10-07 00:00:00-04:00,MSFT,411.190264062665,412.287415913181,404.2711971193028,404.8049621582031,20919800,-0.01567087496745101,0.984329125032549,AI_Core
2024-10-08 00:00:00-04:00,MSFT,406.1492143378804,410.8541894054543,403.45079759655545,409.9151611328125,19229300,0.012623854577682447,1.0126238545776824,AI_Core
2024-10-09 00:00:00-04:00,MSFT,411.051885220099,415.51964507918063,409.50992407936405,412.6333923339844,14974300,0.006631204353749531,1.0066312043537495,AI_Core
2024-10-10 00:00:00-04:00,MSFT,410.4291412448218,412.5246250787664,408.37317321416026,411.0320739746094,13848400,-0.0038807289694066105,0.9961192710305934,AI_Core
2024-10-11 00:00:00-04:00,MSFT,411.32868016338136,412.30722431233596,408.4720793339732,411.506591796875,14144900,0.0011544544874007023,1.0011544544874007,AI_Core
2024-10-14 00:00:00-04:00,MSFT,412.9397598241915,419.1372858012014,412.6926503077809,414.2939453125,16653100,0.006773533088385797,1.0067735330883858,AI_Core
2024-10-15 00:00:00-04:00,MSFT,417.2987890411578,417.59533856944756,410.45881429415135,413.8985595703125,18900200,-0.0009543604164653496,0.9990456395835347,AI_Core
2024-10-16 00:00:00-04:00,MSFT,410.36987028679,411.5460839058675,405.7340930599272,411.3088684082031,15508900,-0.00625682574203168,0.9937431742579683,AI_Core
2024-10-17 00:00:00-04:00,MSFT,417.4767225011017,417.61511832115826,410.78500708577025,411.9019470214844,14820000,0.0014419300404986402,1.0014419300404986,AI_Core
2024-10-18 00:00:00-04:00,MSFT,412.31709084461266,414.79805000770625,411.447260474788,413.3252868652344,17145300,0.0034555307495931498,1.0034555307495931,AI_Core
2024-10-21 00:00:00-04:00,MSFT,411.3088916838687,414.1160525024568,408.96629801765454,413.9381408691406,14206100,0.001482740164663765,1.0014827401646638,AI_Core
2024-10-22 00:00:00-04:00,MSFT,413.65149823512496,425.6017126142665,413.20671913798,422.5672302246094,25482200,0.020846325823830503,1.0208463258238305,AI_Core
2024-10-23 00:00:00-04:00,MSFT,425.8784594235447,426.0959170295647,417.64478266305224,419.69085693359375,19654400,-0.006806900974045571,0.9931930990259544,AI_Core
2024-10-24 00:00:00-04:00,MSFT,420.4123746810587,421.0548835944768,417.5162582126422,419.8193359375,13581600,0.0003061277170652854,1.0003061277170653,AI_Core
2024-10-25 00:00:00-04:00,MSFT,421.8258547879259,427.5192377532194,421.63804913504384,423.19976806640625,16899100,0.008052111562125708,1.0080521115621257,AI_Core
2024-10-28 00:00:00-04:00,MSFT,426.66919481416045,426.94595627618617,421.37115090072086,421.6578063964844,14882400,-0.0036435787216214655,0.9963564212783785,AI_Core
2024-10-29 00:00:00-04:00,MSFT,423.05152881793293,428.16176733338216,420.87695281886124,426.95587158203125,17644100,0.01256484548649639,1.0125648454864964,AI_Core
2024-10-30 00:00:00-04:00,MSFT,432.3823482739382,433.43009020652653,427.1040926423887,427.52911376953125,29749100,0.001342626312587969,1.001342626312588,AI_Core
2024-10-31 00:00:00-04:00,MSFT,410.55766284750285,411.3484314804884,401.60241546152275,401.65185546875,53971000,-0.06052747629891453,0.9394725237010855,AI_Core
2024-11-01 00:00:00-04:00,MSFT,404.28107436497436,410.6960279404989,402.78852319074196,405.6253356933594,24230400,0.00989284667930157,1.0098928466793016,AI_Core
2024-11-04 00:00:00-05:00,MSFT,405.06193022116906,405.67478719502446,400.88085627166146,403.7374267578125,19672300,-0.004654317098609639,0.9953456829013904,AI_Core
2024-11-05 00:00:00-05:00,MSFT,403.64845819160416,410.1029577159873,403.36180269923256,406.7027282714844,17626000,0.007344628754100357,1.0073446287541004,AI_Core
2024-11-06 00:00:00-05:00,MSFT,407.6516405324137,415.588796997366,405.7735840748554,415.3218994140625,26681800,0.02119280384277289,1.021192803842773,AI_Core
2024-11-07 00:00:00-05:00,MSFT,416.40921822256973,421.91482589939426,415.0254108601489,420.51123046875,19901800,0.012494720509582224,1.0124947205095822,AI_Core
2024-11-08 00:00:00-05:00,MSFT,420.40251992805025,421.568869701991,416.90344044148964,417.6546630859375,16891400,-0.0067930822670971835,0.9932069177329028,AI_Core
2024-11-11 00:00:00-05:00,MSFT,417.6348987728619,419.8984307044044,411.19029254705583,413.17706298828125,24503300,-0.010720819120209168,0.9892791808797908,AI_Core
2024-11-12 00:00:00-05:00,MSFT,413.4142742125201,419.5327090402253,412.37642617579047,418.1390075683594,19401200,0.012009245005497382,1.0120092450054974,AI_Core
2024-11-13 00:00:00-05:00,MSFT,416.76503743687516,424.36609835467016,413.37467197125,420.28387451171875,21502200,0.005129554776132084,1.005129554776132,AI_Core
2024-11-14 00:00:00-05:00,MSFT,420.086213638624,423.21957584577814,415.14402288993426,421.9543762207031,30246900,0.003974698555649248,1.0039746985556492,AI_Core
2024-11-15 00:00:00-05:00,MSFT,414.9661225121513,417.91164897279026,408.85758182070697,410.20184326171875,28247600,-0.027852615404176384,0.9721473845958236,AI_Core
2024-11-18 00:00:00-05:00,MSFT,410.07330906060787,413.5624943414024,407.33534638732004,410.9530334472656,24727000,0.0018312696490434544,1.0018312696490435,AI_Core
2024-11-19 00:00:00-05:00,MSFT,408.33368112951007,413.1078544202765,406.79171998540573,412.9595947265625,18133500,0.004882702197049005,1.004882702197049,AI_Core
2024-11-20 00:00:00-05:00,MSFT,412.05020669970736,412.46536399512735,405.8329222910528,410.6861572265625,19191700,-0.005505229879706142,0.9944947701202939,AI_Core
2024-11-21 00:00:00-05:00,MSFT,415.4797975064388,415.7571129679985,406.35806834126146,408.913330078125,20780200,-0.0043167443490419455,0.995683255650958,AI_Core
2024-11-22 00:00:00-05:00,MSFT,407.4276728377604,413.39988374041405,407.1206461090675,413.00372314453125,24814600,0.010003080764387828,1.0100030807643878,AI_Core
2024-11-25 00:00:00-05:00,MSFT,414.3705063731925,417.0446130867062,410.8743369468268,414.7765808105469,27691100,0.004292594876669442,1.0042925948766694,AI_Core
2024-11-26 00:00:00-05:00,MSFT,415.5689336176803,424.92838338966095,414.83603494213827,423.888427734375,23458900,0.021968084374537122,1.0219680843745371,AI_Core
2024-11-27 00:00:00-05:00,MSFT,421.03598817971914,423.1356967701012,417.97560449920036,418.9363098144531,18332400,-0.011682597579722231,0.9883174024202778,AI_Core
2024-11-29 00:00:00-05:00,MSFT,416.06412568619913,420.808229889217,413.7960631011275,419.4018249511719,16271900,0.0011111835518027302,1.0011111835518027,AI_Core
2024-12-02 00:00:00-05:00,MSFT,417.5299380247713,428.85039263641124,417.27242003383,426.8497619628906,20207200,0.017758475449137334,1.0177584754491373,AI_Core
2024-12-03 00:00:00-05:00,MSFT,425.7206447327868,428.325445086175,423.64076394005417,427.067626953125,18302000,0.0005104020422372901,1.0005104020422373,AI_Core
2024-12-04 00:00:00-05:00,MSFT,428.8801143248133,435.4564952904926,428.483953715763,433.2280578613281,26009400,0.014424954080819008,1.014424954080819,AI_Core
2024-12-05 00:00:00-05:00,MSFT,433.72326431540773,440.3986627358307,431.9900352112823,438.3782043457031,21697800,0.011887841498076535,1.0118878414980765,AI_Core
2024-12-06 00:00:00-05:00,MSFT,438.0612738202398,441.82487523918803,437.5363542028089,439.3191223144531,18821000,0.0021463612000380827,1.002146361200038,AI_Core
2024-12-09 00:00:00-05:00,MSFT,438.3583975889403,444.03346541962105,436.2785166631167,441.74560546875,19144400,0.005523281439500094,1.0055232814395,AI_Core
2024-12-10 00:00:00-05:00,MSFT,440.13125981361975,445.31111943385133,437.3679889585384,439.0813903808594,18469500,-0.006031107168714356,0.9939688928312856,AI_Core
2024-12-11 00:00:00-05:00,MSFT,439.7945036123786,446.034146674654,439.7945036123786,444.6871643066406,19200200,0.012767049682790743,1.0127670496827907,AI_Core
2024-12-12 00:00:00-05:00,MSFT,444.8060093995974,451.7884649521135,444.8060093995974,445.251708984375,20834800,0.0012695322083662308,1.0012695322083662,AI_Core
2024-12-13 00:00:00-05:00,MSFT,444.142443353527,447.10377945438483,441.30983602760955,442.983642578125,20177800,-0.005093897138370274,0.9949061028616297,AI_Core
2024-12-16 00:00:00-05:00,MSFT,442.9836607244317,447.8466102847365,441.0127411892908,447.26226806640625,23598800,0.009658653451355637,1.0096586534513556,AI_Core
2024-12-17 00:00:00-05:00,MSFT,446.6878170659997,450.92679906279125,445.26161469090005,450.104736328125,22733500,0.006355260581240696,1.0063552605812407,AI_Core
2024-12-18 00:00:00-05:00,MSFT,446.9948298056794,448.3120705924071,432.83185420697276,433.1983337402344,24444500,-0.03756104129409987,0.9624389587059001,AI_Core
2024-12-19 00:00:00-05:00,MSFT,437.38777493352876,438.93282241461935,432.13857903304347,432.8417663574219,22963700,-0.0008231042343443962,0.9991768957656556,AI_Core
2024-12-20 00:00:00-05:00,MSFT,428.9593493416428,439.48748337745457,424.5223020050907,432.4159240722656,64263700,-0.0009838290069369426,0.9990161709930631,AI_Core
2024-12-23 00:00:00-05:00,MSFT,432.5545685943141,433.4558513948008,428.6820357713906,431.078857421875,19152500,-0.0030920846711629535,0.996907915328837,AI_Core
2024-12-24 00:00:00-05:00,MSFT,430.48460812290455,435.38718282685113,430.02902490868655,435.1197509765625,7164500,0.009373908010368748,1.0093739080103687,AI_Core
2024-12-26 00:00:00-05:00,MSFT,434.8721433787049,436.71433412405435,432.4456406431818,433.91143798828125,8194200,-0.0027769665375322328,0.9972230334624678,AI_Core
2024-12-27 00:00:00-05:00,MSFT,430.43505550450976,431.0491089535002,422.2641186475361,426.404052734375,18117700,-0.01730165327909383,0.9826983467209062,AI_Core
2024-12-30 00:00:00-05:00,MSFT,421.97695149184733,423.45266275424467,417.8568142492271,420.75872802734375,13158700,-0.013239378638241872,0.9867606213617581,AI_Core
2024-12-31 00:00:00-05:00,MSFT,422.016524265212,422.64049156656444,416.6286554798762,417.4606018066406,13246500,-0.007838521226085637,0.9921614787739144,AI_Core
2025-01-02 00:00:00-05:00,MSFT,421.45201157982797,421.9868450538027,410.8743686174563,414.568603515625,16896500,-0.006927595750353288,0.9930724042496467,AI_Core
2025-01-03 00:00:00-05:00,MSFT,417.0446121521978,419.96635323692743,415.51939233739597,419.2928771972656,16662900,0.011395637878936826,1.0113956378789368,AI_Core
2025-01-06 00:00:00-05:00,MSFT,423.8983123069827,430.1577525838614,421.4024733118246,423.749755859375,20573600,0.010629511981937512,1.0106295119819375,AI_Core
2025-01-07 00:00:00-05:00,MSFT,424.8887326935554,426.52291408196885,416.76730426764124,418.322265625,18139100,-0.012808243920678919,0.9871917560793211,AI_Core
2025-01-08 00:00:00-05:00,MSFT,419.40180766065134,422.87817962096636,417.50022470253026,420.49127197265625,15054600,0.005185012909641795,1.0051850129096418,AI_Core
2025-01-10 00:00:00-05:00,MSFT,420.56061778951556,420.63983782074297,411.042698272716,414.93505859375,20201100,-0.013213623561888266,0.9867863764381117,AI_Core
2025-01-13 00:00:00-05:00,MSFT,411.26063086426467,414.489399057034,408.3389196630922,413.19195556640625,17604800,-0.00420090563870712,0.9957990943612929,AI_Core
2025-01-14 00:00:00-05:00,MSFT,413.805999460752,415.71749643981025,406.78394867710017,411.6865234375,16935900,-0.0036434207119124817,0.9963565792880875,AI_Core
2025-01-15 00:00:00-05:00,MSFT,415.1133035563719,424.04685017409594,414.2615295855494,422.2244873046875,19637800,0.025597058118875582,1.0255970581188756,AI_Core
2025-01-16 00:00:00-05:00,MSFT,424.5916197701724,425.3740271428382,420.3229265289763,420.5110778808594,15300000,-0.004058053181059784,0.9959419468189402,AI_Core
2025-01-17 00:00:00-05:00,MSFT,429.9299628963343,430.31623990051855,424.06671321451194,424.91845703125,26197500,0.010481006047691643,1.0104810060476916,AI_Core
2025-01-21 00:00:00-05:00,MSFT,426.0772445238866,426.7705180269004,421.52132200002626,424.3935241699219,26085700,-0.00123537317017397,0.998764626829826,AI_Core
2025-01-22 00:00:00-05:00,MSFT,433.366705345479,442.98364251820686,431.82165779523024,441.9239196777344,27803800,0.041306934506365245,1.0413069345063652,AI_Core
2025-01-23 00:00:00-05:00,MSFT,437.7641621247137,442.46864124256984,437.26895379651836,442.42901611328125,18389300,0.0011429488494654194,1.0011429488494654,AI_Core
2025-01-24 00:00:00-05:00,MSFT,440.89387719602587,442.3695883246394,437.169900939795,439.8044128417969,15549500,-0.005932258454794392,0.9940677415452056,AI_Core
2025-01-27 00:00:00-05:00,MSFT,419.94659323490635,431.02935848885954,419.4414710475572,430.3954772949219,35647800,-0.021393454163133874,0.9786065458368661,AI_Core
2025-01-28 00:00:00-05:00,MSFT,430.435111003789,444.08305214713533,427.2459679678923,442.91436767578125,23491700,0.029086946869288255,1.0290869468692883,AI_Core
2025-01-29 00:00:00-05:00,MSFT,442.40923592540474,442.5974175154718,436.17950645057016,438.09100341796875,23581400,-0.010890060494364584,0.9891099395056354,AI_Core
2025-01-30 00:00:00-05:00,MSFT,414.75677425796516,418.8075747745586,409.20055129765046,411.01300048828125,54586300,-0.06180908240166083,0.9381909175983392,AI_Core
2025-01-31 00:00:00-05:00,MSFT,414.964783031506,416.6583870568431,410.933779971825,411.08233642578125,34161900,0.00016869524179918827,1.0001686952417992,AI_Core
2025-02-03 00:00:00-05:00,MSFT,407.6555012178145,411.42898625512174,404.7436738342851,406.9820251464844,25679100,-0.009974428273780034,0.99002557172622,AI_Core
2025-02-04 00:00:00-05:00,MSFT,408.73506192939664,409.9532853263689,405.81332063447735,408.4181213378906,20532100,0.0035286477108893433,1.0035286477108893,AI_Core
2025-02-05 00:00:00-05:00,MSFT,408.39835154322543,409.86414898425164,406.46702679712905,409.329345703125,16316700,0.002231106597937904,1.002231106597938,AI_Core
2025-02-06 00:00:00-05:00,MSFT,410.03245657619226,414.1922182257068,410.03245657619226,411.83502197265625,16309800,0.006121418598090234,1.0061214185980902,AI_Core
2025-02-07 00:00:00-05:00,MSFT,412.48872643025265,414.63791357819275,404.1890302854019,405.8232116699219,22886800,-0.014597617934332785,0.9854023820656672,AI_Core
2025-02-10 00:00:00-05:00,MSFT,409.74527293691693,411.47850211303046,406.9820321839411,408.2695617675781,20817900,0.006028117730352944,1.006028117730353,AI_Core
2025-02-11 00:00:00-05:00,MSFT,405.714301867279,408.5369652151938,405.3775335991668,407.4970397949219,18140600,-0.0018921860579359517,0.998107813942064,AI_Core
2025-02-12 00:00:00-05:00,MSFT,403.30754628100544,406.813629604169,400.4947666868975,405.1200256347656,19121700,-0.005833205957403997,0.994166794042596,AI_Core
2025-02-13 00:00:00-05:00,MSFT,403.0995382668374,407.0612044905901,402.465657162982,406.6056213378906,23891700,0.003667050772909297,1.0036670507729093,AI_Core
2025-02-14 00:00:00-05:00,MSFT,403.8820181953633,404.99128001840967,401.99031874797896,404.515869140625,22758500,-0.005139506410141381,0.9948604935898586,AI_Core
2025-02-18 00:00:00-05:00,MSFT,404.08999660584703,406.66508596257455,402.60437161832556,405.71429443359375,21423100,0.0029626162640163933,1.0029626162640164,AI_Core
2025-02-19 00:00:00-05:00,MSFT,403.97114994678657,411.5082061808428,403.7433432351679,410.79510498046875,24114200,0.012523124318230439,1.0125231243182304,AI_Core
2025-02-20 00:00:00-05:00,MSFT,412.1348608394034,416.1243081620841,409.4057538443196,412.9684753417969,23508700,0.005290643279284968,1.005290643279285,AI_Core
2025-02-21 00:00:00-05:00,MSFT,414.16928284227896,414.8738801834256,404.79109677447474,405.108642578125,27524800,-0.019032524836591014,0.980967475163409,AI_Core
2025-02-24 00:00:00-05:00,MSFT,405.4063787741937,406.25983043716724,396.2861968407472,400.9306335449219,26443700,-0.010313305109005189,0.9896866948909948,AI_Core
2025-02-25 00:00:00-05:00,MSFT,398.05268403794094,398.86646142853965,393.6861187086097,394.8769836425781,29387400,-0.015098995676182114,0.9849010043238179,AI_Core
2025-02-26 00:00:00-05:00,MSFT,394.986181494864,400.5337085768434,391.25473790483426,396.693115234375,19619000,0.0045992338551712475,1.0045992338551712,AI_Core
2025-02-27 00:00:00-05:00,MSFT,398.22134834414993,402.657388820498,389.1905096396701,389.5477600097656,21127400,-0.018012299559037603,0.9819877004409624,AI_Core
2025-02-28 00:00:00-05:00,MSFT,389.67678725566606,394.6090291195634,383.6330593862238,393.973876953125,32845700,0.011362193286000188,1.0113621932860002,AI_Core
2025-03-03 00:00:00-05:00,MSFT,395.7899873220531,395.7899873220531,383.2261675615013,385.5384521484375,23007700,-0.021411127229867488,0.9785888727701325,AI_Core
2025-03-04 00:00:00-05:00,MSFT,380.48712304915495,389.59737098453536,378.10536303990614,385.65753173828125,29342900,0.0003088656635419351,1.000308865663542,AI_Core
2025-03-05 00:00:00-05:00,MSFT,386.3819822563368,398.61832193178543,385.8560101474748,397.9732360839844,23433100,0.03193430267053854,1.0319343026705385,AI_Core
2025-03-06 00:00:00-05:00,MSFT,391.28450820827493,399.09471206990673,389.69665794124984,393.87469482421875,23304600,-0.010298534896705291,0.9897014651032947,AI_Core
2025-03-07 00:00:00-05:00,MSFT,389.33936956128906,391.80050846371955,382.61088158953936,390.32183837890625,22034100,-0.009020270893254745,0.9909797291067453,AI_Core
2025-03-10 00:00:00-04:00,MSFT,382.90859827837613,383.4643412864511,374.3540930979484,377.2717590332031,32840100,-0.033434151160752434,0.9665658488392476,AI_Core
2025-03-11 00:00:00-04:00,MSFT,376.1205744700273,383.0673924681545,374.0464567305875,377.5595703125,30380200,0.0007628752282822227,1.0007628752282822,AI_Core
2025-03-12 00:00:00-04:00,MSFT,380.0405779726452,382.2933209136247,376.0709676751301,380.3581237792969,24253600,0.007412217003214927,1.007412217003215,AI_Core
2025-03-13 00:00:00-04:00,MSFT,380.2489652043101,382.3925583494832,374.58235511618193,375.8923034667969,20473000,-0.011741093546594805,0.9882589064534052,AI_Core
2025-03-14 00:00:00-04:00,MSFT,376.8946473094157,387.2652662935844,376.6267095180303,385.6079406738281,19952800,0.025846863895390815,1.0258468638953908,AI_Core
2025-03-17 00:00:00-04:00,MSFT,383.7620820869245,389.7264008785539,382.6406623483486,385.74688720703125,22474300,0.0003603310994071407,1.0003603310994071,AI_Core
2025-03-18 00:00:00-04:00,MSFT,384.1292790671939,384.4269877309022,378.2046343736099,380.6062316894531,19486900,-0.013326499028413763,0.9866735009715862,AI_Core
2025-03-19 00:00:00-04:00,MSFT,382.60095534567967,386.719419886704,381.0825806498319,384.8735656738281,19185500,0.011211939345903366,1.0112119393459034,AI_Core
2025-03-20 00:00:00-04:00,MSFT,382.80938253905003,388.81343664918575,380.3680805381929,383.9010314941406,18470500,-0.0025268926380662693,0.9974731073619337,AI_Core
2025-03-21 00:00:00-04:00,MSFT,380.308460024633,388.7637178162279,379.89163767876767,388.2873840332031,39675900,0.011425737831416649,1.0114257378314166,AI_Core
2025-03-24 00:00:00-04:00,MSFT,392.39594799568545,392.39594799568545,386.8484215764684,390.09356689453125,21004500,0.004651665069740352,1.0046516650697404,AI_Core
2025-03-25 00:00:00-04:00,MSFT,390.9272368910712,393.34867131877104,389.65696280253144,392.1578063964844,15775000,0.0052916522525254805,1.0052916522525255,AI_Core
2025-03-26 00:00:00-04:00,MSFT,391.99901639757354,392.30665877239477,385.61787512073846,387.0072326660156,16108400,-0.013133931408371269,0.9868660685916287,AI_Core
2025-03-27 00:00:00-04:00,MSFT,387.1660163642304,389.259971232933,384.4567464670721,387.6125793457031,13766800,0.0015641740737437626,1.0015641740737438,AI_Core
2025-03-28 00:00:00-04:00,MSFT,385.1315521729189,386.1735929782764,374.06627026028934,375.92205810546875,21632000,-0.030160324672558803,0.9698396753274412,AI_Core
2025-03-31 00:00:00-04:00,MSFT,369.7096411618319,374.20522334023684,364.449889664545,372.5379943847656,35184700,-0.009002035522357343,0.9909979644776427,AI_Core
2025-04-01 00:00:00-04:00,MSFT,371.80362246362756,379.9413357760227,370.3944277527412,379.2863464355469,19689500,0.018114533691861334,1.0181145336918613,AI_Core
2025-04-02 00:00:00-04:00,MSFT,375.0983928958324,382.1543604865691,373.7586433966847,379.2367248535156,16092600,-0.00013082881178716477,0.9998691711882128,AI_Core
2025-04-03 00:00:00-04:00,MSFT,371.9425583652147,374.61212363444304,366.54388609690864,370.2752990722656,30198000,-0.023630163414979033,0.976369836585021,AI_Core
2025-04-04 00:00:00-04:00,MSFT,361.363555677575,371.74407816646067,356.74888974568233,357.10614013671875,49209900,-0.035565858615312806,0.9644341413846872,AI_Core
2025-04-07 00:00:00-04:00,MSFT,348.2142236601539,368.1813588125757,342.17049555544185,355.14117431640625,50425000,-0.00550246999270354,0.9944975300072965,AI_Core
2025-04-08 00:00:00-04:00,MSFT,365.46213664338546,370.8111701107758,347.5889587924899,351.8662109375,35868900,-0.0092215817701512,0.9907784182298488,AI_Core
2025-04-09 00:00:00-04:00,MSFT,350.854026698487,390.2424886537646,350.4173671278774,387.5232849121094,50199700,0.10133702204484463,1.1013370220448446,AI_Core
2025-04-10 00:00:00-04:00,MSFT,379.1572950457799,380.983312003396,365.00562576710445,378.45269775390625,38024400,-0.02340656035742561,0.9765934396425744,AI_Core
2025-04-11 00:00:00-04:00,MSFT,377.7481178718862,387.0865991344375,376.0114134245454,385.498779296875,23839200,0.018618130045807035,1.018618130045807,AI_Core
2025-04-14 00:00:00-04:00,MSFT,390.23254912743425,391.651677567929,381.29099206627785,384.8636474609375,19251200,-0.0016475586176847301,0.9983524413823153,AI_Core
2025-04-15 00:00:00-04:00,MSFT,385.5583162962043,388.9126416904877,381.24135923720473,382.7994384765625,17199900,-0.005363481321224328,0.9946365186787757,AI_Core
2025-04-16 00:00:00-04:00,MSFT,377.77787673053996,378.7107072268867,365.20412360568145,368.78668212890625,21967800,-0.036606000268504024,0.963393999731496,AI_Core
2025-04-17 00:00:00-04:00,MSFT,370.9104227594851,371.47609943534326,364.10255635982776,364.98577880859375,21120200,-0.01030650916776854,0.9896934908322315,AI_Core
2025-04-21 00:00:00-04:00,MSFT,360.06353397111536,361.7109259917268,352.9678611353571,356.3916320800781,20807300,-0.023546524899049737,0.9764534751009503,AI_Core
2025-04-22 00:00:00-04:00,MSFT,360.6192443688487,364.9758758256959,357.12596800122816,364.0331115722656,19485000,0.021441242735100285,1.0214412427351003,AI_Core
2025-04-23 00:00:00-04:00,MSFT,373.20291916052497,377.50003937654276,370.18600677791767,371.5456237792969,20545500,0.02063689254690204,1.020636892546902,AI_Core
2025-04-24 00:00:00-04:00,MSFT,372.84560833228255,385.4987394256534,372.3394733971177,384.3574523925781,22232300,0.03448251787482137,1.0344825178748214,AI_Core
2025-04-25 00:00:00-04:00,MSFT,384.05979677325973,389.1805976978566,381.67803664886475,388.8729553222656,18973200,0.011748186230237101,1.011748186230237,AI_Core
2025-04-28 00:00:00-04:00,MSFT,388.9820812843996,389.75615403464093,383.70252292195136,388.18817138671875,16579400,-0.0017609451266143994,0.9982390548733856,AI_Core
2025-04-29 00:00:00-04:00,MSFT,388.3270916828822,392.0982394081848,387.41409832984397,391.0462951660156,14974000,0.0073627276407903786,1.0073627276407904,AI_Core
2025-04-30 00:00:00-04:00,MSFT,387.3347110069874,393.6464071015826,381.5192464831796,392.2570495605469,36461100,0.003096191958594563,1.0030961919585946,AI_Core
2025-05-01 00:00:00-04:00,MSFT,427.8346397458207,433.669971462135,421.67182852064957,422.16802978515625,58938100,0.07625351859990581,1.0762535185999058,AI_Core
2025-05-02 00:00:00-04:00,MSFT,428.4598480759583,436.10135948336034,426.72314369115975,431.97296142578125,30757400,0.023225187481900944,1.023225187481901,AI_Core
2025-05-05 00:00:00-04:00,MSFT,429.58128511716615,436.1609188409604,428.827049490993,432.8562316894531,20136100,0.0020447350703538536,1.0020447350703539,AI_Core
2025-05-06 00:00:00-04:00,MSFT,428.91639204817295,434.4043769104007,427.8942186382879,430.0179443359375,15104200,-0.006557113299345829,0.9934428867006542,AI_Core
2025-05-07 00:00:00-04:00,MSFT,430.54391525930873,434.79139692835327,427.83464541633373,430.0576477050781,23295300,9.232956359972455e-05,1.0000923295635997,AI_Core
2025-05-08 00:00:00-04:00,MSFT,434.6028977335656,440.29930970253645,432.35015455619765,434.8410949707031,23491300,0.011122804794080343,1.0111228047940803,AI_Core
2025-05-09 00:00:00-04:00,MSFT,436.6570993033328,437.3914674607305,432.5684058555715,435.3967590332031,15324200,0.001277855448637899,1.001277855448638,AI_Core
2025-05-12 00:00:00-04:00,MSFT,442.551987565255,445.9559209816134,436.43878433354007,445.8467712402344,22821900,0.02400112538787713,1.0240011253878771,AI_Core
2025-05-13 00:00:00-04:00,MSFT,444.37800844651383,447.24606632617565,441.9763809723924,445.7276916503906,23618800,-0.0002670863568496884,0.9997329136431503,AI_Core
2025-05-14 00:00:00-04:00,MSFT,444.73528972695,450.45150777480933,444.73528972695,449.4988098144531,19902800,0.008460587562103772,1.0084605875621038,AI_Core
2025-05-15 00:00:00-04:00,MSFT,448.16655392379437,453.55526390744575,447.82852124457236,450.512939453125,21992300,0.002256134202202942,1.002256134202203,AI_Core
2025-05-16 00:00:00-04:00,MSFT,449.4391826540583,451.735838870633,446.13838030321216,451.6463623046875,23849800,0.0025158497177424355,1.0025158497177424,AI_Core
2025-05-19 00:00:00-04:00,MSFT,448.27591363294266,456.9355998797858,448.1963586877965,456.2197570800781,21336500,0.010126052498360183,1.0101260524983602,AI_Core
2025-05-20 00:00:00-04:00,MSFT,452.9587181303489,455.69283539558984,451.69606398891386,455.5238342285156,15441800,-0.001525411472787952,0.998474588527212,AI_Core
2025-05-21 00:00:00-04:00,MSFT,451.944595050179,455.1360468945702,449.2005259832327,449.9561462402344,19216900,-0.012222605207279247,0.9877773947927208,AI_Core
2025-05-22 00:00:00-04:00,MSFT,452.32244757902833,457.5918252828005,451.27849365115543,452.2329406738281,18025600,0.005060036300466919,1.005060036300467,AI_Core
2025-05-23 00:00:00-04:00,MSFT,447.38115987330883,451.06972434232773,446.3173323563206,447.5799865722656,16883500,-0.010288843830415284,0.9897111561695847,AI_Core
2025-05-27 00:00:00-04:00,MSFT,453.8435596609756,458.2877438900054,453.48562310372705,458.02923583984375,20974300,0.0233461047881125,1.0233461047881125,AI_Core
2025-05-28 00:00:00-04:00,MSFT,458.5562282330538,459.8487079553447,454.29099660337516,454.718505859375,17086300,-0.007228206676366811,0.9927717933236332,AI_Core
2025-05-29 00:00:00-04:00,MSFT,458.884303233251,459.05333474747385,452.68035209769624,456.0308837890625,13974800,0.002886132657405671,1.0028861326574057,AI_Core
2025-05-30 00:00:00-04:00,MSFT,457.0648535034259,459.0135248792732,452.90900269221845,457.7011413574219,34770500,0.0036625974856825394,1.0036625974856825,AI_Core
2025-06-02 00:00:00-04:00,MSFT,454.49978904014216,459.44105553120437,454.2512329224997,459.3018798828125,16626500,0.0034973444039121393,1.0034973444039121,AI_Core
2025-06-03 00:00:00-04:00,MSFT,458.8047753297213,461.4593680607732,458.1982826150306,460.2961120605469,15743800,0.0021646595001703073,1.0021646595001703,AI_Core
2025-06-04 00:00:00-04:00,MSFT,461.3201414833542,463.00038321907994,460.3457906064832,461.1908874511719,14162700,0.0019439125536373503,1.0019439125536374,AI_Core
2025-06-05 00:00:00-04:00,MSFT,462.2745901279283,466.93750520910584,461.3499686746429,464.9788818359375,20131700,0.008213506571433937,1.008213506571434,AI_Core
2025-06-06 00:00:00-04:00,MSFT,467.37496597576217,470.6061954238558,466.0725343793748,467.6632995605469,15285600,0.005773203535631932,1.005773203535632,AI_Core
2025-06-09 00:00:00-04:00,MSFT,466.98725027602023,470.69568816704816,465.9134708467471,470.0196228027344,16469900,0.005038503650813819,1.0050385036508138,AI_Core
2025-06-10 00:00:00-04:00,MSFT,468.4686249933991,470.06931180763127,464.26304461137784,468.2001953125,15375900,-0.0038709607045448458,0.9961290392954552,AI_Core
2025-06-11 00:00:00-04:00,MSFT,467.30536072753216,472.72389606625393,466.9474544926898,469.8903503417969,16399200,0.0036098981722312296,1.0036098981722312,AI_Core
2025-06-12 00:00:00-04:00,MSFT,472.2764779222473,477.6453141185156,470.7851412769109,476.104248046875,18950600,0.013224144102040203,1.0132241441020402,AI_Core
2025-06-13 00:00:00-04:00,MSFT,473.6584649544854,476.4124557062983,470.0295518485209,472.2168273925781,16814500,-0.008165061896095782,0.9918349381039042,AI_Core
2025-06-16 00:00:00-04:00,MSFT,472.4653860858625,477.91374692205306,472.25660744971805,476.3727111816406,15626100,0.008800795626047186,1.0088007956260472,AI_Core
2025-06-17 00:00:00-04:00,MSFT,472.65428568792316,475.97499162724574,471.3419021646973,475.279052734375,15414100,-0.0022958041499749893,0.997704195850025,AI_Core
2025-06-18 00:00:00-04:00,MSFT,475.2392860574369,478.2219594008936,471.71972301658775,477.4663391113281,17526500,0.0046021097802841915,1.0046021097802842,AI_Core
2025-06-20 00:00:00-04:00,MSFT,479.44488246554124,480.667759158903,474.1158234691147,474.64276123046875,37576200,-0.0059136689847386625,0.9940863310152613,AI_Core
2025-06-23 00:00:00-04:00,MSFT,475.4480376949825,484.9329468840925,469.78097686904323,483.19305419921875,24864000,0.018014164898636942,1.018014164898637,AI_Core
2025-06-24 00:00:00-04:00,MSFT,486.1260537385937,489.009298556199,483.9884469122188,487.2793273925781,22305600,0.008456812774619626,1.0084568127746196,AI_Core
2025-06-25 00:00:00-04:00,MSFT,489.1981971647186,491.70363180611855,486.5635084927723,489.4268493652344,17495100,0.004407168233767633,1.0044071682337676,AI_Core
2025-06-26 00:00:00-04:00,MSFT,490.13278082199906,495.1635541172166,489.9637493151316,494.57696533203125,21578900,0.010522749157461098,1.010522749157461,AI_Core
2025-06-27 00:00:00-04:00,MSFT,494.6763704185467,496.4162632322767,490.1824867596744,493.07568359375,34539200,-0.003035486574416879,0.9969645134255831,AI_Core
2025-06-30 00:00:00-04:00,MSFT,494.1693427257206,497.86785899517616,492.4691970236715,494.5372009277344,28369000,0.0029640831673793944,1.0029640831673794,AI_Core
2025-07-01 00:00:00-04:00,MSFT,493.602615314542,495.17347659984546,488.14433277768,489.2081298828125,19945400,-0.010775874969415344,0.9892241250305847,AI_Core
2025-07-02 00:00:00-04:00,MSFT,487.1600396387865,490.6497772469701,485.87751191483574,488.2536926269531,16319600,-0.0019509840445374182,0.9980490159554626,AI_Core
2025-07-03 00:00:00-04:00,MSFT,490.9580057562307,497.2415119784696,490.59014753996934,495.9589538574219,13984800,0.015781265655180343,1.0157812656551803,AI_Core
2025-07-07 00:00:00-04:00,MSFT,494.50736527479916,495.8694479262707,492.36978876052433,494.84539794921875,13981600,-0.0022452582003857913,0.9977547417996142,AI_Core
2025-07-08 00:00:00-04:00,MSFT,494.36815380384166,495.3226311177228,491.25622643335066,493.7517395019531,11846600,-0.002210101279708887,0.9977898987202911,AI_Core
2025-07-09 00:00:00-04:00,MSFT,497.41047691930333,503.8530622357068,496.85371365827956,500.6019592285156,18659500,0.013873813859313744,1.0138738138593137,AI_Core
2025-07-10 00:00:00-04:00,MSFT,500.14458849842043,501.52657502305914,494.87521114411277,498.58367919921875,16492100,-0.004031706213070474,0.9959682937869295,AI_Core
2025-07-11 00:00:00-04:00,MSFT,495.59106078877636,502.1131707269345,494.9249170598048,500.4130554199219,16459500,0.0036691458164881396,1.0036691458164881,AI_Core
2025-07-14 00:00:00-04:00,MSFT,498.6234399223271,501.05930198422453,498.1362796464767,500.1147766113281,12058800,-0.0005960652012634293,0.9994039347987366,AI_Core
2025-07-15 00:00:00-04:00,MSFT,500.11477392946824,505.36427783294863,499.88612172349406,502.89862060546875,14927200,0.005566410200881,1.005566410200881,AI_Core
2025-07-16 00:00:00-04:00,MSFT,502.26227638441253,503.7933904598671,498.99129994586445,502.6997375488281,15154400,-0.0003954734582511943,0.9996045265417488,AI_Core
2025-07-17 00:00:00-04:00,MSFT,502.75940886082554,510.40499725185873,502.6997578215743,508.7446594238281,17503100,0.01202491551810847,1.0120249155181085,AI_Core
2025-07-18 00:00:00-04:00,MSFT,511.50859420333654,511.6677041033988,504.499323712682,507.10418701171875,21209700,-0.003224549647297126,0.9967754503527029,AI_Core
2025-07-21 00:00:00-04:00,MSFT,503.7834473494323,509.132409924825,502.630143381304,507.1141052246094,14066800,1.9558530859553613e-05,1.0000195585308596,AI_Core
2025-07-22 00:00:00-04:00,MSFT,508.01886761548803,508.2475501614973,502.3517761230469,502.3517761230469,13868600,-0.009391040502518044,0.990608959497482,AI_Core
2025-07-23 00:00:00-04:00,MSFT,503.8232561388069,503.8630336136484,497.80821016060554,502.9483337402344,16396600,0.0011875296267318536,1.0011875296267319,AI_Core
2025-07-24 00:00:00-04:00,MSFT,505.83155299665924,510.70324664183266,504.370041868975,507.92938232421875,16107000,0.009903698351960477,1.0099036983519605,AI_Core
2025-07-25 00:00:00-04:00,MSFT,509.51021364184703,515.2966076642933,507.41241445610984,510.74310302734375,19125700,0.005539590346693046,1.005539590346693,AI_Core
2025-07-28 00:00:00-04:00,MSFT,511.110930710653,512.0256002286585,507.17377997770546,509.5400390625,14308000,-0.0023555168101395685,0.9976444831898604,AI_Core
2025-07-29 00:00:00-04:00,MSFT,512.5525759685828,514.6304711522027,508.60547322287385,509.6096496582031,16469200,0.0001366145746488634,1.0001366145746489,AI_Core
2025-07-30 00:00:00-04:00,MSFT,512.1946027794743,512.9701269930791,506.49771598970693,510.2757568359375,26380400,0.001307092944925925,1.001307092944926,AI_Core
2025-07-31 00:00:00-04:00,MSFT,552.0232408256204,552.2420017670738,528.8280273057109,530.4187622070312,51617300,0.03947474498101644,1.0394747449810164,AI_Core
2025-08-01 00:00:00-04:00,MSFT,531.9101275902764,532.7054950837879,517.8517780654563,521.0830078125,28977600,-0.01760072429505677,0.9823992757049432,AI_Core
2025-08-04 00:00:00-04:00,MSFT,525.218957545317,535.141297909759,525.0797515616827,532.54638671875,25349000,0.021999141661465993,1.021999141661466,AI_Core
2025-08-05 00:00:00-04:00,MSFT,534.077432699505,534.196734767709,524.194840165689,524.701904296875,19171600,-0.01473013922826194,0.9852698607717381,AI_Core
2025-08-06 00:00:00-04:00,MSFT,527.8338028961505,528.6291703469228,521.0034855448089,521.908203125,21355700,-0.005324358743501567,0.9946756412564984,AI_Core
2025-08-07 00:00:00-04:00,MSFT,523.757448292983,525.0400367197672,514.5608717763297,517.8319091796875,16079100,-0.007810365732719093,0.9921896342672809,AI_Core
2025-08-08 00:00:00-04:00,MSFT,519.5817267008259,521.629826851029,516.4101479520375,519.0249633789062,15531000,0.0023039410628609147,1.002303941062861,AI_Core
2025-08-11 00:00:00-04:00,MSFT,519.2834381856256,524.5429245664681,516.7183220142601,518.7565307617188,20194400,-0.0005171863323104597,0.9994828136676895,AI_Core
2025-08-12 00:00:00-04:00,MSFT,520.7250669698358,527.9132904806338,519.6811434112465,526.183349609375,18667000,0.014316578986969253,1.0143165789869693,AI_Core
2025-08-13 00:00:00-04:00,MSFT,529.0368026236954,529.6234217995657,516.3703917601634,517.5734252929688,19619200,-0.016362973710205786,0.9836370262897942,AI_Core
2025-08-14 00:00:00-04:00,MSFT,519.5418962511537,522.9123315064297,517.1358902118243,519.4623413085938,20269100,0.003649561440593363,1.0036495614405934,AI_Core
2025-08-15 00:00:00-04:00,MSFT,519.7507304052322,523.0614541020369,516.0820397908819,517.1657104492188,25213300,-0.004421169114183443,0.9955788308858166,AI_Core
2025-08-18 00:00:00-04:00,MSFT,518.5775217659684,519.8003983365775,511.0512359172718,514.1134033203125,23760600,-0.005901990536563151,0.9940980094634368,AI_Core
2025-08-19 00:00:00-04:00,MSFT,512.0256106523992,512.1846598699071,505.61285057663105,506.8258056640625,21481000,-0.014175078123200624,0.9858249218767994,AI_Core
2025-08-20 00:00:00-04:00,MSFT,506.925219770199,508.0486982628479,501.52658824278717,502.7991943359375,27723000,-0.007944763828371282,0.9920552361716287,AI_Core
2025-08-21 00:00:00-04:00,MSFT,501.6041452591809,505.5278315490841,500.6381609615915,502.15185546875,18443300,-0.001287469977040212,0.9987125300229598,AI_Core
2025-08-22 00:00:00-04:00,MSFT,502.1618461633245,508.6150227226763,500.32946944945456,505.1295166015625,24324200,0.005929802111420912,1.005929802111421,AI_Core
2025-08-25 00:00:00-04:00,MSFT,504.5319946732823,506.0855321115255,502.0323791323648,502.17181396484375,21638600,-0.005855335195253941,0.9941446648047461,AI_Core
2025-08-26 00:00:00-04:00,MSFT,502.2713680297872,502.88882606141556,496.4456179190968,499.96099853515625,30835700,-0.00440250800265396,0.995597491997346,AI_Core
2025-08-27 00:00:00-04:00,MSFT,499.9211487290224,505.1892506185915,497.82983904056124,504.6415100097656,17277900,0.00936175319339494,1.009361753193395,AI_Core
2025-08-28 00:00:00-04:00,MSFT,504.9900522378754,508.9734875719172,503.4066403395377,507.5295104980469,18015600,0.005722875409566175,1.0057228754095662,AI_Core
2025-08-29 00:00:00-04:00,MSFT,506.5535790393771,507.4896888132377,502.40083415821226,504.59173583984375,20961600,-0.005788381951071675,0.9942116180489283,AI_Core
2025-09-02 00:00:00-04:00,MSFT,498.3974910813857,503.90458943006223,494.75264396148896,503.0282287597656,18128000,-0.0030985586346867766,0.9969014413653132,AI_Core
2025-09-03 00:00:00-04:00,MSFT,501.70375627159575,505.68719181229375,500.2398424947412,503.2572937011719,16345100,0.00045537194199019027,1.0004553719419902,AI_Core
2025-09-04 00:00:00-04:00,MSFT,502.2116394820944,506.04570238922344,501.0664078062513,505.866455078125,15509500,0.005184547565648234,1.0051845475656482,AI_Core
2025-09-05 00:00:00-04:00,MSFT,506.9619070760115,509.8498918622262,490.3310509759443,492.9501647949219,31994800,-0.025533004123011738,0.9744669958769883,AI_Core
2025-09-08 00:00:00-04:00,MSFT,496.04724781279185,499.1244784694731,492.9800158612091,496.13690185546875,16771000,0.006464623177218298,1.0064646231772183,AI_Core
2025-09-09 00:00:00-04:00,MSFT,499.3535217605099,500.17013335375145,495.6389875077243,496.3460388183594,14410500,0.00042153075513740035,1.0004215307551374,AI_Core
2025-09-10 00:00:00-04:00,MSFT,500.8971201283455,501.1460848531792,494.6630336933239,498.29791259765625,21611800,0.003932485859952983,1.003932485859953,AI_Core
2025-09-11 00:00:00-04:00,MSFT,500.17012751524385,501.08633106619584,495.8182290284252,498.9352722167969,18881600,0.0012790734278176341,1.0012790734278176,AI_Core
2025-09-12 00:00:00-04:00,MSFT,504.55191069082485,510.42747218178897,501.7635178992086,507.7884521484375,23624900,0.01774414523211698,1.017744145232117,AI_Core
2025-09-15 00:00:00-04:00,MSFT,506.68306017742736,513.3353599697668,504.9004642300766,513.225830078125,17143800,0.010707959006712509,1.0107079590067125,AI_Core
2025-09-16 00:00:00-04:00,MSFT,514.7395367165727,515.0880630075219,506.4938265025834,506.9320068359375,19711900,-0.012263262823754228,0.9877367371762458,AI_Core
2025-09-17 00:00:00-04:00,MSFT,508.5054498653079,509.1726886784055,503.8348693472275,507.9079284667969,15816600,0.0019251529153794245,1.0019251529153794,AI_Core
2025-09-18 00:00:00-04:00,MSFT,509.37184097126715,510.9453149965379,505.55771489166153,506.3444519042969,18913700,-0.003078267683711111,0.9969217323162889,AI_Core
2025-09-19 00:00:00-04:00,MSFT,508.44568153944795,517.1494779837726,508.1967168320822,515.78515625,52474100,0.018644826284158533,1.0186448262841585,AI_Core
2025-09-22 00:00:00-04:00,MSFT,513.4548737162081,515.5959337012963,510.4174557013089,512.319580078125,20009300,-0.006719030452662422,0.9932809695473376,AI_Core
2025-09-23 00:00:00-04:00,MSFT,511.67229848312854,512.4590659268906,505.2091838485409,507.1212463378906,19799600,-0.010146662244378102,0.9898533377556219,AI_Core
2025-09-24 00:00:00-04:00,MSFT,508.26644250853604,510.35772177145367,504.82077941210207,508.0373840332031,13533700,0.0018065456770510746,1.001806545677051,AI_Core
2025-09-25 00:00:00-04:00,MSFT,506.1950582100621,507.89799878212006,502.94857891661616,504.9303283691406,15786500,-0.006115801241625585,0.9938841987583744,AI_Core
2025-09-26 00:00:00-04:00,MSFT,507.94778361103766,511.8117209714621,504.52202659403474,509.34197998046875,16213100,0.008737149193587035,1.008737149193587,AI_Core
2025-09-29 00:00:00-04:00,MSFT,509.3817950243417,514.7096154882738,506.77264973451184,512.4689331054688,17617800,0.0061392016521393256,1.0061392016521393,AI_Core
2025-09-30 00:00:00-04:00,MSFT,511.11459757878936,516.0142062084105,507.54943619028296,515.8051147460938,19728200,0.006510017339799168,1.0065100173397992,AI_Core
2025-10-01 00:00:00-04:00,MSFT,512.6681599915194,518.3545363078492,509.5710533372991,517.557861328125,22632300,0.003398079103759999,1.00339807910376,AI_Core
2025-10-02 00:00:00-04:00,MSFT,515.496404228155,519.439966484546,508.5652045551738,513.604248046875,21222900,-0.007638978318490808,0.9923610216815092,AI_Core
2025-10-03 00:00:00-04:00,MSFT,514.9585548343116,518.3345307125708,512.8672756929882,515.20751953125,15112300,0.003121608690878075,1.003121608690878,AI_Core
2025-10-06 00:00:00-04:00,MSFT,516.4623876768178,528.8309994124726,516.0541122577388,526.3811645507812,21388600,0.02168765904212222,1.0216876590421222,AI_Core
2025-10-07 00:00:00-04:00,MSFT,526.1022689962125,527.6060256392368,519.2806599401652,521.8101196289062,14615200,-0.008683906700529431,0.9913160932994706,AI_Core
2025-10-08 00:00:00-04:00,MSFT,521.1130687043808,524.7678538085896,520.923853084141,522.676513671875,13363400,0.001660362669058335,1.0016603626690583,AI_Core
2025-10-09 00:00:00-04:00,MSFT,520.1769452354545,522.158694647609,515.2574000210162,520.2366943359375,18343600,-0.004667933745094888,0.9953320662549051,AI_Core
2025-10-10 00:00:00-04:00,MSFT,517.4881335274953,521.4118200258811,507.5195762105422,508.84405517578125,24133800,-0.02189895346520787,0.9781010465347921,AI_Core
2025-10-13 00:00:00-04:00,MSFT,514.2714464494894,514.2714464494894,509.56105349845876,511.9212341308594,14284200,0.006047390990968848,1.0060473909909688,AI_Core
2025-10-14 00:00:00-04:00,MSFT,508.11707238992415,513.1461778212379,503.9045785101632,511.4432373046875,14684300,-0.0009337311959395356,0.9990662688040605,AI_Core
2025-10-15 00:00:00-04:00,MSFT,512.8274957075639,515.0482414945574,507.888013925759,511.3038024902344,14694700,-0.00027263008733469096,0.9997273699126653,AI_Core
2025-10-16 00:00:00-04:00,MSFT,510.4573477017149,514.7096236704256,506.02576365101777,509.4913330078125,15559600,-0.0035447995371724605,0.9964552004628275,AI_Core
2025-10-17 00:00:00-04:00,MSFT,506.93203901166436,513.3453425707617,505.2091921192977,511.4532470703125,19867800,0.0038507309847994886,1.0038507309847995,AI_Core
2025-10-20 00:00:00-04:00,MSFT,512.4788764440519,516.5519656323323,511.30377036778043,514.6498413085938,14665600,0.006250022375636322,1.0062500223756363,AI_Core
2025-10-21 00:00:00-04:00,MSFT,515.3569857054445,516.5420602391357,510.91543308707116,515.5162963867188,15586200,0.0016835817454483593,1.0016835817454484,AI_Core
2025-10-22 00:00:00-04:00,MSFT,518.9919195722497,523.0549803520576,515.5661623300699,518.3843994140625,18962700,0.005563554532507453,1.0055635545325075,AI_Core
2025-10-23 00:00:00-04:00,MSFT,520.2964530626382,521.7802730707533,516.4623598997719,518.404296875,14023500,3.838360290164822e-05,1.0000383836029016,AI_Core
2025-10-24 00:00:00-04:00,MSFT,520.6250388201142,523.1744351060786,518.5536961256696,521.441650390625,15532400,0.00585904386582925,1.0058590438658292,AI_Core
2025-10-27 00:00:00-04:00,MSFT,529.577902779321,532.3662956890146,526.819354031342,529.3189697265625,18734700,0.015106808844357555,1.0151068088443576,AI_Core
2025-10-28 00:00:00-04:00,MSFT,547.7224103521172,551.4269763883988,538.5306518978505,539.8252563476562,29986700,0.01984868712814336,1.0198486871281434,AI_Core
2025-10-29 00:00:00-04:00,MSFT,542.6833492925585,544.0078586434945,534.507325873603,539.307373046875,36023000,-0.0009593535958009047,0.9990406464041991,AI_Core
2025-10-30 00:00:00-04:00,MSFT,528.2831883129468,532.7545848667123,519.9578228356851,523.582763671875,41023100,-0.02915704505607286,0.9708429549439271,AI_Core
2025-10-31 00:00:00-04:00,MSFT,526.6898137654194,527.1279940743384,512.9668501497666,515.6656494140625,34006400,-0.01512103683912347,0.9848789631608765,AI_Core
2025-11-03 00:00:00-05:00,MSFT,517.657371934483,522.7860691817526,512.4590180581705,514.888916015625,22374700,-0.0015062732980567484,0.9984937267019433,AI_Core
2025-11-04 00:00:00-05:00,MSFT,509.6407695643784,513.4150529816625,505.73698923396887,512.2001342773438,20958700,-0.005222061797499733,0.9947779382025003,AI_Core
2025-11-05 00:00:00-05:00,MSFT,511.17434154282535,512.6980347767452,504.4821687767013,505.0597839355469,23024300,-0.013940547578869977,0.98605945242113,AI_Core
2025-11-06 00:00:00-05:00,MSFT,503.5659922381216,503.6058351018555,493.75677643867937,495.04144287109375,27406500,-0.019835950877711617,0.9801640491222884,AI_Core
2025-11-07 00:00:00-05:00,MSFT,494.89207027354036,497.31199999791255,491.2073803526309,494.7626037597656,24019800,-0.0005632641778654524,0.9994367358221345,AI_Core
2025-11-10 00:00:00-05:00,MSFT,497.9692613740871,504.7510576229119,496.73437575016374,503.9045715332031,26101500,0.01847748335053323,1.0184774833505332,AI_Core
2025-11-11 00:00:00-05:00,MSFT,502.70954902224156,507.48968986721945,500.26971300797675,506.573486328125,17980000,0.005296468707956636,1.0052964687079566,AI_Core
2025-11-12 00:00:00-05:00,MSFT,507.2506574723947,509.5511194130969,497.05307240824305,509.0233154296875,26574900,0.0048360784124728,1.0048360784124728,AI_Core
2025-11-13 00:00:00-05:00,MSFT,508.1967287528611,511.3735209246628,499.2140928412288,501.205810546875,25273100,-0.015357852274828332,0.9846421477251717,AI_Core
2025-11-14 00:00:00-05:00,MSFT,496.166765720741,509.4813936811572,495.3800287197931,508.0672607421875,28505700,0.013689885573804128,1.0136898855738041,AI_Core
2025-11-17 00:00:00-05:00,MSFT,506.34444359286346,509.9992285471841,502.8190947602184,505.3883972167969,19092800,-0.005272655280872285,0.9947273447191277,AI_Core
2025-11-18 00:00:00-05:00,MSFT,493.31862192366924,500.89712400975867,484.76419755903834,491.74517822265625,33815100,-0.02699551289518043,0.9730044871048196,AI_Core
2025-11-19 00:00:00-05:00,MSFT,488.0704229659532,493.13934080841636,480.8305097576304,485.1027526855469,23245300,-0.013507861045262248,0.9864921389547378,AI_Core
2025-11-20 00:00:00-05:00,MSFT,491.5879641710541,492.4460215630244,474.41716428973194,477.3404846191406,26802500,-0.016001286373730217,0.9839987136262698,AI_Core
2025-11-21 00:00:00-05:00,MSFT,477.4103368698009,477.8293938228302,467.20362215472323,471.04486083984375,31769200,-0.01318895836861611,0.9868110416313839,AI_Core
2025-11-24 00:00:00-05:00,MSFT,473.9183160323131,475.8139832068258,466.9542001322548,472.92059326171875,34421000,0.003982067479795237,1.0039820674797952,AI_Core
2025-11-25 00:00:00-05:00,MSFT,472.9904142849383,478.0588322743821,463.8313270788984,475.90374755859375,28019800,0.006307939090366643,1.0063079390903666,AI_Core
2025-11-26 00:00:00-05:00,MSFT,485.2025316262965,487.1979770584782,480.10418316215106,484.3943786621094,25709100,0.01784106796189966,1.0178410679618997,AI_Core
2025-11-28 00:00:00-05:00,MSFT,486.48962635446395,491.5081706450152,485.54177754838196,490.88958740234375,14386700,0.013408926747197292,1.0134089267471973,AI_Core
2025-12-01 00:00:00-05:00,MSFT,487.32770213243884,488.7444513856018,483.5463243869077,485.6315612792969,23964000,-0.01071121950431042,0.9892887804956896,AI_Core
2025-12-02 00:00:00-05:00,MSFT,485.6116258193264,492.3761849539621,485.2125428025972,488.8841552734375,19562700,0.006697657758429676,1.0066976577584297,AI_Core
2025-12-03 00:00:00-05:00,MSFT,475.23529714339696,483.13724409881166,474.1178525596479,476.64208984375,34615100,-0.02504083083412756,0.9749591691658724,AI_Core
2025-12-04 00:00:00-05:00,MSFT,478.6674679630734,480.2239129901724,475.40489514051177,479.7449951171875,22318200,0.006509927133071081,1.006509927133071,AI_Core
2025-12-05 00:00:00-05:00,MSFT,481.4211657314621,482.299166614698,477.78947078944657,482.0597229003906,22608700,0.004824912832363637,1.0048249128323636,AI_Core
2025-12-08 00:00:00-05:00,MSFT,483.7858099301447,491.17890888246444,483.2769615726175,489.9018249511719,21965900,0.01626790556904023,1.0162679055690402,AI_Core
2025-12-09 00:00:00-05:00,MSFT,487.9862027558801,490.99931449735556,487.3875630167038,490.8995361328125,14696100,0.0020365533068591457,1.0020365533068591,AI_Core
2025-12-10 00:00:00-05:00,MSFT,482.92772884397027,483.14722906115725,473.99809828560024,477.4701843261719,35756200,-0.027356619467261645,0.9726433805327384,AI_Core
2025-12-11 00:00:00-05:00,MSFT,475.5445986070271,484.92318635563356,474.7763326037194,482.3690185546875,24669200,0.010259979343901993,1.010259979343902,AI_Core
2025-12-12 00:00:00-05:00,MSFT,478.72734800157895,481.3513637649093,475.2552617920193,477.4402770996094,21248100,-0.010217781958397731,0.9897822180416023,AI_Core
2025-12-15 00:00:00-05:00,MSFT,479.0066832317436,479.6252664455081,471.44392797474177,473.73870849609375,23727700,-0.007752945826024926,0.9922470541739751,AI_Core
2025-12-16 00:00:00-05:00,MSFT,470.8353364785088,476.80172935648005,469.8076832860371,475.3051452636719,20705600,0.003306541643073313,1.0033065416430733,AI_Core
2025-12-17 00:00:00-05:00,MSFT,475.8239455574328,478.9069051052783,473.9182915104317,475.0357360839844,24527200,-0.0005668130933824678,0.9994331869066175,AI_Core
2025-12-18 00:00:00-05:00,MSFT,477.10104539067044,488.4850656489584,476.8017407441929,482.87786865234375,28573500,0.01650851077648796,1.016508510776488,AI_Core
2025-12-19 00:00:00-05:00,MSFT,486.2501387748106,486.73904362092316,481.39123391446003,484.8134460449219,70836100,0.004008420178750471,1.0040084201787505,AI_Core
2025-12-22 00:00:00-05:00,MSFT,485.01298390813173,487.6170561484318,481.5908021440126,483.81573486328125,16963000,-0.0020579280335145667,0.9979420719664854,AI_Core
2025-12-23 00:00:00-05:00,MSFT,483.8755963136496,486.71908182827985,483.63612214595605,485.7413330078125,14683600,0.003980023810253641,1.0039800238102536,AI_Core
2025-12-24 00:00:00-05:00,MSFT,484.5739628623746,488.04604888584674,483.7258924615979,486.90863037109375,5855900,0.0024031254578502637,1.0024031254578503,AI_Core
2025-12-26 00:00:00-05:00,MSFT,485.601642461088,487.00843522519267,484.85335038112265,486.599365234375,8842200,-0.000635160515604416,0.9993648394843956,AI_Core
2025-12-29 00:00:00-05:00,MSFT,483.7558335295542,487.23790659993216,483.0773893732932,485.9907531738281,10893400,-0.001250745693541444,0.9987492543064586,AI_Core
2025-12-30 00:00:00-05:00,MSFT,484.82341501264875,488.56487537463653,484.39440153201394,486.3699035644531,13944500,0.0007801596803003186,1.0007801596803003,AI_Core
