Date,Ticker,Open,High,Low,Close,Volume,Daily_Return,Log_Return,Category
2021-01-04 00:00:00-05:00,AMZN,163.5,163.60000610351562,157.2010040283203,159.3314971923828,88228000,,,AI_Core
2021-01-05 00:00:00-05:00,AMZN,158.30050659179688,161.16900634765625,158.2530059814453,160.92550659179688,53110000,0.010004358381754175,1.0100043583817542,AI_Core
2021-01-06 00:00:00-05:00,AMZN,157.32400512695312,159.87550354003906,156.55799865722656,156.91900634765625,87896000,-0.024896614147709384,0.9751033858522906,AI_Core
2021-01-07 00:00:00-05:00,AMZN,157.85000610351562,160.427001953125,157.75,158.10800170898438,70290000,0.0075771277744003385,1.0075771277744003,AI_Core
2021-01-08 00:00:00-05:00,AMZN,159.0,159.53199768066406,157.11000061035156,159.13499450683594,70754000,0.006495514374673217,1.0064955143746732,AI_Core
2021-01-11 00:00:00-05:00,AMZN,157.40049743652344,157.81900024414062,155.5,155.7104949951172,73668000,-0.021519462280005563,0.9784805377199944,AI_Core
2021-01-12 00:00:00-05:00,AMZN,156.0,157.10699462890625,154.3000030517578,156.04150390625,70292000,0.002125797051401035,1.002125797051401,AI_Core
2021-01-13 00:00:00-05:00,AMZN,156.4219970703125,159.49749755859375,156.10400390625,158.29449462890625,66424000,0.014438406874172749,1.0144384068741727,AI_Core
2021-01-14 00:00:00-05:00,AMZN,158.37600708007812,158.89999389648438,156.0294952392578,156.37350463867188,61418000,-0.012135545173177387,0.9878644548268226,AI_Core
2021-01-15 00:00:00-05:00,AMZN,156.1510009765625,157.12750244140625,154.7584991455078,155.21249389648438,84880000,-0.007424600125642833,0.9925753998743572,AI_Core
2021-01-19 00:00:00-05:00,AMZN,155.35000610351562,157.25,154.8000030517578,156.03799438476562,66102000,0.005318518294228358,1.0053185182942284,AI_Core
2021-01-20 00:00:00-05:00,AMZN,159.09950256347656,163.99000549316406,158.75,163.16900634765625,106196000,0.04570048462239673,1.0457004846223967,AI_Core
2021-01-21 00:00:00-05:00,AMZN,164.64999389648438,167.42750549316406,164.47850036621094,165.34950256347656,98722000,0.013363421550624865,1.0133634215506249,AI_Core
2021-01-22 00:00:00-05:00,AMZN,165.2154998779297,166.0955047607422,164.1580047607422,164.6114959716797,56438000,-0.00446331304512726,0.9955366869548727,AI_Core
2021-01-25 00:00:00-05:00,AMZN,166.4250030517578,168.1945037841797,162.15750122070312,164.6999969482422,74996000,0.0005376354551673845,1.0005376354551674,AI_Core
2021-01-26 00:00:00-05:00,AMZN,164.8179931640625,166.89999389648438,164.14349365234375,166.30650329589844,59104000,0.009754137082109926,1.00975413708211,AI_Core
2021-01-27 00:00:00-05:00,AMZN,167.07449340820312,167.3260040283203,160.35400390625,161.62899780273438,93204000,-0.02812581228312927,0.9718741877168707,AI_Core
2021-01-28 00:00:00-05:00,AMZN,161.7519989013672,165.08399963378906,161.4344940185547,161.88099670410156,62984000,0.0015591193708615059,1.0015591193708615,AI_Core
2021-01-29 00:00:00-05:00,AMZN,161.5,161.84950256347656,159.2274932861328,160.30999755859375,85872000,-0.009704654514695155,0.9902953454853048,AI_Core
2021-02-01 00:00:00-05:00,AMZN,162.1179962158203,167.51300048828125,161.75149536132812,167.1439971923828,83204000,0.042629902924745666,1.0426299029247457,AI_Core
2021-02-02 00:00:00-05:00,AMZN,169.0,171.38699340820312,168.05650329589844,169.0,141972000,0.011104214562255077,1.011104214562255,AI_Core
2021-02-03 00:00:00-05:00,AMZN,171.25050354003906,171.6999969482422,165.43099975585938,165.62649536132812,141776000,-0.019961565909300982,0.980038434090699,AI_Core
2021-02-04 00:00:00-05:00,AMZN,166.5,167.35000610351562,163.8874969482422,166.5500030517578,73414000,0.005575845147329783,1.0055758451473298,AI_Core
2021-02-05 00:00:00-05:00,AMZN,165.9499969482422,168.85000610351562,165.135498046875,167.6074981689453,72416000,0.006349415177487883,1.0063494151774879,AI_Core
2021-02-08 00:00:00-05:00,AMZN,167.9250030517578,168.25,165.1999969482422,166.14700317382812,65148000,-0.008713780773966562,0.9912862192260334,AI_Core
2021-02-09 00:00:00-05:00,AMZN,165.62449645996094,166.89999389648438,164.89199829101562,165.25,44070000,-0.00539885256244832,0.9946011474375517,AI_Core
2021-02-10 00:00:00-05:00,AMZN,165.6999969482422,165.8975067138672,162.6999969482422,164.32899475097656,63032000,-0.005573405440383872,0.9944265945596161,AI_Core
2021-02-11 00:00:00-05:00,AMZN,164.60000610351562,164.60000610351562,162.4029998779297,163.10650634765625,46028000,-0.007439273910078148,0.9925607260899219,AI_Core
2021-02-12 00:00:00-05:00,AMZN,162.5,164.0124969482422,161.66549682617188,163.885498046875,46706000,0.004775969497859078,1.004775969497859,AI_Core
2021-02-16 00:00:00-05:00,AMZN,162.70249938964844,165.4149932861328,162.67950439453125,163.44749450683594,51494000,-0.0026726192693009576,0.997327380730699,AI_Core
2021-02-17 00:00:00-05:00,AMZN,163.17999267578125,166.04550170898438,162.97500610351562,165.4320068359375,65950000,0.012141589169594624,1.0121415891695946,AI_Core
2021-02-18 00:00:00-05:00,AMZN,164.12100219726562,166.89999389648438,163.69700622558594,166.4114990234375,60548000,0.005920814274298136,1.0059208142742981,AI_Core
2021-02-19 00:00:00-05:00,AMZN,166.4114990234375,166.6750030517578,162.28750610351562,162.4949951171875,86104000,-0.023535055745747435,0.9764649442542526,AI_Core
2021-02-22 00:00:00-05:00,AMZN,160.406494140625,161.61599731445312,158.61300659179688,159.03700256347656,70314000,-0.021280609604111933,0.9787193903958881,AI_Core
2021-02-23 00:00:00-05:00,AMZN,156.35150146484375,160.2364959716797,154.67999267578125,159.72500610351562,93544000,0.004326059526709614,1.0043260595267096,AI_Core
2021-02-24 00:00:00-05:00,AMZN,158.33749389648438,158.56149291992188,156.2689971923828,157.97650146484375,60226000,-0.010946968676518232,0.9890530313234818,AI_Core
2021-02-25 00:00:00-05:00,AMZN,156.83700561523438,158.91299438476562,152.38800048828125,152.85800170898438,90676000,-0.03240038681954516,0.9675996131804548,AI_Core
2021-02-26 00:00:00-05:00,AMZN,154.75999450683594,156.1219940185547,151.8350067138672,154.64649963378906,85518000,0.011700387973209825,1.0117003879732098,AI_Core
2021-03-01 00:00:00-05:00,AMZN,156.39450073242188,157.47799682617188,154.89950561523438,157.3070068359375,54582000,0.017203798394717307,1.0172037983947173,AI_Core
2021-03-02 00:00:00-05:00,AMZN,157.17349243164062,158.17599487304688,154.3560028076172,154.72650146484375,51916000,-0.016404262105025436,0.9835957378949746,AI_Core
2021-03-03 00:00:00-05:00,AMZN,154.0590057373047,155.38900756835938,149.75,150.25,79774000,-0.02893170479822993,0.9710682952017701,AI_Core
2021-03-04 00:00:00-05:00,AMZN,150.60000610351562,152.906494140625,147.27149963378906,148.8784942626953,109632000,-0.009128157985388907,0.9908718420146111,AI_Core
2021-03-05 00:00:00-05:00,AMZN,150.25,150.4499969482422,144.0500030517578,150.0229949951172,107772000,0.007687481916645478,1.0076874819166455,AI_Core
2021-03-08 00:00:00-05:00,AMZN,150.75,153.22950744628906,147.5655059814453,147.59750366210938,83700000,-0.016167463748385735,0.9838325362516143,AI_Core
2021-03-09 00:00:00-05:00,AMZN,150.89950561523438,154.54800415039062,150.25750732421875,153.1425018310547,80600000,0.03756837366056898,1.037568373660569,AI_Core
2021-03-10 00:00:00-05:00,AMZN,154.92250061035156,155.822998046875,151.50250244140625,152.8820037841797,60250000,-0.0017010173123747085,0.9982989826876253,AI_Core
2021-03-11 00:00:00-05:00,AMZN,155.20050048828125,156.58900451660156,154.14649963378906,155.67950439453125,55528000,0.018298429776605563,1.0182984297766056,AI_Core
2021-03-12 00:00:00-05:00,AMZN,153.75,154.94900512695312,152.27499389648438,154.47450256347656,48438000,-0.0077402727850476305,0.9922597272149524,AI_Core
2021-03-15 00:00:00-04:00,AMZN,153.72850036621094,154.11199951171875,151.60450744628906,154.08399963378906,58272000,-0.0025279442445658162,0.9974720557554342,AI_Core
2021-03-16 00:00:00-04:00,AMZN,155.24850463867188,156.44549560546875,153.79299926757812,154.59300231933594,50776000,0.0033034103914528767,1.0033034103914529,AI_Core
2021-03-17 00:00:00-04:00,AMZN,153.66099548339844,158.65249633789062,153.51100158691406,156.7864990234375,62372000,0.014188848597238346,1.0141888485972383,AI_Core
2021-03-18 00:00:00-04:00,AMZN,155.0500030517578,155.8314971923828,151.25,151.39950561523438,72992000,-0.03435878370750434,0.9656412162924957,AI_Core
2021-03-19 00:00:00-04:00,AMZN,151.4615020751953,153.864501953125,150.8314971923828,153.7480010986328,92508000,0.015511909856343209,1.0155119098563432,AI_Core
2021-03-22 00:00:00-04:00,AMZN,153.3925018310547,156.32899475097656,153.00250244140625,155.5435028076172,58044000,0.01167821172408301,1.011678211724083,AI_Core
2021-03-23 00:00:00-04:00,AMZN,156.35000610351562,159.10000610351562,156.04249572753906,156.875,76346000,0.008560288075996736,1.0085602880759967,AI_Core
2021-03-24 00:00:00-04:00,AMZN,157.552001953125,158.0155029296875,154.25750732421875,154.35350036621094,59180000,-0.016073304438495972,0.983926695561504,AI_Core
2021-03-25 00:00:00-04:00,AMZN,153.64950561523438,155.48899841308594,151.85699462890625,152.31300354003906,71270000,-0.013219634289670767,0.9867803657103292,AI_Core
2021-03-26 00:00:00-04:00,AMZN,152.2030029296875,152.83299255371094,149.8000030517578,152.60150146484375,66258000,0.0018941122432061253,1.0018941122432061,AI_Core
2021-03-29 00:00:00-04:00,AMZN,152.77200317382812,154.5625,151.42250061035156,153.7864990234375,54920000,0.007765307334585803,1.0077653073345858,AI_Core
2021-03-30 00:00:00-04:00,AMZN,153.50050354003906,153.64999389648438,151.6999969482422,152.76449584960938,46752000,-0.006645597502498379,0.9933544024975016,AI_Core
2021-03-31 00:00:00-04:00,AMZN,153.2030029296875,155.9665069580078,153.125,154.70399475097656,61878000,0.01269600564306872,1.0126960056430687,AI_Core
2021-04-01 00:00:00-04:00,AMZN,155.89700317382812,158.1219940185547,155.77749633789062,158.0500030517578,58806000,0.02162845443110406,1.021628454431104,AI_Core
2021-04-05 00:00:00-04:00,AMZN,158.64999389648438,161.79800415039062,158.06199645996094,161.3365020751953,66698000,0.02079404593469847,1.0207940459346985,AI_Core
2021-04-06 00:00:00-04:00,AMZN,161.1875,162.36549377441406,160.8520050048828,161.1909942626953,50756000,-0.0009018902147276409,0.9990981097852724,AI_Core
2021-04-07 00:00:00-04:00,AMZN,161.69000244140625,165.1804962158203,161.1824951171875,163.96949768066406,66924000,0.01723733655641202,1.017237336556412,AI_Core
2021-04-08 00:00:00-04:00,AMZN,165.5449981689453,166.22500610351562,164.60000610351562,164.96499633789062,56242000,0.006071242952548017,1.006071242952548,AI_Core
2021-04-09 00:00:00-04:00,AMZN,165.23500061035156,168.61000061035156,164.44500732421875,168.61000061035156,86830000,0.02209562242522667,1.0220956224252267,AI_Core
2021-04-12 00:00:00-04:00,AMZN,167.760498046875,169.7519989013672,167.5574951171875,168.96949768066406,65636000,0.0021321218730274705,1.0021321218730275,AI_Core
2021-04-13 00:00:00-04:00,AMZN,170.04249572753906,171.60000610351562,169.781494140625,170.0,66316000,0.006098747605224553,1.0060987476052246,AI_Core
2021-04-14 00:00:00-04:00,AMZN,170.20199584960938,170.2064971923828,166.3000030517578,166.64999389648438,62904000,-0.01970591825597423,0.9802940817440258,AI_Core
2021-04-15 00:00:00-04:00,AMZN,168.5500030517578,169.85000610351562,167.60000610351562,168.95449829101562,64672000,0.013828409714570444,1.0138284097145704,AI_Core
2021-04-16 00:00:00-04:00,AMZN,169.0,170.33999633789062,167.7794952392578,169.9720001220703,63720000,0.006022342354579324,1.0060223423545793,AI_Core
2021-04-19 00:00:00-04:00,AMZN,169.51649475097656,171.79649353027344,168.00799560546875,168.60049438476562,54508000,-0.00806900981526193,0.9919309901847381,AI_Core
2021-04-20 00:00:00-04:00,AMZN,168.67999267578125,169.14950561523438,165.8000030517578,166.7344970703125,52460000,-0.011067567276491497,0.9889324327235085,AI_Core
2021-04-21 00:00:00-04:00,AMZN,165.8000030517578,168.14300537109375,165.1905059814453,168.1009979248047,44224000,0.008195669633476843,1.0081956696334768,AI_Core
2021-04-22 00:00:00-04:00,AMZN,168.58399963378906,168.64349365234375,165.07249450683594,165.45199584960938,51612000,-0.015758395892332966,0.984241604107667,AI_Core
2021-04-23 00:00:00-04:00,AMZN,165.9550018310547,168.75,165.4250030517578,167.04400634765625,63856000,0.00962218974677076,1.0096221897467708,AI_Core
2021-04-26 00:00:00-04:00,AMZN,167.39999389648438,171.42250061035156,166.5469970703125,170.4499969482422,97614000,0.020389780364207244,1.0203897803642072,AI_Core
2021-04-27 00:00:00-04:00,AMZN,172.17349243164062,173.0,169.90049743652344,170.8715057373047,76542000,0.0024729175512423485,1.0024729175512423,AI_Core
2021-04-28 00:00:00-04:00,AMZN,171.74000549316406,174.49400329589844,171.25,172.9250030517578,92638000,0.012017786731569835,1.0120177867315698,AI_Core
2021-04-29 00:00:00-04:00,AMZN,175.2550048828125,175.72250366210938,171.75,173.5655059814453,153648000,0.0037039347600635875,1.0037039347600636,AI_Core
2021-04-30 00:00:00-04:00,AMZN,176.25599670410156,177.6999969482422,173.125,173.37100219726562,140186000,-0.001120636171800582,0.9988793638281994,AI_Core
2021-05-03 00:00:00-04:00,AMZN,174.2364959716797,174.33250427246094,168.63499450683594,169.32449340820312,117510000,-0.023340170719312603,0.9766598292806874,AI_Core
2021-05-04 00:00:00-04:00,AMZN,167.8094940185547,168.3990020751953,163.60650634765625,165.593505859375,108788000,-0.022034541333801894,0.9779654586661981,AI_Core
2021-05-05 00:00:00-04:00,AMZN,166.9429931640625,167.73500061035156,163.21800231933594,163.52699279785156,74226000,-0.012479432999494278,0.9875205670005057,AI_Core
2021-05-06 00:00:00-04:00,AMZN,163.5,165.72000122070312,162.36000061035156,165.31849670410156,88954000,0.010955401769447537,1.0109554017694475,AI_Core
2021-05-07 00:00:00-04:00,AMZN,165.95449829101562,166.54449462890625,164.45350646972656,164.58050537109375,94206000,-0.0044640578502762596,0.9955359421497237,AI_Core
2021-05-10 00:00:00-04:00,AMZN,164.11599731445312,164.14999389648438,159.5,159.52450561523438,116772000,-0.03072052637375966,0.9692794736262403,AI_Core
2021-05-11 00:00:00-04:00,AMZN,156.81399536132812,161.89999389648438,156.36849975585938,161.19549560546875,92396000,0.010474816917876772,1.0104748169178768,AI_Core
2021-05-12 00:00:00-04:00,AMZN,159.25,160.39700317382812,156.65499877929688,157.5970001220703,98728000,-0.022323796765424953,0.977676203234575,AI_Core
2021-05-13 00:00:00-04:00,AMZN,159.27349853515625,160.19200134277344,156.64999389648438,158.07350158691406,67018000,0.0030235440044839024,1.003023544004484,AI_Core
2021-05-14 00:00:00-04:00,AMZN,159.2779998779297,161.4429931640625,159.14999389648438,161.14500427246094,66500000,0.019430851184491837,1.0194308511844918,AI_Core
2021-05-17 00:00:00-04:00,AMZN,162.29649353027344,164.6374969482422,161.72950744628906,163.51950073242188,74478000,0.0147351540352203,1.0147351540352203,AI_Core
2021-05-18 00:00:00-04:00,AMZN,164.62899780273438,165.60000610351562,161.51849365234375,161.61399841308594,56568000,-0.011653058569779051,0.988346941430221,AI_Core
2021-05-19 00:00:00-04:00,AMZN,159.75,161.7375030517578,159.1999969482422,161.58999633789062,53594000,-0.000148514828115065,0.9998514851718849,AI_Core
2021-05-20 00:00:00-04:00,AMZN,162.22000122070312,162.98399353027344,161.8090057373047,162.38400268554688,52664000,0.004913709794237331,1.0049137097942373,AI_Core
2021-05-21 00:00:00-04:00,AMZN,162.5,162.83450317382812,159.85049438476562,160.1540069580078,82098000,-0.013732853548741542,0.9862671464512585,AI_Core
2021-05-24 00:00:00-04:00,AMZN,160.77499389648438,162.8975067138672,160.52499389648438,162.24949645996094,48456000,0.013084215261017773,1.0130842152610178,AI_Core
2021-05-25 00:00:00-04:00,AMZN,163.33349609375,163.99099731445312,160.68800354003906,162.95249938964844,65222000,0.004332851226203749,1.0043328512262037,AI_Core
2021-05-26 00:00:00-04:00,AMZN,163.72950744628906,164.7864990234375,162.92550659179688,163.25799560546875,47680000,0.0018747562447005706,1.0018747562447006,AI_Core
2021-05-27 00:00:00-04:00,AMZN,162.8000030517578,163.01800537109375,161.5019989013672,161.5054931640625,51224000,-0.010734558114025683,0.9892654418859743,AI_Core
2021-05-28 00:00:00-04:00,AMZN,162.10000610351562,162.39950561523438,160.98500061035156,161.15350341796875,46596000,-0.0021794289420000723,0.9978205710579999,AI_Core
2021-06-01 00:00:00-04:00,AMZN,162.1750030517578,162.5489959716797,160.4530029296875,160.9324951171875,48600000,-0.0013714148069622345,0.9986285851930378,AI_Core
2021-06-02 00:00:00-04:00,AMZN,161.15499877929688,161.75,160.39999389648438,161.69949340820312,40290000,0.004765962837133042,1.004765962837133,AI_Core
2021-06-03 00:00:00-04:00,AMZN,160.2115020751953,160.7220001220703,159.20150756835938,159.35049438476562,47966000,-0.014526941142032901,0.9854730588579671,AI_Core
2021-06-04 00:00:00-04:00,AMZN,160.60000610351562,161.0500030517578,159.9405059814453,160.31100463867188,44994000,0.006027657821926935,1.006027657821927,AI_Core
2021-06-07 00:00:00-04:00,AMZN,159.8665008544922,160.39999389648438,158.61000061035156,159.90049743652344,44316000,-0.0025606925929613222,0.9974393074070387,AI_Core
2021-06-08 00:00:00-04:00,AMZN,161.1304931640625,163.97650146484375,160.90049743652344,163.20550537109375,68334000,0.020669153552085318,1.0206691535520853,AI_Core
2021-06-09 00:00:00-04:00,AMZN,163.64349365234375,164.87899780273438,163.53500366210938,164.0574951171875,49110000,0.005220349302289318,1.0052203493022893,AI_Core
2021-06-10 00:00:00-04:00,AMZN,164.10049438476562,167.5500030517578,164.0574951171875,167.4824981689453,69530000,0.02087684594544914,1.0208768459454491,AI_Core
2021-06-11 00:00:00-04:00,AMZN,167.4824981689453,168.32899475097656,166.67250061035156,167.3415069580078,56348000,-0.0008418265339896758,0.9991581734660103,AI_Core
2021-06-14 00:00:00-04:00,AMZN,167.3415069580078,169.25,166.77499389648438,169.19349670410156,51394000,0.011067127216432215,1.0110671272164322,AI_Core
2021-06-15 00:00:00-04:00,AMZN,169.1999969482422,169.84950256347656,168.15550231933594,169.156494140625,48524000,-0.0002186996793457352,0.9997813003206543,AI_Core
2021-06-16 00:00:00-04:00,AMZN,169.60000610351562,171.3175048828125,168.02650451660156,170.7624969482422,84056000,0.0094941835711142,1.0094941835711142,AI_Core
2021-06-17 00:00:00-04:00,AMZN,170.15899658203125,174.86000061035156,170.0500030517578,174.46200561523438,102730000,0.02166464377780497,1.021664643777805,AI_Core
2021-06-18 00:00:00-04:00,AMZN,173.99949645996094,175.35000610351562,173.6855010986328,174.34500122070312,104954000,-0.0006706583139327593,0.9993293416860672,AI_Core
2021-06-21 00:00:00-04:00,AMZN,173.8209991455078,174.10000610351562,171.6999969482422,172.697998046875,65542000,-0.009446804682075038,0.990553195317925,AI_Core
2021-06-22 00:00:00-04:00,AMZN,172.9029998779297,176.18899536132812,172.80450439453125,175.27200317382812,66902000,0.01490466106187549,1.0149046610618755,AI_Core
2021-06-23 00:00:00-04:00,AMZN,175.25,176.0500030517578,174.16000366210938,175.1909942626953,56266000,-0.0004621896804161141,0.9995378103195839,AI_Core
2021-06-24 00:00:00-04:00,AMZN,175.3820037841797,176.2429962158203,171.54249572753906,172.45399475097656,76640000,-0.015622946391951387,0.9843770536080486,AI_Core
2021-06-25 00:00:00-04:00,AMZN,173.1999969482422,173.24099731445312,169.70899963378906,170.072998046875,78820000,-0.013806561613952328,0.9861934383860477,AI_Core
2021-06-28 00:00:00-04:00,AMZN,170.8000030517578,172.39999389648438,170.67550659179688,172.1945037841797,44856000,0.012474089136242261,1.0124740891362423,AI_Core
2021-06-29 00:00:00-04:00,AMZN,171.9409942626953,172.80149841308594,171.15150451660156,172.40699768066406,41968000,0.0012340341405479016,1.001234034140548,AI_Core
2021-06-30 00:00:00-04:00,AMZN,172.05299377441406,173.5800018310547,171.75,172.00799560546875,48080000,-0.0023143032508132766,0.9976856967491867,AI_Core
2021-07-01 00:00:00-04:00,AMZN,171.73049926757812,172.85000610351562,170.4709930419922,171.64849853515625,40742000,-0.0020900020900020966,0.9979099979099979,AI_Core
2021-07-02 00:00:00-04:00,AMZN,172.58200073242188,175.58599853515625,171.8459930419922,175.5489959716797,63388000,0.022723749230608936,1.022723749230609,AI_Core
2021-07-06 00:00:00-04:00,AMZN,176.5054931640625,184.2740020751953,176.4499969482422,183.78700256347656,134896000,0.04692710742205475,1.0469271074220547,AI_Core
2021-07-07 00:00:00-04:00,AMZN,185.86900329589844,186.7100067138672,183.94549560546875,184.82899475097656,106562000,0.005669564076709488,1.0056695640767095,AI_Core
2021-07-08 00:00:00-04:00,AMZN,182.17799377441406,187.99949645996094,181.05599975585938,186.57049560546875,103612000,0.009422227593882448,1.0094222275938824,AI_Core
2021-07-09 00:00:00-04:00,AMZN,186.12600708007812,187.39999389648438,184.6699981689453,185.9669952392578,74964000,-0.003234704202571881,0.9967652957974281,AI_Core
2021-07-12 00:00:00-04:00,AMZN,187.1999969482422,187.864501953125,184.83949279785156,185.92750549316406,51432000,-0.00021234814297532711,0.9997876518570247,AI_Core
2021-07-13 00:00:00-04:00,AMZN,185.10499572753906,188.6540069580078,183.5659942626953,183.8679962158203,76918000,-0.011076947823728367,0.9889230521762716,AI_Core
2021-07-14 00:00:00-04:00,AMZN,185.4425048828125,185.88299560546875,183.04150390625,184.08399963378906,65932000,0.0011747744165069296,1.001174774416507,AI_Core
2021-07-15 00:00:00-04:00,AMZN,184.7100067138672,184.77000427246094,181.04600524902344,181.55999755859375,63706000,-0.013711143174944485,0.9862888568250555,AI_Core
2021-07-16 00:00:00-04:00,AMZN,181.66549682617188,182.30299377441406,178.5229949951172,178.68150329589844,80874000,-0.01585423166667732,0.9841457683333227,AI_Core
2021-07-19 00:00:00-04:00,AMZN,176.62899780273438,177.510498046875,174.95799255371094,177.47950744628906,75692000,-0.006727030092302577,0.9932729699076974,AI_Core
2021-07-20 00:00:00-04:00,AMZN,178.36599731445312,179.60000610351562,175.89999389648438,178.6595001220703,65114000,0.0066486136498793424,1.0066486136498793,AI_Core
2021-07-21 00:00:00-04:00,AMZN,178.81900024414062,179.32249450683594,177.1820068359375,179.25999450683594,46380000,0.003361110852517335,1.0033611108525173,AI_Core
2021-07-22 00:00:00-04:00,AMZN,179.3614959716797,182.00100708007812,179.11349487304688,181.90150451660156,65308000,0.014735635895966048,1.014735635895966,AI_Core
2021-07-23 00:00:00-04:00,AMZN,182.0,183.3054962158203,181.1020050048828,182.83200073242188,48726000,0.005115384934792466,1.0051153849347925,AI_Core
2021-07-26 00:00:00-04:00,AMZN,183.6584930419922,185.60400390625,182.3625030517578,184.99099731445312,58002000,0.01180863619816197,1.011808636198162,AI_Core
2021-07-27 00:00:00-04:00,AMZN,184.9250030517578,184.9250030517578,179.3074951171875,181.3195037841797,82638000,-0.019846876786293155,0.9801531232137068,AI_Core
2021-07-28 00:00:00-04:00,AMZN,181.68899536132812,182.92100524902344,180.0500030517578,181.51600646972656,59988000,0.0010837371680696428,1.0010837371680696,AI_Core
2021-07-29 00:00:00-04:00,AMZN,181.3874969482422,181.8975067138672,179.00050354003906,179.99600219726562,110400000,-0.008373940689987869,0.9916260593100121,AI_Core
2021-07-30 00:00:00-04:00,AMZN,167.3975067138672,168.40699768066406,165.3489990234375,166.37950134277344,199312000,-0.07564890713277761,0.9243510928672224,AI_Core
2021-08-02 00:00:00-04:00,AMZN,167.65499877929688,167.9459991455078,165.85000610351562,166.57400512695312,67078000,0.0011690369463182027,1.0011690369463182,AI_Core
2021-08-03 00:00:00-04:00,AMZN,167.03599548339844,169.5500030517578,164.98849487304688,168.31199645996094,83146000,0.01043374884144277,1.0104337488414428,AI_Core
2021-08-04 00:00:00-04:00,AMZN,168.96749877929688,169.44400024414062,167.2779998779297,167.73599243164062,43678000,-0.0034222398904129037,0.9965777601095871,AI_Core
2021-08-05 00:00:00-04:00,AMZN,167.81100463867188,169.4499969482422,167.04600524902344,168.79949951171875,48670000,0.006340362999381677,1.0063403629993817,AI_Core
2021-08-06 00:00:00-04:00,AMZN,168.75,168.75,166.45199584960938,167.2469940185547,52752000,-0.009197334693852421,0.9908026653061476,AI_Core
2021-08-09 00:00:00-04:00,AMZN,167.1804962158203,167.74400329589844,166.42599487304688,167.093505859375,42964000,-0.0009177334401756498,0.9990822665598244,AI_Core
2021-08-10 00:00:00-04:00,AMZN,167.25050354003906,167.89999389648438,165.75,166.03399658203125,48252000,-0.006340816609805455,0.9936591833901945,AI_Core
2021-08-11 00:00:00-04:00,AMZN,166.57249450683594,166.88499450683594,163.88949584960938,164.60549926757812,58944000,-0.008603643493863333,0.9913963565061367,AI_Core
2021-08-12 00:00:00-04:00,AMZN,164.5,165.72549438476562,163.48350524902344,165.1750030517578,46282000,0.003459810192938395,1.0034598101929384,AI_Core
2021-08-13 00:00:00-04:00,AMZN,165.2834930419922,165.30349731445312,164.14999389648438,164.69850158691406,41134000,-0.0028848279463596915,0.9971151720536403,AI_Core
2021-08-16 00:00:00-04:00,AMZN,164.14999389648438,165.0,160.55650329589844,164.94949340820312,66394000,0.0015239472057770875,1.001523947205777,AI_Core
2021-08-17 00:00:00-04:00,AMZN,163.875,164.02450561523438,161.28399658203125,162.09800720214844,67758000,-0.01728702615047184,0.9827129738495282,AI_Core
2021-08-18 00:00:00-04:00,AMZN,162.09950256347656,162.7050018310547,160.0,160.06100463867188,56086000,-0.012566487390164305,0.9874335126098357,AI_Core
2021-08-19 00:00:00-04:00,AMZN,159.7010040283203,161.64999389648438,159.1230010986328,159.3874969482422,75658000,-0.0042078187123096855,0.9957921812876903,AI_Core
2021-08-20 00:00:00-04:00,AMZN,160.19349670410156,160.3905029296875,158.78799438476562,159.99749755859375,67168000,0.003827154714335368,1.0038271547143354,AI_Core
2021-08-23 00:00:00-04:00,AMZN,160.59500122070312,164.0449981689453,160.50050354003906,163.2935028076172,65362000,0.02060035500127988,1.0206003550012799,AI_Core
2021-08-24 00:00:00-04:00,AMZN,164.0,165.77450561523438,163.72900390625,165.28900146484375,51036000,0.012220318769066596,1.0122203187690666,AI_Core
2021-08-25 00:00:00-04:00,AMZN,165.49349975585938,166.0500030517578,164.3074951171875,164.95899963378906,33606000,-0.0019965141547840792,0.9980034858452159,AI_Core
2021-08-26 00:00:00-04:00,AMZN,164.9499969482422,166.60000610351562,164.8000030517578,165.8000030517578,41976000,0.005098257262930783,1.0050982572629308,AI_Core
2021-08-27 00:00:00-04:00,AMZN,166.6614990234375,167.61599731445312,165.6875,167.48150634765625,48048000,0.01014175672465778,1.0101417567246578,AI_Core
2021-08-30 00:00:00-04:00,AMZN,167.8715057373047,172.25,167.76100158691406,171.07850646972656,63844000,0.021476998866989616,1.0214769988669896,AI_Core
2021-08-31 00:00:00-04:00,AMZN,171.24000549316406,173.62899780273438,169.7794952392578,173.5395050048828,87128000,0.01438520002272603,1.014385200022726,AI_Core
2021-09-01 00:00:00-04:00,AMZN,174.82000732421875,176.35000610351562,173.76199340820312,173.9499969482422,72598000,0.0023654092095504176,1.0023654092095504,AI_Core
2021-09-02 00:00:00-04:00,AMZN,174.73800659179688,175.59800720214844,172.75,173.156005859375,58474000,-0.004564478889317991,0.995435521110682,AI_Core
2021-09-03 00:00:00-04:00,AMZN,172.60000610351562,174.1334991455078,171.82200622558594,173.90249633789062,51514000,0.004311086264728647,1.0043110862647286,AI_Core
2021-09-07 00:00:00-04:00,AMZN,173.89999389648438,176.4044952392578,173.8470001220703,175.46449279785156,54758000,0.008982024369138308,1.0089820243691383,AI_Core
2021-09-08 00:00:00-04:00,AMZN,175.58250427246094,177.281494140625,174.7834930419922,176.27499389648438,61068000,0.004619174430729789,1.0046191744307298,AI_Core
2021-09-09 00:00:00-04:00,AMZN,176.30099487304688,177.49949645996094,174.01849365234375,174.20799255371094,54384000,-0.011726004336084506,0.9882739956639155,AI_Core
2021-09-10 00:00:00-04:00,AMZN,175.0915069580078,175.42250061035156,173.14549255371094,173.45750427246094,47946000,-0.004308001431212238,0.9956919985687878,AI_Core
2021-09-13 00:00:00-04:00,AMZN,174.13999938964844,174.8979949951172,171.89999389648438,172.85850524902344,51380000,-0.0034532897607970625,0.9965467102392029,AI_Core
2021-09-14 00:00:00-04:00,AMZN,173.77749633789062,174.3404998779297,171.885498046875,172.5,38738000,-0.002073980962099431,0.9979260190379006,AI_Core
2021-09-15 00:00:00-04:00,AMZN,172.12600708007812,174.27099609375,170.10049438476562,173.7895050048828,59150000,0.007475391332653958,1.007475391332654,AI_Core
2021-09-16 00:00:00-04:00,AMZN,172.9980010986328,174.62750244140625,172.3070068359375,174.41200256347656,51672000,0.0035819053548502566,1.0035819053548503,AI_Core
2021-09-17 00:00:00-04:00,AMZN,174.42050170898438,174.87049865722656,172.60650634765625,173.12600708007812,92332000,-0.007373319866162298,0.9926266801338377,AI_Core
2021-09-20 00:00:00-04:00,AMZN,169.8000030517578,170.9499969482422,165.25050354003906,167.7864990234375,93382000,-0.03084174438431353,0.9691582556156865,AI_Core
2021-09-21 00:00:00-04:00,AMZN,168.75,168.98500061035156,166.6195068359375,167.18150329589844,55618000,-0.0036057473697842513,0.9963942526302157,AI_Core
2021-09-22 00:00:00-04:00,AMZN,167.5500030517578,169.4499969482422,167.05250549316406,169.00250244140625,48228000,0.01089234819407503,1.010892348194075,AI_Core
2021-09-23 00:00:00-04:00,AMZN,169.00250244140625,171.447998046875,169.00250244140625,170.8000030517578,47588000,0.01063594079605279,1.0106359407960528,AI_Core
2021-09-24 00:00:00-04:00,AMZN,170.10049438476562,171.46299743652344,169.6699981689453,171.2760009765625,42324000,0.0027868730462519142,1.002786873046252,AI_Core
2021-09-27 00:00:00-04:00,AMZN,168.5749969482422,170.77850341796875,166.98049926757812,170.2899932861328,72690000,-0.005756835077931344,0.9942431649220687,AI_Core
2021-09-28 00:00:00-04:00,AMZN,167.885498046875,168.45950317382812,164.5050048828125,165.79800415039062,88616000,-0.0263784679831095,0.9736215320168905,AI_Core
2021-09-29 00:00:00-04:00,AMZN,166.10549926757812,167.56500244140625,164.89349365234375,165.05599975585938,51246000,-0.004475351789266391,0.9955246482107336,AI_Core
2021-09-30 00:00:00-04:00,AMZN,165.8000030517578,166.3925018310547,163.69949340820312,164.2519989013672,56848000,-0.0048710792439015105,0.9951289207560985,AI_Core
2021-10-01 00:00:00-04:00,AMZN,164.45050048828125,165.45849609375,162.7969970703125,164.16299438476562,56712000,-0.0005418778291703674,0.9994581221708296,AI_Core
2021-10-04 00:00:00-04:00,AMZN,163.96949768066406,163.99949645996094,158.8125,159.48899841308594,90462000,-0.028471678341373097,0.9715283216586269,AI_Core
2021-10-05 00:00:00-04:00,AMZN,160.22500610351562,163.0364990234375,160.1230010986328,161.0500030517578,65384000,0.00978753803838428,1.0097875380383843,AI_Core
2021-10-06 00:00:00-04:00,AMZN,160.67649841308594,163.2169952392578,159.93099975585938,163.10049438476562,50660000,0.012732016728672857,1.0127320167286729,AI_Core
2021-10-07 00:00:00-04:00,AMZN,164.57699584960938,166.28750610351562,164.1529998779297,165.1215057373047,48182000,0.012391203105561077,1.012391203105561,AI_Core
2021-10-08 00:00:00-04:00,AMZN,165.85000610351562,166.07150268554688,164.41000366210938,164.43099975585938,39964000,-0.004181805261295635,0.9958181947387044,AI_Core
2021-10-11 00:00:00-04:00,AMZN,163.75,164.62950134277344,161.90499877929688,162.31500244140625,40684000,-0.01286860335091844,0.9871313966490816,AI_Core
2021-10-12 00:00:00-04:00,AMZN,162.85000610351562,163.37649536132812,161.81399536132812,162.3665008544922,36392000,0.0003172745113595443,1.0003172745113595,AI_Core
2021-10-13 00:00:00-04:00,AMZN,163.48550415039062,164.41900634765625,163.05450439453125,164.21400451660156,48402000,0.011378601203982708,1.0113786012039827,AI_Core
2021-10-14 00:00:00-04:00,AMZN,165.12249755859375,165.6300048828125,164.53900146484375,164.9929962158203,42190000,0.004743759227551214,1.0047437592275512,AI_Core
2021-10-15 00:00:00-04:00,AMZN,165.5709991455078,170.52099609375,165.1999969482422,170.4510040283203,103598000,0.03308023939004423,1.0330802393900442,AI_Core
2021-10-18 00:00:00-04:00,AMZN,169.41799926757812,172.45849609375,169.2550048828125,172.33700561523438,63482000,0.011064772529006062,1.011064772529006,AI_Core
2021-10-19 00:00:00-04:00,AMZN,171.71449279785156,172.7344970703125,171.10000610351562,172.20750427246094,47722000,-0.0007514424560826072,0.9992485575439174,AI_Core
2021-10-20 00:00:00-04:00,AMZN,172.63299560546875,173.14300537109375,170.01849365234375,170.7530059814453,42796000,-0.008446195751808605,0.9915538042481914,AI_Core
2021-10-21 00:00:00-04:00,AMZN,170.71249389648438,172.01400756835938,170.14999389648438,171.75050354003906,37628000,0.005841756945129006,1.005841756945129,AI_Core
2021-10-22 00:00:00-04:00,AMZN,171.0500030517578,171.49200439453125,166.56500244140625,166.77749633789062,62782000,-0.028954833317208384,0.9710451666827916,AI_Core
2021-10-25 00:00:00-04:00,AMZN,166.75,167.38999938964844,164.88499450683594,166.01849365234375,44520000,-0.004550989805058192,0.9954490101949418,AI_Core
2021-10-26 00:00:00-04:00,AMZN,167.47549438476562,170.80599975585938,167.19900512695312,168.80349731445312,53966000,0.01677526160393561,1.0167752616039356,AI_Core
2021-10-27 00:00:00-04:00,AMZN,169.39999389648438,171.85000610351562,168.57249450683594,169.62449645996094,54044000,0.004863638245470758,1.0048636382454708,AI_Core
2021-10-28 00:00:00-04:00,AMZN,170.10499572753906,173.9499969482422,169.3000030517578,172.32850646972656,114174000,0.01594115275917063,1.0159411527591706,AI_Core
2021-10-29 00:00:00-04:00,AMZN,165.00100708007812,168.74099731445312,163.66600036621094,168.6215057373047,129722000,-0.021511245053778105,0.9784887549462219,AI_Core
2021-11-01 00:00:00-04:00,AMZN,168.08999633789062,168.79299926757812,164.6009979248047,165.90550231933594,72178000,-0.01610709978002456,0.9838929002199754,AI_Core
2021-11-02 00:00:00-04:00,AMZN,165.75050354003906,166.55599975585938,164.17750549316406,165.6374969482422,52552000,-0.0016154097805501921,0.9983845902194498,AI_Core
2021-11-03 00:00:00-04:00,AMZN,165.4499969482422,169.74600219726562,164.87600708007812,169.1999969482422,67944000,0.021507811127532195,1.0215078111275322,AI_Core
2021-11-04 00:00:00-04:00,AMZN,168.5,174.93150329589844,168.25,173.85000610351562,107060000,0.02748232410840923,1.0274823241084092,AI_Core
2021-11-05 00:00:00-04:00,AMZN,173.85000610351562,178.3125,173.8489990234375,175.94949340820312,99940000,0.01207642928374364,1.0120764292837436,AI_Core
2021-11-08 00:00:00-05:00,AMZN,176.16200256347656,178.9499969482422,174.39300537109375,174.44900512695312,61480000,-0.008527948857282919,0.9914720511427171,AI_Core
2021-11-09 00:00:00-05:00,AMZN,175.7624969482422,179.68850708007812,175.07150268554688,178.81149291992188,85898000,0.025007238016599764,1.0250072380165998,AI_Core
2021-11-10 00:00:00-05:00,AMZN,178.19349670410156,180.2725067138672,173.1544952392578,174.1024932861328,80548000,-0.026334994227121156,0.9736650057728788,AI_Core
2021-11-11 00:00:00-05:00,AMZN,175.64999389648438,177.16200256347656,173.37350463867188,173.625,45288000,-0.0027425987825921982,0.9972574012174078,AI_Core
2021-11-12 00:00:00-05:00,AMZN,174.25,177.0364990234375,172.3524932861328,176.25750732421875,53788000,0.015162029225161966,1.015162029225162,AI_Core
2021-11-15 00:00:00-05:00,AMZN,176.85000610351562,179.69400024414062,176.29049682617188,177.28399658203125,58594000,0.0058238044631160335,1.005823804463116,AI_Core
2021-11-16 00:00:00-05:00,AMZN,176.9499969482422,178.8249969482422,176.25750732421875,177.03500366210938,44342000,-0.001404486161877938,0.9985955138381221,AI_Core
2021-11-17 00:00:00-05:00,AMZN,178.23599243164062,179.3625030517578,177.2675018310547,177.4499969482422,51206000,0.0023441312596286235,1.0023441312596286,AI_Core
2021-11-18 00:00:00-05:00,AMZN,178.3175048828125,185.2100067138672,178.0500030517578,184.80299377441406,114070000,0.04143700734081479,1.0414370073408148,AI_Core
2021-11-19 00:00:00-05:00,AMZN,185.63450622558594,188.1074981689453,183.78599548339844,183.82850646972656,98734000,-0.005273114275827329,0.9947268857241727,AI_Core
2021-11-22 00:00:00-05:00,AMZN,183.81900024414062,185.67300415039062,178.375,178.6284942626953,96844000,-0.02828730052206352,0.9717126994779365,AI_Core
2021-11-23 00:00:00-05:00,AMZN,179.2519989013672,181.05250549316406,176.385498046875,179.0019989013672,73804000,0.0020909577736383245,1.0020909577736383,AI_Core
2021-11-24 00:00:00-05:00,AMZN,178.1334991455078,180.6820068359375,176.84249877929688,179.02049255371094,46560000,0.00010331533981333685,1.0001033153398133,AI_Core
2021-11-26 00:00:00-05:00,AMZN,180.10499572753906,181.6750030517578,175.20750427246094,175.22799682617188,59826000,-0.021184701669844985,0.978815298330155,AI_Core
2021-11-29 00:00:00-05:00,AMZN,177.3820037841797,179.8000030517578,176.5749969482422,178.07850646972656,65312000,0.016267432688752415,1.0162674326887524,AI_Core
2021-11-30 00:00:00-05:00,AMZN,178.1750030517578,179.2884979248047,174.60049438476562,175.35350036621094,80022000,-0.015302274022490625,0.9846977259775094,AI_Core
2021-12-01 00:00:00-05:00,AMZN,177.25,177.99400329589844,172.0800018310547,172.18600463867188,74916000,-0.0180634873037836,0.9819365126962164,AI_Core
2021-12-02 00:00:00-05:00,AMZN,173.0,174.63499450683594,171.1875,171.8679962158203,64726000,-0.0018468889124809706,0.998153111087519,AI_Core
2021-12-03 00:00:00-05:00,AMZN,172.75,173.49349975585938,166.92999267578125,169.489501953125,80712000,-0.013839076006382012,0.986160923993618,AI_Core
2021-12-06 00:00:00-05:00,AMZN,169.64999389648438,173.69549560546875,166.9344940185547,171.36849975585938,68860000,0.011086219388703134,1.0110862193887031,AI_Core
2021-12-07 00:00:00-05:00,AMZN,174.60000610351562,177.49949645996094,173.33450317382812,176.1645050048828,66410000,0.027986504263362688,1.0279865042633627,AI_Core
2021-12-08 00:00:00-05:00,AMZN,176.15049743652344,177.17999267578125,174.75050354003906,176.1580047607422,45254000,-3.689871657430732e-05,0.9999631012834257,AI_Core
2021-12-09 00:00:00-05:00,AMZN,175.75,176.96949768066406,174.13949584960938,174.17100524902344,46062000,-0.011279643604146683,0.9887203563958533,AI_Core
2021-12-10 00:00:00-05:00,AMZN,175.41700744628906,175.927001953125,170.5,172.21200561523438,60690000,-0.011247564604614624,0.9887524353953854,AI_Core
2021-12-13 00:00:00-05:00,AMZN,172.0,172.10000610351562,169.1300048828125,169.5675048828125,62170000,-0.015356076499860039,0.98464392350014,AI_Core
2021-12-14 00:00:00-05:00,AMZN,167.5500030517578,169.49899291992188,166.44000244140625,169.0915069580078,55976000,-0.0028071293797337082,0.9971928706202663,AI_Core
2021-12-15 00:00:00-05:00,AMZN,168.59800720214844,173.60000610351562,165.19500732421875,173.31500244140625,75794000,0.024977573145925636,1.0249775731459256,AI_Core
2021-12-16 00:00:00-05:00,AMZN,173.36849975585938,174.16600036621094,168.16050720214844,168.87100219726562,60876000,-0.025641174633125208,0.9743588253668748,AI_Core
2021-12-17 00:00:00-05:00,AMZN,167.7104949951172,170.89849853515625,165.61349487304688,170.0175018310547,85542000,0.00678920370502567,1.0067892037050257,AI_Core
2021-12-20 00:00:00-05:00,AMZN,166.85000610351562,167.87449645996094,165.60000610351562,167.07899475097656,57372000,-0.017283556389377508,0.9827164436106225,AI_Core
2021-12-21 00:00:00-05:00,AMZN,167.85049438476562,170.7165069580078,165.6475067138672,170.41700744628906,55956000,0.019978649621920752,1.0199786496219208,AI_Core
2021-12-22 00:00:00-05:00,AMZN,169.27000427246094,172.0500030517578,168.50050354003906,171.03700256347656,55036000,0.0036381058820253998,1.0036381058820254,AI_Core
2021-12-23 00:00:00-05:00,AMZN,170.42799377441406,171.97500610351562,170.14999389648438,171.06849670410156,36788000,0.0001841364158221559,1.0001841364158222,AI_Core
2021-12-27 00:00:00-05:00,AMZN,171.03700256347656,172.9429931640625,169.2154998779297,169.66949462890625,58688000,-0.008178022851368039,0.991821977148632,AI_Core
2021-12-28 00:00:00-05:00,AMZN,170.1824951171875,172.17599487304688,169.135498046875,170.66099548339844,54638000,0.005843719029521299,1.0058437190295213,AI_Core
2021-12-29 00:00:00-05:00,AMZN,170.83999633789062,171.21200561523438,168.60049438476562,169.2010040283203,35754000,-0.0085549217086347,0.9914450782913653,AI_Core
2021-12-30 00:00:00-05:00,AMZN,169.6999969482422,170.88800048828125,168.5240020751953,168.64450073242188,37584000,-0.0032890070546229833,0.996710992945377,AI_Core
2021-12-31 00:00:00-05:00,AMZN,168.95599365234375,169.35000610351562,166.55850219726562,166.7169952392578,47830000,-0.011429400216389607,0.9885705997836104,AI_Core
2022-01-03 00:00:00-05:00,AMZN,167.5500030517578,170.70350646972656,166.16050720214844,170.4044952392578,63520000,0.022118320898886212,1.0221183208988862,AI_Core
2022-01-04 00:00:00-05:00,AMZN,170.43800354003906,171.39999389648438,166.34950256347656,167.52200317382812,70726000,-0.016915587005979504,0.9830844129940205,AI_Core
2022-01-05 00:00:00-05:00,AMZN,166.88299560546875,167.12649536132812,164.35699462890625,164.35699462890625,64302000,-0.018893091563845,0.981106908436155,AI_Core
2022-01-06 00:00:00-05:00,AMZN,163.45050048828125,164.8000030517578,161.93699645996094,163.25399780273438,51958000,-0.006710981961323137,0.9932890180386769,AI_Core
2022-01-07 00:00:00-05:00,AMZN,163.83900451660156,165.24349975585938,162.031005859375,162.5540008544922,46606000,-0.004287778294336242,0.9957122217056638,AI_Core
2022-01-10 00:00:00-05:00,AMZN,160.5854949951172,161.6614990234375,156.30450439453125,161.48599243164062,87798000,-0.006570176170610398,0.9934298238293896,AI_Core
2022-01-11 00:00:00-05:00,AMZN,161.5,166.35000610351562,160.70150756835938,165.36199951171875,62806000,0.024002125643924677,1.0240021256439247,AI_Core
2022-01-12 00:00:00-05:00,AMZN,166.5749969482422,166.8780059814453,164.41700744628906,165.20700073242188,50030000,-0.0009373300985386912,0.9990626699014613,AI_Core
2022-01-13 00:00:00-05:00,AMZN,165.25050354003906,166.22149658203125,161.09100341796875,161.21400451660156,52188000,-0.024169655027437842,0.9758303449725622,AI_Core
2022-01-14 00:00:00-05:00,AMZN,160.14999389648438,162.25,159.80050659179688,162.13800048828125,45974000,0.005731487003565627,1.0057314870035656,AI_Core
2022-01-18 00:00:00-05:00,AMZN,159.10499572753906,159.7344970703125,157.6645050048828,158.91749572753906,67292000,-0.019862738846190164,0.9801372611538098,AI_Core
2022-01-19 00:00:00-05:00,AMZN,158.76199340820312,159.25,156.25,156.2989959716797,53242000,-0.016477101806013472,0.9835228981939865,AI_Core
2022-01-20 00:00:00-05:00,AMZN,156.76600646972656,158.0,151.3509979248047,151.66749572753906,71974000,-0.02963230963415675,0.9703676903658432,AI_Core
2022-01-21 00:00:00-05:00,AMZN,149.9499969482422,150.89999389648438,142.07049560546875,142.64300537109375,163972000,-0.05950180896147472,0.9404981910385253,AI_Core
2022-01-24 00:00:00-05:00,AMZN,139.0,144.94500732421875,135.3520050048828,144.54400634765625,155624000,0.01332698348311534,1.0133269834831153,AI_Core
2022-01-25 00:00:00-05:00,AMZN,142.24249267578125,143.60000610351562,138.14500427246094,139.98599243164062,90824000,-0.031533745543573244,0.9684662544564268,AI_Core
2022-01-26 00:00:00-05:00,AMZN,144.75,145.18499755859375,137.31849670410156,138.87249755859375,95602000,-0.007954330670553511,0.9920456693294465,AI_Core
2022-01-27 00:00:00-05:00,AMZN,140.8000030517578,144.24349975585938,139.35000610351562,139.6374969482422,77516000,0.005508645722495764,1.0055086457224958,AI_Core
2022-01-28 00:00:00-05:00,AMZN,140.86050415039062,143.9980010986328,137.92950439453125,143.97799682617188,74392000,0.031084056738273746,1.0310840567382737,AI_Core
2022-01-31 00:00:00-05:00,AMZN,144.75,150.36050415039062,144.30050659179688,149.57350158691406,78308000,0.03886361030218932,1.0388636103021893,AI_Core
2022-02-01 00:00:00-05:00,AMZN,150.0,151.70799255371094,147.62750244140625,151.19349670410156,59220000,0.010830762802234384,1.0108307628022344,AI_Core
2022-02-02 00:00:00-05:00,AMZN,155.05050659179688,155.0749969482422,148.86349487304688,150.6125030517578,87330000,-0.0038427158906232384,0.9961572841093768,AI_Core
2022-02-03 00:00:00-05:00,AMZN,141.7375030517578,144.24749755859375,138.33299255371094,138.8455047607422,225532000,-0.0781276325178123,0.9218723674821877,AI_Core
2022-02-04 00:00:00-05:00,AMZN,155.60650634765625,161.1999969482422,150.60800170898438,157.63949584960938,253456000,0.13535901735711864,1.1353590173571186,AI_Core
2022-02-07 00:00:00-05:00,AMZN,158.52000427246094,162.6909942626953,157.25,157.9355010986328,102624000,0.0018777353189827206,1.0018777353189827,AI_Core
2022-02-08 00:00:00-05:00,AMZN,156.75050354003906,161.79249572753906,155.55050659179688,161.4134979248047,76040000,0.022021627828944013,1.022021627828944,AI_Core
2022-02-09 00:00:00-05:00,AMZN,162.87350463867188,163.83450317382812,160.25,161.1894989013672,68786000,-0.0013877341505965646,0.9986122658494034,AI_Core
2022-02-10 00:00:00-05:00,AMZN,158.35000610351562,160.7165069580078,157.75,159.0034942626953,68268000,-0.013561706274733853,0.9864382937252661,AI_Core
2022-02-11 00:00:00-05:00,AMZN,158.13450622558594,159.0,152.73399353027344,153.2935028076172,77100000,-0.03591110674363196,0.964088893256368,AI_Core
2022-02-14 00:00:00-05:00,AMZN,151.75100708007812,158.44850158691406,151.64999389648438,155.16700744628906,83230000,0.012221683270054351,1.0122216832700544,AI_Core
2022-02-15 00:00:00-05:00,AMZN,157.60549926757812,158.0070037841797,154.6374969482422,156.510498046875,56440000,0.008658352201907249,1.0086583522019072,AI_Core
2022-02-16 00:00:00-05:00,AMZN,155.79049682617188,158.83399963378906,154.7344970703125,158.10049438476562,52704000,0.010159039538768955,1.010159039538769,AI_Core
2022-02-17 00:00:00-05:00,AMZN,158.14599609375,160.3489990234375,154.5,154.65249633789062,64032000,-0.021808901106176726,0.9781910988938233,AI_Core
2022-02-18 00:00:00-05:00,AMZN,155.49949645996094,155.49949645996094,150.89300537109375,152.60150146484375,63604000,-0.013261957754408193,0.9867380422455918,AI_Core
2022-02-22 00:00:00-05:00,AMZN,150.47850036621094,152.9824981689453,148.48550415039062,150.19749450683594,66128000,-0.015753494788264932,0.9842465052117351,AI_Core
2022-02-23 00:00:00-05:00,AMZN,151.65049743652344,151.76300048828125,144.6510009765625,144.82699584960938,64244000,-0.03575624663287669,0.9642437533671233,AI_Core
2022-02-24 00:00:00-05:00,AMZN,139.83749389648438,151.74899291992188,139.5,151.35800170898438,100786000,0.04509522427819257,1.0450952242781926,AI_Core
2022-02-25 00:00:00-05:00,AMZN,150.5500030517578,153.99000549316406,149.2135009765625,153.7884979248047,62396000,0.01605793012842116,1.0160579301284212,AI_Core
2022-02-28 00:00:00-05:00,AMZN,152.4250030517578,154.4499969482422,150.85000610351562,153.56300354003906,57684000,-0.0014662630028149382,0.9985337369971851,AI_Core
2022-03-01 00:00:00-05:00,AMZN,152.7324981689453,154.0989990234375,149.9770050048828,151.14199829101562,44874000,-0.015765550251120253,0.9842344497488797,AI_Core
2022-03-02 00:00:00-05:00,AMZN,150.8489990234375,152.99949645996094,148.75,152.05250549316406,47334000,0.0060241839623909055,1.006024183962391,AI_Core
2022-03-03 00:00:00-05:00,AMZN,153.531494140625,153.9290008544922,146.8560028076172,147.89849853515625,65198000,-0.027319556126581324,0.9726804438734187,AI_Core
2022-03-04 00:00:00-05:00,AMZN,147.15899658203125,147.85000610351562,143.8070068359375,145.64100646972656,60934000,-0.0152637929917393,0.9847362070082607,AI_Core
2022-03-07 00:00:00-05:00,AMZN,145.44349670410156,146.09449768066406,137.41650390625,137.4530029296875,86934000,-0.05622045424233624,0.9437795457576638,AI_Core
2022-03-08 00:00:00-05:00,AMZN,136.68350219726562,140.69949340820312,133.57249450683594,136.01449584960938,91662000,-0.010465446730283379,0.9895345532697166,AI_Core
2022-03-09 00:00:00-05:00,AMZN,139.5,140.25,136.8280029296875,139.2790069580078,82656000,0.024001199930983708,1.0240011999309837,AI_Core
2022-03-10 00:00:00-05:00,AMZN,145.68499755859375,148.67449951171875,143.97799682617188,146.8175048828125,135062000,0.05412515560997311,1.054125155609973,AI_Core
2022-03-11 00:00:00-05:00,AMZN,149.57449340820312,149.6750030517578,145.36900329589844,145.52450561523438,68900000,-0.008806846762653975,0.991193153237346,AI_Core
2022-03-14 00:00:00-04:00,AMZN,145.9810028076172,147.4499969482422,140.88400268554688,141.85299682617188,74086000,-0.025229488143872714,0.9747705118561273,AI_Core
2022-03-15 00:00:00-04:00,AMZN,142.85000610351562,147.98500061035156,142.0,147.3665008544922,75584000,0.038867730338306705,1.0388677303383067,AI_Core
2022-03-16 00:00:00-04:00,AMZN,148.5,153.14999389648438,147.35350036621094,153.10400390625,84958000,0.038933563723705156,1.0389335637237052,AI_Core
2022-03-17 00:00:00-04:00,AMZN,152.6405029296875,157.49850463867188,152.13999938964844,157.23899841308594,72934000,0.027007748989816838,1.0270077489898168,AI_Core
2022-03-18 00:00:00-04:00,AMZN,156.81300354003906,161.593994140625,156.01100158691406,161.25050354003906,102962000,0.025512151358369817,1.0255121513583698,AI_Core
2022-03-21 00:00:00-04:00,AMZN,161.12100219726562,163.08399963378906,159.55299377441406,161.4915008544922,66538000,0.0014945523217748669,1.0014945523217749,AI_Core
2022-03-22 00:00:00-04:00,AMZN,161.8054962158203,166.16700744628906,161.69900512695312,164.88900756835938,64086000,0.02103830044237709,1.021038300442377,AI_Core
2022-03-23 00:00:00-04:00,AMZN,163.7050018310547,166.3699951171875,162.68699645996094,163.4080047607422,55812000,-0.008981816492546923,0.9910181835074531,AI_Core
2022-03-24 00:00:00-04:00,AMZN,163.74949645996094,164.11849975585938,160.0500030517578,163.64950561523438,56798000,0.0014779010051912955,1.0014779010051913,AI_Core
2022-03-25 00:00:00-04:00,AMZN,164.0,165.36849975585938,162.25,164.77349853515625,49032000,0.006868294014676479,1.0068682940146765,AI_Core
2022-03-28 00:00:00-04:00,AMZN,164.97500610351562,169.03750610351562,164.89999389648438,168.99049377441406,59854000,0.025592678900108856,1.0255926789001089,AI_Core
2022-03-29 00:00:00-04:00,AMZN,170.38400268554688,170.8314971923828,167.86849975585938,169.31500244140625,66154000,0.00192027764251268,1.0019202776425127,AI_Core
2022-03-30 00:00:00-04:00,AMZN,168.50950622558594,168.95050048828125,165.5,166.30099487304688,56168000,-0.01780118433038691,0.9821988156696131,AI_Core
2022-03-31 00:00:00-04:00,AMZN,166.44500732421875,166.4949951171875,162.95350646972656,162.99749755859375,59966000,-0.019864567358571672,0.9801354326414283,AI_Core
2022-04-01 00:00:00-04:00,AMZN,164.14950561523438,165.82699584960938,162.3195037841797,163.55999755859375,57090000,0.003450973226124532,1.0034509732261245,AI_Core
2022-04-04 00:00:00-04:00,AMZN,164.125,168.39450073242188,163.20550537109375,168.34649658203125,49882000,0.029264484561530857,1.0292644845615309,AI_Core
2022-04-05 00:00:00-04:00,AMZN,167.7415008544922,168.11050415039062,163.26600646972656,164.05499267578125,53728000,-0.025492089193307588,0.9745079108066924,AI_Core
2022-04-06 00:00:00-04:00,AMZN,161.65049743652344,162.1999969482422,157.25450134277344,158.75599670410156,79056000,-0.032300120131985244,0.9676998798680148,AI_Core
2022-04-07 00:00:00-04:00,AMZN,158.39999389648438,160.07899475097656,154.51150512695312,157.7845001220703,68136000,-0.0061194323502751224,0.9938805676497249,AI_Core
2022-04-08 00:00:00-04:00,AMZN,156.75,157.36849975585938,154.2310028076172,154.4604949951172,46002000,-0.021066740550443774,0.9789332594495562,AI_Core
2022-04-11 00:00:00-04:00,AMZN,152.71299743652344,154.13650512695312,150.5345001220703,151.1219940185547,52112000,-0.021613947156313595,0.9783860528436864,AI_Core
2022-04-12 00:00:00-04:00,AMZN,153.6925048828125,155.0989990234375,150.38299560546875,150.78750610351562,55178000,-0.002213363562407644,0.9977866364375924,AI_Core
2022-04-13 00:00:00-04:00,AMZN,150.01849365234375,156.02499389648438,149.60000610351562,155.54100036621094,53390000,0.03152445706895657,1.0315244570689566,AI_Core
2022-04-14 00:00:00-04:00,AMZN,155.38999938964844,155.89700317382812,151.4720001220703,151.7064971923828,51598000,-0.024652684274885983,0.975347315725114,AI_Core
2022-04-18 00:00:00-04:00,AMZN,151.52349853515625,154.0395050048828,150.25050354003906,152.78500366210938,46514000,0.007109164667870926,1.007109164667871,AI_Core
2022-04-19 00:00:00-04:00,AMZN,152.0294952392578,158.6490020751953,151.55050659179688,158.11549377441406,54926000,0.03488883060861969,1.0348888306086197,AI_Core
2022-04-20 00:00:00-04:00,AMZN,157.6024932861328,157.6024932861328,153.60350036621094,153.9980010986328,59630000,-0.026041044919075107,0.9739589550809249,AI_Core
2022-04-21 00:00:00-04:00,AMZN,154.71400451660156,156.73800659179688,147.58949279785156,148.29600524902344,63970000,-0.037026427673936824,0.9629735723260632,AI_Core
2022-04-22 00:00:00-04:00,AMZN,148.25,149.61500549316406,143.69749450683594,144.35000610351562,73078000,-0.026608937569704394,0.9733910624302956,AI_Core
2022-04-25 00:00:00-04:00,AMZN,144.0229949951172,146.22149658203125,142.30650329589844,146.07400512695312,61874000,0.011943186356370372,1.0119431863563704,AI_Core
2022-04-26 00:00:00-04:00,AMZN,144.8000030517578,144.8560028076172,138.92950439453125,139.39100646972656,77530000,-0.0457507730510871,0.9542492269489129,AI_Core
2022-04-27 00:00:00-04:00,AMZN,140.19149780273438,141.94850158691406,135.7834930419922,138.16700744628906,71336000,-0.008781047317448887,0.9912189526825511,AI_Core
2022-04-28 00:00:00-04:00,AMZN,142.17799377441406,145.9375,140.3000030517578,144.59649658203125,117316000,0.04653418536434306,1.046534185364343,AI_Core
2022-04-29 00:00:00-04:00,AMZN,129.8489990234375,130.76100158691406,121.625,124.28150177001953,272662000,-0.140494377749234,0.859505622250766,AI_Core
2022-05-02 00:00:00-04:00,AMZN,122.4010009765625,124.66799926757812,118.375,124.5,148788000,0.0017580913238786078,1.0017580913238786,AI_Core
2022-05-03 00:00:00-04:00,AMZN,124.05349731445312,126.22049713134766,122.82499694824219,124.25350189208984,79134000,-0.0019799044812061073,0.9980200955187939,AI_Core
2022-05-04 00:00:00-04:00,AMZN,123.5999984741211,126.0,119.18299865722656,125.92849731445312,110746000,0.01348046853293483,1.0134804685329348,AI_Core
2022-05-05 00:00:00-04:00,AMZN,123.0,123.4990005493164,115.07250213623047,116.40699768066406,144392000,-0.07561036490424522,0.9243896350957548,AI_Core
2022-05-06 00:00:00-04:00,AMZN,114.8499984741211,119.05049896240234,113.08149719238281,114.77249908447266,124260000,-0.014041240035030156,0.9859587599649698,AI_Core
2022-05-09 00:00:00-04:00,AMZN,111.3125,114.0,107.95700073242188,108.78900146484375,128124000,-0.05213354825727934,0.9478664517427207,AI_Core
2022-05-10 00:00:00-04:00,AMZN,111.25,112.64250183105469,107.1709976196289,108.85900115966797,105434000,0.0006434445934944133,1.0006434445934944,AI_Core
2022-05-11 00:00:00-04:00,AMZN,108.10350036621094,110.15599822998047,104.42849731445312,105.37200164794922,109704000,-0.03203225709010704,0.967967742909893,AI_Core
2022-05-12 00:00:00-04:00,AMZN,102.75,110.78050231933594,102.40550231933594,106.93049621582031,132026000,0.014790404884573283,1.0147904048845733,AI_Core
2022-05-13 00:00:00-04:00,AMZN,109.06900024414062,113.18399810791016,107.80000305175781,113.05500030517578,93684000,0.05727556035084924,1.0572755603508492,AI_Core
2022-05-16 00:00:00-04:00,AMZN,113.0999984741211,113.99250030517578,110.35399627685547,110.81050109863281,74566000,-0.01985316173972196,0.980146838260278,AI_Core
2022-05-17 00:00:00-04:00,AMZN,113.2750015258789,115.80000305175781,111.27649688720703,115.36849975585938,76448000,0.04113327357999652,1.0411332735799965,AI_Core
2022-05-18 00:00:00-04:00,AMZN,111.43949890136719,112.85299682617188,106.2490005493164,107.11250305175781,108380000,-0.07156196640827217,0.9284380335917278,AI_Core
2022-05-19 00:00:00-04:00,AMZN,106.28050231933594,110.03399658203125,106.19300079345703,107.31900024414062,88142000,0.0019278532990965047,1.0019278532990965,AI_Core
2022-05-20 00:00:00-04:00,AMZN,109.56849670410156,109.89800262451172,105.0094985961914,107.59100341796875,99500000,0.0025345295167615856,1.0025345295167616,AI_Core
2022-05-23 00:00:00-04:00,AMZN,108.46099853515625,108.81900024414062,103.94999694824219,107.55699920654297,107798000,-0.0003160506951839226,0.9996839493048161,AI_Core
2022-05-24 00:00:00-04:00,AMZN,104.0250015258789,105.4000015258789,101.26000213623047,104.0999984741211,102934000,-0.03214110432537598,0.967858895674624,AI_Core
2022-05-25 00:00:00-04:00,AMZN,103.65550231933594,108.17500305175781,103.6500015258789,106.7750015258789,93120000,0.025696475417555487,1.0256964754175555,AI_Core
2022-05-26 00:00:00-04:00,AMZN,107.97000122070312,112.66549682617188,107.45349884033203,111.07749938964844,93002000,0.04029499229486544,1.0402949922948654,AI_Core
2022-05-27 00:00:00-04:00,AMZN,113.55000305175781,115.18699645996094,112.62799835205078,115.14649963378906,93660000,0.036632083603781895,1.036632083603782,AI_Core
2022-05-31 00:00:00-04:00,AMZN,116.27999877929688,121.99449920654297,115.67500305175781,120.20950317382812,144634000,0.04397010379074828,1.0439701037907483,AI_Core
2022-06-01 00:00:00-04:00,AMZN,122.25599670410156,125.17900085449219,120.62249755859375,121.68399810791016,127528000,0.012266042992872705,1.0122660429928727,AI_Core
2022-06-02 00:00:00-04:00,AMZN,121.68399810791016,125.61000061035156,120.04499816894531,125.51100158691406,100560000,0.03145034300738625,1.0314503430073862,AI_Core
2022-06-03 00:00:00-04:00,AMZN,124.19999694824219,124.4000015258789,121.04650115966797,122.3499984741211,97604000,-0.025185068024527135,0.9748149319754729,AI_Core
2022-06-06 00:00:00-04:00,AMZN,125.25,128.99000549316406,123.80999755859375,124.79000091552734,135269000,0.01994280728922404,1.019942807289224,AI_Core
2022-06-07 00:00:00-04:00,AMZN,122.01000213623047,124.0999984741211,120.62999725341797,123.0,85156700,-0.014344105316090427,0.9856558946839096,AI_Core
2022-06-08 00:00:00-04:00,AMZN,122.61000061035156,123.75,120.75,121.18000030517578,64926600,-0.014796745486375773,0.9852032545136242,AI_Core
2022-06-09 00:00:00-04:00,AMZN,119.98999786376953,121.30000305175781,116.0999984741211,116.1500015258789,67029800,-0.04150848957443054,0.9584915104255695,AI_Core
2022-06-10 00:00:00-04:00,AMZN,113.41999816894531,114.5,109.05000305175781,109.6500015258789,87266000,-0.05596211721574329,0.9440378827842567,AI_Core
2022-06-13 00:00:00-04:00,AMZN,104.19000244140625,106.54000091552734,101.86000061035156,103.66999816894531,99277700,-0.05453719355874542,0.9454628064412546,AI_Core
2022-06-14 00:00:00-04:00,AMZN,104.19000244140625,104.87999725341797,101.43000030517578,102.30999755859375,69728800,-0.013118555361940287,0.9868814446380597,AI_Core
2022-06-15 00:00:00-04:00,AMZN,103.86000061035156,109.05999755859375,103.52999877929688,107.66999816894531,85011100,0.052389802934770247,1.0523898029347702,AI_Core
2022-06-16 00:00:00-04:00,AMZN,104.47000122070312,104.58000183105469,102.01000213623047,103.66000366210938,82186300,-0.037243378610853584,0.9627566213891464,AI_Core
2022-06-17 00:00:00-04:00,AMZN,102.80000305175781,106.9800033569336,102.51000213623047,106.22000122070312,99772100,0.02469609751257895,1.024696097512579,AI_Core
2022-06-21 00:00:00-04:00,AMZN,108.19999694824219,111.62999725341797,103.55999755859375,108.68000030517578,70901200,0.023159471438541024,1.023159471438541,AI_Core
2022-06-22 00:00:00-04:00,AMZN,107.43000030517578,112.12999725341797,107.0199966430664,108.94999694824219,60040100,0.0024843268523027096,1.0024843268523027,AI_Core
2022-06-23 00:00:00-04:00,AMZN,110.38999938964844,113.0,107.93000030517578,112.44000244140625,64345300,0.0320330939965241,1.032033093996524,AI_Core
2022-06-24 00:00:00-04:00,AMZN,112.37999725341797,116.70999908447266,111.43000030517578,116.45999908447266,69867600,0.03575237064906034,1.0357523706490603,AI_Core
2022-06-27 00:00:00-04:00,AMZN,117.08999633789062,117.9800033569336,112.69999694824219,113.22000122070312,62133200,-0.027820692849391482,0.9721793071506085,AI_Core
2022-06-28 00:00:00-04:00,AMZN,113.5,114.8499984741211,107.04000091552734,107.4000015258789,74942900,-0.05140434227234392,0.9485956577276561,AI_Core
2022-06-29 00:00:00-04:00,AMZN,107.37999725341797,110.98999786376953,106.91000366210938,108.91999816894531,66375300,0.014152668728781626,1.0141526687287816,AI_Core
2022-06-30 00:00:00-04:00,AMZN,108.11000061035156,108.18000030517578,102.5199966430664,106.20999908447266,97679400,-0.024880638358707907,0.9751193616412921,AI_Core
2022-07-01 00:00:00-04:00,AMZN,106.29000091552734,109.75,105.8499984741211,109.55999755859375,73021200,0.03154127203651247,1.0315412720365125,AI_Core
2022-07-05 00:00:00-04:00,AMZN,107.5999984741211,114.08000183105469,106.31999969482422,113.5,76583700,0.035962053023039786,1.0359620530230398,AI_Core
2022-07-06 00:00:00-04:00,AMZN,113.20999908447266,115.4800033569336,112.01000213623047,114.33000183105469,66958900,0.007312791463036872,1.0073127914630369,AI_Core
2022-07-07 00:00:00-04:00,AMZN,113.8499984741211,116.98999786376953,113.48999786376953,116.33000183105469,57872300,0.01749322109655349,1.0174932210965535,AI_Core
2022-07-08 00:00:00-04:00,AMZN,114.5999984741211,116.58000183105469,113.69000244140625,115.54000091552734,45719700,-0.006791033294013538,0.9932089667059865,AI_Core
2022-07-11 00:00:00-04:00,AMZN,114.08000183105469,114.30000305175781,110.87000274658203,111.75,53487600,-0.03280250030721621,0.9671974996927838,AI_Core
2022-07-12 00:00:00-04:00,AMZN,112.16000366210938,113.2300033569336,108.33999633789062,109.22000122070312,54280300,-0.022639810105564928,0.9773601898944351,AI_Core
2022-07-13 00:00:00-04:00,AMZN,107.02999877929688,111.77999877929688,106.01000213623047,110.4000015258789,61353800,0.010803884746268588,1.0108038847462686,AI_Core
2022-07-14 00:00:00-04:00,AMZN,110.23999786376953,111.18000030517578,107.58000183105469,110.62999725341797,51163100,0.002083294604712016,1.002083294604712,AI_Core
2022-07-15 00:00:00-04:00,AMZN,112.5,115.58999633789062,111.58999633789062,113.55000305175781,84317800,0.02639434033114041,1.0263943403311404,AI_Core
2022-07-18 00:00:00-04:00,AMZN,115.0,117.23999786376953,113.1500015258789,113.76000213623047,59115400,0.0018493974357440823,1.001849397435744,AI_Core
2022-07-19 00:00:00-04:00,AMZN,115.69999694824219,118.94999694824219,114.02999877929688,118.20999908447266,60990000,0.03911741266419111,1.039117412664191,AI_Core
2022-07-20 00:00:00-04:00,AMZN,118.62000274658203,123.4800033569336,118.31999969482422,122.7699966430664,71268300,0.03857539627705431,1.0385753962770543,AI_Core
2022-07-21 00:00:00-04:00,AMZN,123.19999694824219,124.8499984741211,121.26000213623047,124.62999725341797,60239900,0.01515028639903937,1.0151502863990394,AI_Core
2022-07-22 00:00:00-04:00,AMZN,125.01000213623047,125.5,121.3499984741211,122.41999816894531,51463800,-0.017732481209791984,0.982267518790208,AI_Core
2022-07-25 00:00:00-04:00,AMZN,122.69999694824219,123.63999938964844,120.02999877929688,121.13999938964844,50221300,-0.010455798059483823,0.9895442019405162,AI_Core
2022-07-26 00:00:00-04:00,AMZN,115.79000091552734,118.1500015258789,114.52999877929688,114.80999755859375,67075100,-0.052253606265046715,0.9477463937349533,AI_Core
2022-07-27 00:00:00-04:00,AMZN,117.30999755859375,121.9000015258789,117.16000366210938,120.97000122070312,61582000,0.0536538959419941,1.053653895941994,AI_Core
2022-07-28 00:00:00-04:00,AMZN,121.56999969482422,122.83999633789062,118.08000183105469,122.27999877929688,82245500,0.010829110898360028,1.01082911089836,AI_Core
2022-07-29 00:00:00-04:00,AMZN,134.89999389648438,137.64999389648438,132.41000366210938,134.9499969482422,148892900,0.10361464095050721,1.1036146409505072,AI_Core
2022-08-01 00:00:00-04:00,AMZN,134.9600067138672,138.8300018310547,133.50999450683594,135.38999938964844,76846900,0.0032604850044939404,1.003260485004494,AI_Core
2022-08-02 00:00:00-04:00,AMZN,134.72000122070312,137.44000244140625,134.08999633789062,134.16000366210938,61922400,-0.009084834427092181,0.9909151655729078,AI_Core
2022-08-03 00:00:00-04:00,AMZN,136.2100067138672,140.49000549316406,136.0500030517578,139.52000427246094,71827800,0.039952299225118226,1.0399522992251182,AI_Core
2022-08-04 00:00:00-04:00,AMZN,140.5800018310547,143.55999755859375,139.5500030517578,142.57000732421875,70585000,0.021860686341448332,1.0218606863414483,AI_Core
2022-08-05 00:00:00-04:00,AMZN,140.10000610351562,142.86000061035156,139.60000610351562,140.8000030517578,50686900,-0.012414983387324718,0.9875850166126753,AI_Core
2022-08-08 00:00:00-04:00,AMZN,142.0500030517578,144.22999572753906,138.2899932861328,139.41000366210938,52229000,-0.009872154542052702,0.9901278454579473,AI_Core
2022-08-09 00:00:00-04:00,AMZN,138.0500030517578,138.9499969482422,136.2100067138672,137.8300018310547,40434700,-0.011333489631663474,0.9886665103683365,AI_Core
2022-08-10 00:00:00-04:00,AMZN,142.89999389648438,144.60000610351562,141.00999450683594,142.69000244140625,54773800,0.0352608325167747,1.0352608325167747,AI_Core
2022-08-11 00:00:00-04:00,AMZN,143.86000061035156,144.49000549316406,139.75999450683594,140.63999938964844,44867300,-0.014366830308238487,0.9856331696917615,AI_Core
2022-08-12 00:00:00-04:00,AMZN,142.0500030517578,143.57000732421875,140.1199951171875,143.5500030517578,47643500,0.020691152408548463,1.0206911524085485,AI_Core
2022-08-15 00:00:00-04:00,AMZN,142.8000030517578,143.75999450683594,141.49000549316406,143.17999267578125,39014600,-0.0025775713556979163,0.9974224286443021,AI_Core
2022-08-16 00:00:00-04:00,AMZN,143.91000366210938,146.57000732421875,142.0,144.77999877929688,59102900,0.0111747882760318,1.0111747882760318,AI_Core
2022-08-17 00:00:00-04:00,AMZN,142.69000244140625,143.3800048828125,140.77999877929688,142.10000610351562,48149800,-0.01851079360669594,0.9814892063933041,AI_Core
2022-08-18 00:00:00-04:00,AMZN,141.32000732421875,142.77000427246094,140.3800048828125,142.3000030517578,37458700,0.0014074379989574837,1.0014074379989575,AI_Core
2022-08-19 00:00:00-04:00,AMZN,140.47000122070312,141.11000061035156,137.91000366210938,138.22999572753906,47792800,-0.02860159688639219,0.9713984031136078,AI_Core
2022-08-22 00:00:00-04:00,AMZN,135.72000122070312,136.32000732421875,132.85000610351562,133.22000122070312,50461500,-0.036243902638259384,0.9637560973617406,AI_Core
2022-08-23 00:00:00-04:00,AMZN,133.41000366210938,134.99000549316406,132.9499969482422,133.6199951171875,36252100,0.003002506326521548,1.0030025063265215,AI_Core
2022-08-24 00:00:00-04:00,AMZN,132.75,135.47000122070312,132.10000610351562,133.8000030517578,38627000,0.001347163157822573,1.0013471631578226,AI_Core
2022-08-25 00:00:00-04:00,AMZN,135.25999450683594,137.4199981689453,134.27999877929688,137.27999877929688,37496300,0.026008936084948253,1.0260089360849483,AI_Core
2022-08-26 00:00:00-04:00,AMZN,136.5500030517578,137.8300018310547,130.5,130.75,53322700,-0.04756700784791723,0.9524329921520828,AI_Core
2022-08-29 00:00:00-04:00,AMZN,129.89999389648438,131.9499969482422,128.77000427246094,129.7899932861328,48101600,-0.007342307563037775,0.9926576924369622,AI_Core
2022-08-30 00:00:00-04:00,AMZN,131.25,132.07000732421875,126.8499984741211,128.72999572753906,49203000,-0.008167020675137082,0.9918329793248629,AI_Core
2022-08-31 00:00:00-04:00,AMZN,129.4499969482422,130.58999633789062,126.73999786376953,126.7699966430664,53648700,-0.015225659516225343,0.9847743404837747,AI_Core
2022-09-01 00:00:00-04:00,AMZN,126.0,128.02000427246094,123.66000366210938,127.81999969482422,56636100,0.008282741023605045,1.008282741023605,AI_Core
2022-09-02 00:00:00-04:00,AMZN,129.5,131.3800048828125,126.38999938964844,127.51000213623047,57429800,-0.002425266463259912,0.9975747335367401,AI_Core
2022-09-06 00:00:00-04:00,AMZN,127.91999816894531,128.6199951171875,124.73999786376953,126.11000061035156,43888600,-0.010979542799969155,0.9890204572000308,AI_Core
2022-09-07 00:00:00-04:00,AMZN,126.12000274658203,129.82000732421875,125.4000015258789,129.47999572753906,47900300,0.026722663554652915,1.026722663554653,AI_Core
2022-09-08 00:00:00-04:00,AMZN,127.72000122070312,130.27999877929688,127.0999984741211,129.82000732421875,43988500,0.0026259778181887405,1.0026259778181887,AI_Core
2022-09-09 00:00:00-04:00,AMZN,130.91000366210938,133.69000244140625,130.75999450683594,133.27000427246094,49387600,0.02657523304266962,1.0265752330426696,AI_Core
2022-09-12 00:00:00-04:00,AMZN,134.10000610351562,136.49000549316406,134.0,136.4499969482422,53826900,0.023861278411006825,1.0238612784110068,AI_Core
2022-09-13 00:00:00-04:00,AMZN,131.00999450683594,131.39999389648438,126.2699966430664,126.81999969482422,72694000,-0.0705752837581286,0.9294247162418714,AI_Core
2022-09-14 00:00:00-04:00,AMZN,127.36000061035156,128.83999633789062,126.33000183105469,128.5500030517578,45316800,0.01364140798846103,1.013641407988461,AI_Core
2022-09-15 00:00:00-04:00,AMZN,127.37999725341797,130.3699951171875,125.5,126.27999877929688,52887200,-0.0176585314552421,0.9823414685447579,AI_Core
2022-09-16 00:00:00-04:00,AMZN,122.77999877929688,123.87000274658203,120.69999694824219,123.52999877929688,115667800,-0.021777003694830932,0.9782229963051691,AI_Core
2022-09-19 00:00:00-04:00,AMZN,122.16000366210938,124.70999908447266,121.80000305175781,124.66000366210938,47279700,0.009147615105472573,1.0091476151054726,AI_Core
2022-09-20 00:00:00-04:00,AMZN,123.3499984741211,124.4000015258789,121.13999938964844,122.19000244140625,47698400,-0.019813903001303146,0.9801860969986969,AI_Core
2022-09-21 00:00:00-04:00,AMZN,122.48999786376953,123.76000213623047,118.44999694824219,118.54000091552734,58498900,-0.02987152347123645,0.9701284765287636,AI_Core
2022-09-22 00:00:00-04:00,AMZN,117.08000183105469,118.79000091552734,116.26000213623047,117.30999755859375,55229200,-0.010376272544574294,0.9896237274554257,AI_Core
2022-09-23 00:00:00-04:00,AMZN,116.0,116.05000305175781,112.05999755859375,113.77999877929688,65126700,-0.03009120154088929,0.9699087984591107,AI_Core
2022-09-26 00:00:00-04:00,AMZN,113.30000305175781,117.33999633789062,113.12999725341797,115.1500015258789,62723300,0.012040804722097675,1.0120408047220977,AI_Core
2022-09-27 00:00:00-04:00,AMZN,117.19999694824219,118.31999969482422,113.05000305175781,114.41000366210938,60094700,-0.006426381710496365,0.9935736182895036,AI_Core
2022-09-28 00:00:00-04:00,AMZN,114.37999725341797,118.69999694824219,113.80000305175781,118.01000213623047,55763800,0.0314657666190894,1.0314657666190894,AI_Core
2022-09-29 00:00:00-04:00,AMZN,115.5999984741211,116.06999969482422,113.05999755859375,114.80000305175781,58969700,-0.027201076403397084,0.9727989235966029,AI_Core
2022-09-30 00:00:00-04:00,AMZN,114.08000183105469,116.91999816894531,112.83999633789062,113.0,59479600,-0.015679468675155683,0.9843205313248443,AI_Core
2022-10-03 00:00:00-04:00,AMZN,113.58000183105469,116.91000366210938,112.44999694824219,115.87999725341797,50941900,0.025486701357681163,1.0254867013576812,AI_Core
2022-10-04 00:00:00-04:00,AMZN,119.88999938964844,123.0,119.79000091552734,121.08999633789062,62812600,0.04496029692750958,1.0449602969275096,AI_Core
2022-10-05 00:00:00-04:00,AMZN,118.58000183105469,121.75,117.69000244140625,120.94999694824219,48217500,-0.001156159830559278,0.9988438401694407,AI_Core
2022-10-06 00:00:00-04:00,AMZN,120.7699966430664,121.52999877929688,119.5,120.30000305175781,42253800,-0.00537407121029132,0.9946259287897087,AI_Core
2022-10-07 00:00:00-04:00,AMZN,118.0,118.16999816894531,113.87999725341797,114.55999755859375,54678000,-0.04771409266460691,0.9522859073353931,AI_Core
2022-10-10 00:00:00-04:00,AMZN,115.0999984741211,116.25,112.43000030517578,113.66999816894531,42339700,-0.007768849586377025,0.992231150413623,AI_Core
2022-10-11 00:00:00-04:00,AMZN,112.70999908447266,115.4800033569336,110.38999938964844,112.20999908447266,56432200,-0.012844190270001499,0.9871558097299985,AI_Core
2022-10-12 00:00:00-04:00,AMZN,112.48999786376953,113.83000183105469,111.4000015258789,112.9000015258789,45728700,0.006149206372302096,1.006149206372302,AI_Core
2022-10-13 00:00:00-04:00,AMZN,107.87999725341797,113.44000244140625,105.3499984741211,112.52999877929688,86868100,-0.00327726077574253,0.9967227392242575,AI_Core
2022-10-14 00:00:00-04:00,AMZN,114.0999984741211,114.95999908447266,106.5999984741211,106.9000015258789,67737300,-0.05003107895219994,0.9499689210478001,AI_Core
2022-10-17 00:00:00-04:00,AMZN,110.11000061035156,114.19000244140625,110.08999633789062,113.79000091552734,62782000,0.06445275295885255,1.0644527529588526,AI_Core
2022-10-18 00:00:00-04:00,AMZN,119.05999755859375,119.5199966430664,114.79000091552734,116.36000061035156,65607400,0.022585461588422673,1.0225854615884227,AI_Core
2022-10-19 00:00:00-04:00,AMZN,114.70999908447266,116.58999633789062,113.22000122070312,115.06999969482422,47198100,-0.01108629175628062,0.9889137082437194,AI_Core
2022-10-20 00:00:00-04:00,AMZN,113.83000183105469,118.23999786376953,113.51000213623047,115.25,48795100,0.0015642678860967596,1.0015642678860968,AI_Core
2022-10-21 00:00:00-04:00,AMZN,114.79000091552734,119.58999633789062,114.5,119.31999969482422,55660500,0.03531453097461368,1.0353145309746137,AI_Core
2022-10-24 00:00:00-04:00,AMZN,119.9800033569336,120.38999938964844,116.56999969482422,119.81999969482422,49531500,0.004190412347291339,1.0041904123472913,AI_Core
2022-10-25 00:00:00-04:00,AMZN,119.6500015258789,121.31999969482422,118.94999694824219,120.5999984741211,50934600,0.006509754475742646,1.0065097544757426,AI_Core
2022-10-26 00:00:00-04:00,AMZN,116.0,119.3499984741211,114.76000213623047,115.66000366210938,68802300,-0.040961814879887926,0.9590381851201121,AI_Core
2022-10-27 00:00:00-04:00,AMZN,113.91999816894531,114.12000274658203,109.7699966430664,110.95999908447266,129605400,-0.04063638620803933,0.9593636137919607,AI_Core
2022-10-28 00:00:00-04:00,AMZN,97.91000366210938,103.95999908447266,97.66000366210938,103.41000366210938,223133400,-0.06804249715805744,0.9319575028419426,AI_Core
2022-10-31 00:00:00-04:00,AMZN,103.55999755859375,104.87000274658203,100.73999786376953,102.44000244140625,99251400,-0.009380148789788212,0.9906198512102118,AI_Core
2022-11-01 00:00:00-04:00,AMZN,103.98999786376953,104.58000183105469,96.05999755859375,96.79000091552734,153370000,-0.05515425020719422,0.9448457497928058,AI_Core
2022-11-02 00:00:00-04:00,AMZN,97.31999969482422,97.73999786376953,92.01000213623047,92.12000274658203,135761800,-0.048248766657425834,0.9517512333425742,AI_Core
2022-11-03 00:00:00-04:00,AMZN,92.47000122070312,93.5,89.0199966430664,89.30000305175781,136683300,-0.030612240672440172,0.9693877593275598,AI_Core
2022-11-04 00:00:00-04:00,AMZN,91.48999786376953,92.44000244140625,88.04000091552734,90.9800033569336,129101300,0.01881299269611514,1.0188129926961151,AI_Core
2022-11-07 00:00:00-05:00,AMZN,91.94999694824219,92.0999984741211,89.04000091552734,90.52999877929688,77495700,-0.00494619214148917,0.9950538078585108,AI_Core
2022-11-08 00:00:00-05:00,AMZN,90.79000091552734,91.72000122070312,88.2300033569336,89.9800033569336,88703400,-0.006075283660437414,0.9939247163395626,AI_Core
2022-11-09 00:00:00-05:00,AMZN,89.47000122070312,89.4800033569336,85.87000274658203,86.13999938964844,90796200,-0.042676192754212194,0.9573238072457878,AI_Core
2022-11-10 00:00:00-05:00,AMZN,92.94000244140625,98.69000244140625,91.6500015258789,96.62999725341797,173414900,0.12177847617944293,1.121778476179443,AI_Core
2022-11-11 00:00:00-05:00,AMZN,97.87999725341797,101.19000244140625,96.66000366210938,100.79000091552734,111590500,0.0430508514990382,1.0430508514990382,AI_Core
2022-11-14 00:00:00-05:00,AMZN,98.7699966430664,100.12000274658203,97.29000091552734,98.48999786376953,99533100,-0.022819754250081425,0.9771802457499186,AI_Core
2022-11-15 00:00:00-05:00,AMZN,103.20999908447266,103.79000091552734,97.33999633789062,98.94000244140625,111336300,0.004569038353104293,1.0045690383531043,AI_Core
2022-11-16 00:00:00-05:00,AMZN,96.8499984741211,98.48999786376953,95.54000091552734,97.12000274658203,87958800,-0.018394983322363,0.981605016677637,AI_Core
2022-11-17 00:00:00-05:00,AMZN,95.37000274658203,96.97000122070312,94.02999877929688,94.8499984741211,82617900,-0.02337318995330062,0.9766268100466994,AI_Core
2022-11-18 00:00:00-05:00,AMZN,95.94999694824219,95.98999786376953,92.4800033569336,94.13999938964844,72428200,-0.007485493894513584,0.9925145061054864,AI_Core
2022-11-21 00:00:00-05:00,AMZN,93.97000122070312,95.0199966430664,90.58999633789062,92.45999908447266,84330300,-0.017845764989037338,0.9821542350109627,AI_Core
2022-11-22 00:00:00-05:00,AMZN,92.62000274658203,93.3499984741211,90.87000274658203,93.19999694824219,62192000,0.008003437930963697,1.0080034379309637,AI_Core
2022-11-23 00:00:00-05:00,AMZN,93.23999786376953,94.58000183105469,92.83000183105469,94.12999725341797,59414700,0.009978544373689724,1.0099785443736897,AI_Core
2022-11-25 00:00:00-05:00,AMZN,93.79000091552734,94.43000030517578,93.06999969482422,93.41000366210938,35088600,-0.0076489282090407285,0.9923510717909593,AI_Core
2022-11-28 00:00:00-05:00,AMZN,93.93000030517578,96.4000015258789,93.43000030517578,93.94999694824219,74943100,0.00578089353348199,1.005780893533482,AI_Core
2022-11-29 00:00:00-05:00,AMZN,94.04000091552734,94.41000366210938,91.44000244140625,92.41999816894531,65567300,-0.016285245651894598,0.9837147543481054,AI_Core
2022-11-30 00:00:00-05:00,AMZN,92.47000122070312,96.54000091552734,91.52999877929688,96.54000091552734,102805800,0.04457912603558589,1.044579126035586,AI_Core
2022-12-01 00:00:00-05:00,AMZN,96.98999786376953,97.2300033569336,94.91999816894531,95.5,68488000,-0.010772746070691896,0.9892272539293081,AI_Core
2022-12-02 00:00:00-05:00,AMZN,94.4800033569336,95.36000061035156,93.77999877929688,94.12999725341797,72496400,-0.01434557849824114,0.9856544215017589,AI_Core
2022-12-05 00:00:00-05:00,AMZN,93.05000305175781,94.05999755859375,90.81999969482422,91.01000213623047,71535500,-0.033145598727553405,0.9668544012724466,AI_Core
2022-12-06 00:00:00-05:00,AMZN,90.5,91.04000091552734,87.9000015258789,88.25,75503600,-0.03032636052572657,0.9696736394742734,AI_Core
2022-12-07 00:00:00-05:00,AMZN,88.33999633789062,89.88999938964844,87.4800033569336,88.45999908447266,68086900,0.0023795930251859776,1.002379593025186,AI_Core
2022-12-08 00:00:00-05:00,AMZN,89.23999786376953,90.86000061035156,87.87999725341797,90.3499984741211,73305900,0.021365582288144003,1.021365582288144,AI_Core
2022-12-09 00:00:00-05:00,AMZN,88.9000015258789,90.30000305175781,88.62999725341797,89.08999633789062,67398500,-0.01394579034322141,0.9860542096567786,AI_Core
2022-12-12 00:00:00-05:00,AMZN,89.20999908447266,90.58000183105469,87.87000274658203,90.55000305175781,61999800,0.01638799835988136,1.0163879983598814,AI_Core
2022-12-13 00:00:00-05:00,AMZN,95.2300033569336,96.25,90.5199966430664,92.48999786376953,100212000,0.02142456926150338,1.0214245692615034,AI_Core
2022-12-14 00:00:00-05:00,AMZN,92.5,93.45999908447266,89.87000274658203,91.58000183105469,70298000,-0.009838858835905628,0.9901611411640944,AI_Core
2022-12-15 00:00:00-05:00,AMZN,89.88999938964844,89.97000122070312,87.47000122070312,88.44999694824219,84802900,-0.034177820705733164,0.9658221792942668,AI_Core
2022-12-16 00:00:00-05:00,AMZN,88.2699966430664,89.3499984741211,86.7300033569336,87.86000061035156,146144100,-0.006670394101153776,0.9933296058988462,AI_Core
2022-12-19 00:00:00-05:00,AMZN,87.51000213623047,87.62999725341797,84.51000213623047,84.91999816894531,83531500,-0.033462353983410575,0.9665376460165894,AI_Core
2022-12-20 00:00:00-05:00,AMZN,85.33000183105469,86.61000061035156,84.33000183105469,85.19000244140625,74348300,0.0031795134041781026,1.003179513404178,AI_Core
2022-12-21 00:00:00-05:00,AMZN,86.18000030517578,87.2300033569336,85.20999908447266,86.7699966430664,59267200,0.018546709195681466,1.0185467091956815,AI_Core
2022-12-22 00:00:00-05:00,AMZN,85.5199966430664,85.68000030517578,82.25,83.79000091552734,81431300,-0.034343619255829294,0.9656563807441707,AI_Core
2022-12-23 00:00:00-05:00,AMZN,83.25,85.77999877929688,82.93000030517578,85.25,57433700,0.01742450254827599,1.017424502548276,AI_Core
2022-12-27 00:00:00-05:00,AMZN,84.97000122070312,85.3499984741211,83.0,83.04000091552734,57284000,-0.025923742926365456,0.9740762570736345,AI_Core
2022-12-28 00:00:00-05:00,AMZN,82.80000305175781,83.4800033569336,81.69000244140625,81.81999969482422,58228600,-0.01469172937442731,0.9853082706255727,AI_Core
2022-12-29 00:00:00-05:00,AMZN,82.87000274658203,84.55000305175781,82.55000305175781,84.18000030517578,54995900,0.02884381103830358,1.0288438110383036,AI_Core
2022-12-30 00:00:00-05:00,AMZN,83.12000274658203,84.05000305175781,82.47000122070312,84.0,62401200,-0.002138278742257471,0.9978617212577425,AI_Core
2023-01-03 00:00:00-05:00,AMZN,85.45999908447266,86.95999908447266,84.20999908447266,85.81999969482422,76706000,0.021666663033621747,1.0216666630336217,AI_Core
2023-01-04 00:00:00-05:00,AMZN,86.55000305175781,86.9800033569336,83.36000061035156,85.13999938964844,68885100,-0.007923564525679994,0.99207643547432,AI_Core
2023-01-05 00:00:00-05:00,AMZN,85.33000183105469,85.41999816894531,83.06999969482422,83.12000274658203,67930800,-0.023725589118479662,0.9762744108815203,AI_Core
2023-01-06 00:00:00-05:00,AMZN,83.02999877929688,86.4000015258789,81.43000030517578,86.08000183105469,83303400,0.035611152390083056,1.035611152390083,AI_Core
2023-01-09 00:00:00-05:00,AMZN,87.45999908447266,89.4800033569336,87.08000183105469,87.36000061035156,65266100,0.01486987397850048,1.0148698739785005,AI_Core
2023-01-10 00:00:00-05:00,AMZN,87.56999969482422,90.19000244140625,87.29000091552734,89.87000274658203,67756600,0.028731709234134817,1.0287317092341348,AI_Core
2023-01-11 00:00:00-05:00,AMZN,90.93000030517578,95.26000213623047,90.93000030517578,95.08999633789062,103126200,0.058083825879343465,1.0580838258793435,AI_Core
2023-01-12 00:00:00-05:00,AMZN,96.93000030517578,97.19000244140625,93.5,95.2699966430664,85254800,0.0018929468094222024,1.0018929468094222,AI_Core
2023-01-13 00:00:00-05:00,AMZN,94.18000030517578,98.37000274658203,94.12000274658203,98.12000274658203,85549400,0.029915043601747016,1.029915043601747,AI_Core
2023-01-17 00:00:00-05:00,AMZN,98.68000030517578,98.88999938964844,95.7300033569336,96.05000305175781,72755000,-0.02109661268732821,0.9789033873126718,AI_Core
2023-01-18 00:00:00-05:00,AMZN,97.25,99.31999969482422,95.37999725341797,95.45999908447266,79570400,-0.006142675153973931,0.9938573248460261,AI_Core
2023-01-19 00:00:00-05:00,AMZN,94.73999786376953,95.44000244140625,92.86000061035156,93.68000030517578,69002700,-0.01864654092151996,0.98135345907848,AI_Core
2023-01-20 00:00:00-05:00,AMZN,93.86000061035156,97.3499984741211,93.19999694824219,97.25,67481500,0.03810845093076898,1.038108450930769,AI_Core
2023-01-23 00:00:00-05:00,AMZN,97.55999755859375,97.77999877929688,95.86000061035156,97.5199966430664,76501100,0.002776315095798454,1.0027763150957985,AI_Core
2023-01-24 00:00:00-05:00,AMZN,96.93000030517578,98.08999633789062,96.0,96.31999969482422,66929500,-0.012305137300550828,0.9876948626994492,AI_Core
2023-01-25 00:00:00-05:00,AMZN,92.55999755859375,97.23999786376953,91.5199966430664,97.18000030517578,94261600,0.008928577793566816,1.0089285777935668,AI_Core
2023-01-26 00:00:00-05:00,AMZN,98.23999786376953,99.48999786376953,96.91999816894531,99.22000122070312,68523600,0.02099198301215366,1.0209919830121537,AI_Core
2023-01-27 00:00:00-05:00,AMZN,99.52999877929688,103.48999786376953,99.52999877929688,102.23999786376953,87775600,0.03043737760442866,1.0304373776044287,AI_Core
2023-01-30 00:00:00-05:00,AMZN,101.08999633789062,101.73999786376953,99.01000213623047,100.55000305175781,70691900,-0.01652968356145279,0.9834703164385472,AI_Core
2023-01-31 00:00:00-05:00,AMZN,101.16000366210938,103.3499984741211,101.13999938964844,103.12999725341797,66527300,0.025658817736008643,1.0256588177360086,AI_Core
2023-02-01 00:00:00-05:00,AMZN,102.52999877929688,106.23999786376953,101.23999786376953,105.1500015258789,80450100,0.019586971068148662,1.0195869710681487,AI_Core
2023-02-02 00:00:00-05:00,AMZN,110.25,114.0,108.87999725341797,112.91000366210938,158154200,0.07379935352944922,1.0737993535294492,AI_Core
2023-02-03 00:00:00-05:00,AMZN,105.26000213623047,108.77999877929688,102.5199966430664,103.38999938964844,144374800,-0.08431497620839845,0.9156850237916015,AI_Core
2023-02-06 00:00:00-05:00,AMZN,102.93000030517578,103.94999694824219,100.6500015258789,102.18000030517578,81945200,-0.011703250716856073,0.9882967492831439,AI_Core
2023-02-07 00:00:00-05:00,AMZN,101.16999816894531,102.41000366210938,98.08000183105469,102.11000061035156,119501300,-0.0006850625818668465,0.9993149374181332,AI_Core
2023-02-08 00:00:00-05:00,AMZN,102.04000091552734,102.66999816894531,98.77999877929688,100.05000305175781,75878300,-0.02017429777965274,0.9798257022203473,AI_Core
2023-02-09 00:00:00-05:00,AMZN,101.31999969482422,101.77999877929688,97.56999969482422,98.23999786376953,64622500,-0.01809100582487666,0.9819089941751233,AI_Core
2023-02-10 00:00:00-05:00,AMZN,97.55999755859375,98.81999969482422,96.2300033569336,97.61000061035156,52740100,-0.006412838631079665,0.9935871613689203,AI_Core
2023-02-13 00:00:00-05:00,AMZN,97.8499984741211,99.68000030517578,96.91000366210938,99.54000091552734,52841500,0.019772567289289666,1.0197725672892897,AI_Core
2023-02-14 00:00:00-05:00,AMZN,98.41000366210938,100.91999816894531,97.5199966430664,99.69999694824219,56202900,0.0016073541414833858,1.0016073541414834,AI_Core
2023-02-15 00:00:00-05:00,AMZN,99.08999633789062,101.16999816894531,98.44999694824219,101.16000366210938,47957600,0.014643999584324163,1.0146439995843242,AI_Core
2023-02-16 00:00:00-05:00,AMZN,99.20999908447266,100.62999725341797,98.0999984741211,98.1500015258789,56339200,-0.02975486385196624,0.9702451361480338,AI_Core
2023-02-17 00:00:00-05:00,AMZN,97.80000305175781,97.94000244140625,95.6500015258789,97.19999694824219,60029400,-0.009679109147912035,0.990320890852088,AI_Core
2023-02-21 00:00:00-05:00,AMZN,95.33999633789062,95.61000061035156,94.2699966430664,94.58000183105469,56580400,-0.02695468312187932,0.9730453168781207,AI_Core
2023-02-22 00:00:00-05:00,AMZN,95.0999984741211,97.01000213623047,94.80000305175781,95.79000091552734,59534100,0.012793392483054111,1.0127933924830541,AI_Core
2023-02-23 00:00:00-05:00,AMZN,96.12000274658203,96.43000030517578,93.66999816894531,95.81999969482422,48467000,0.000313172345862478,1.0003131723458625,AI_Core
2023-02-24 00:00:00-05:00,AMZN,93.52999877929688,94.13999938964844,92.31999969482422,93.5,57053800,-0.024212061179431754,0.9757879388205682,AI_Core
2023-02-27 00:00:00-05:00,AMZN,94.27999877929688,94.77999877929688,93.13999938964844,93.76000213623047,47470300,0.0027807715104863906,1.0027807715104864,AI_Core
2023-02-28 00:00:00-05:00,AMZN,93.13999938964844,94.69000244140625,92.91999816894531,94.2300033569336,43959300,0.005012811540044737,1.0050128115400447,AI_Core
2023-03-01 00:00:00-05:00,AMZN,93.87000274658203,94.68000030517578,91.58999633789062,92.16999816894531,52299500,-0.02186145722806776,0.9781385427719322,AI_Core
2023-03-02 00:00:00-05:00,AMZN,91.41000366210938,92.2300033569336,90.38999938964844,92.12999725341797,55509400,-0.00043399062951077205,0.9995660093704892,AI_Core
2023-03-03 00:00:00-05:00,AMZN,92.73999786376953,94.94000244140625,92.66000366210938,94.9000015258789,55759600,0.030066258059702422,1.0300662580597024,AI_Core
2023-03-06 00:00:00-05:00,AMZN,95.19000244140625,96.55000305175781,93.73999786376953,93.75,52112400,-0.012118034851298809,0.9878819651487012,AI_Core
2023-03-07 00:00:00-05:00,AMZN,94.05999755859375,95.08999633789062,92.77999877929688,93.55000305175781,49100700,-0.0021333007812499583,0.99786669921875,AI_Core
2023-03-08 00:00:00-05:00,AMZN,93.5999984741211,94.16999816894531,92.18000030517578,93.91999816894531,44899100,0.003955051898638651,1.0039550518986387,AI_Core
2023-03-09 00:00:00-05:00,AMZN,93.68000030517578,96.20999908447266,92.18000030517578,92.25,56218700,-0.017781071140368643,0.9822189288596314,AI_Core
2023-03-10 00:00:00-05:00,AMZN,92.66999816894531,93.56999969482422,90.25,90.7300033569336,69827500,-0.0164769283801236,0.9835230716198764,AI_Core
2023-03-13 00:00:00-04:00,AMZN,89.97000122070312,94.0199966430664,88.12000274658203,92.43000030517578,72397100,0.01873687738723384,1.0187368773872338,AI_Core
2023-03-14 00:00:00-04:00,AMZN,93.83000183105469,95.06999969482422,92.70999908447266,94.87999725341797,60912700,0.0265065123894086,1.0265065123894086,AI_Core
2023-03-15 00:00:00-04:00,AMZN,93.22000122070312,96.66999816894531,93.06999969482422,96.19999694824219,70731800,0.01391230747297123,1.0139123074729712,AI_Core
2023-03-16 00:00:00-04:00,AMZN,95.75,100.98999786376953,95.61000061035156,100.04000091552734,84446900,0.03991688242309577,1.0399168824230958,AI_Core
2023-03-17 00:00:00-04:00,AMZN,99.79000091552734,100.66000366210938,97.45999908447266,98.94999694824219,87300200,-0.010895681300578386,0.9891043186994216,AI_Core
2023-03-20 00:00:00-04:00,AMZN,98.41000366210938,98.4800033569336,95.69999694824219,97.70999908447266,62388900,-0.012531560404374087,0.9874684395956259,AI_Core
2023-03-21 00:00:00-04:00,AMZN,98.13999938964844,100.8499984741211,98.0,100.61000061035156,58597300,0.029679680207260972,1.029679680207261,AI_Core
2023-03-22 00:00:00-04:00,AMZN,100.44999694824219,102.0999984741211,98.61000061035156,98.69999694824219,57475400,-0.018984232685839597,0.9810157673141604,AI_Core
2023-03-23 00:00:00-04:00,AMZN,100.43000030517578,101.05999755859375,97.62000274658203,98.70999908447266,57559300,0.00010133876939955044,1.0001013387693996,AI_Core
2023-03-24 00:00:00-04:00,AMZN,98.06999969482422,98.30000305175781,96.4000015258789,98.12999725341797,56095400,-0.005875816395847999,0.994124183604152,AI_Core
2023-03-27 00:00:00-04:00,AMZN,99.06999969482422,99.33999633789062,97.08000183105469,98.04000091552734,46721300,-0.0009171134251457769,0.9990828865748542,AI_Core
2023-03-28 00:00:00-04:00,AMZN,98.11000061035156,98.44000244140625,96.29000091552734,97.23999786376953,38720100,-0.00815996577200262,0.9918400342279974,AI_Core
2023-03-29 00:00:00-04:00,AMZN,98.69000244140625,100.41999816894531,98.55999755859375,100.25,49783300,0.0309543624265336,1.0309543624265336,AI_Core
2023-03-30 00:00:00-04:00,AMZN,101.55000305175781,103.04000091552734,101.01000213623047,102.0,53633400,0.0174563591022443,1.0174563591022443,AI_Core
2023-03-31 00:00:00-04:00,AMZN,102.16000366210938,103.48999786376953,101.94999694824219,103.29000091552734,56750300,0.012647067799287592,1.0126470677992876,AI_Core
2023-04-03 00:00:00-04:00,AMZN,102.30000305175781,103.29000091552734,101.43000030517578,102.41000366210938,41135700,-0.008519675143944028,0.991480324856056,AI_Core
2023-04-04 00:00:00-04:00,AMZN,102.75,104.19999694824219,102.11000061035156,103.94999694824219,48662500,0.015037527888523972,1.015037527888524,AI_Core
2023-04-05 00:00:00-04:00,AMZN,103.91000366210938,103.91000366210938,100.75,101.0999984741211,45175400,-0.027417013542964663,0.9725829864570353,AI_Core
2023-04-06 00:00:00-04:00,AMZN,100.75,102.37999725341797,99.80000305175781,102.05999755859375,43808000,0.009495540049077267,1.0094955400490773,AI_Core
2023-04-10 00:00:00-04:00,AMZN,100.95999908447266,102.19999694824219,99.56999969482422,102.16999816894531,37261200,0.0010778033801970288,1.001077803380197,AI_Core
2023-04-11 00:00:00-04:00,AMZN,100.80000305175781,101.0,99.01000213623047,99.91999816894531,60417800,-0.022022120390757682,0.9779778796092423,AI_Core
2023-04-12 00:00:00-04:00,AMZN,100.4000015258789,100.51000213623047,97.70999908447266,97.83000183105469,56735000,-0.020916697119598093,0.9790833028804019,AI_Core
2023-04-13 00:00:00-04:00,AMZN,98.94999694824219,102.56999969482422,98.70999908447266,102.4000015258789,67925100,0.046713683014299345,1.0467136830142993,AI_Core
2023-04-14 00:00:00-04:00,AMZN,102.06999969482422,103.19999694824219,101.11000061035156,102.51000213623047,51450500,0.001074224694457282,1.0010742246944573,AI_Core
2023-04-17 00:00:00-04:00,AMZN,103.16000366210938,103.7300033569336,101.58999633789062,102.73999786376953,39919500,0.0022436418178335416,1.0022436418178335,AI_Core
2023-04-18 00:00:00-04:00,AMZN,103.94999694824219,104.19999694824219,101.5199966430664,102.30000305175781,39790500,-0.004282604839014548,0.9957173951609855,AI_Core
2023-04-19 00:00:00-04:00,AMZN,101.58000183105469,105.12000274658203,101.38999938964844,104.30000305175781,58398900,0.019550341547772243,1.0195503415477722,AI_Core
2023-04-20 00:00:00-04:00,AMZN,103.52999877929688,105.25,103.20999908447266,103.80999755859375,57696900,-0.0046980391066805405,0.9953019608933195,AI_Core
2023-04-21 00:00:00-04:00,AMZN,106.0999984741211,108.1500015258789,105.08000183105469,106.95999908447266,86774200,0.03034391291745231,1.0303439129174523,AI_Core
2023-04-24 00:00:00-04:00,AMZN,107.66000366210938,109.2300033569336,105.06999969482422,106.20999908447266,69575600,-0.007011967150520215,0.9929880328494798,AI_Core
2023-04-25 00:00:00-04:00,AMZN,104.91000366210938,105.44999694824219,102.44999694824219,102.56999969482422,65026800,-0.03427172037496595,0.965728279625034,AI_Core
2023-04-26 00:00:00-04:00,AMZN,105.04000091552734,106.62000274658203,104.0999984741211,104.9800033569336,73803800,0.023496184744855597,1.0234961847448556,AI_Core
2023-04-27 00:00:00-04:00,AMZN,108.16000366210938,110.86000061035156,106.80000305175781,109.81999969482422,149961200,0.046103983455159314,1.0461039834551593,AI_Core
2023-04-28 00:00:00-04:00,AMZN,107.7300033569336,109.4800033569336,104.33000183105469,105.44999694824219,130715900,-0.039792412663683385,0.9602075873363166,AI_Core
2023-05-01 00:00:00-04:00,AMZN,104.94999694824219,105.2300033569336,101.81999969482422,102.05000305175781,74728100,-0.032242712137328766,0.9677572878626712,AI_Core
2023-05-02 00:00:00-04:00,AMZN,101.47000122070312,103.9000015258789,101.1500015258789,103.62999725341797,73469400,0.015482549283793778,1.0154825492837938,AI_Core
2023-05-03 00:00:00-04:00,AMZN,103.73999786376953,105.95999908447266,103.27999877929688,103.6500015258789,65051900,0.00019303553981586674,1.0001930355398159,AI_Core
2023-05-04 00:00:00-04:00,AMZN,104.04000091552734,105.38999938964844,103.30999755859375,104.0,45345500,0.0033767339022539034,1.003376733902254,AI_Core
2023-05-05 00:00:00-04:00,AMZN,104.2699966430664,105.76000213623047,103.55000305175781,105.66000366210938,56951700,0.015961573674128537,1.0159615736741285,AI_Core
2023-05-08 00:00:00-04:00,AMZN,105.04000091552734,106.0999984741211,104.69999694824219,105.83000183105469,49430900,0.0016089169321718,1.0016089169321718,AI_Core
2023-05-09 00:00:00-04:00,AMZN,105.4800033569336,106.79000091552734,105.16000366210938,106.62000274658203,44089400,0.00746481056277859,1.0074648105627786,AI_Core
2023-05-10 00:00:00-04:00,AMZN,108.0999984741211,110.66999816894531,108.05000305175781,110.19000244140625,78627600,0.03348339526223332,1.0334833952622333,AI_Core
2023-05-11 00:00:00-04:00,AMZN,111.02999877929688,113.27999877929688,110.48999786376953,112.18000030517578,74924800,0.01805969525073481,1.0180596952507348,AI_Core
2023-05-12 00:00:00-04:00,AMZN,112.16000366210938,112.63999938964844,109.31999969482422,110.26000213623047,49852700,-0.01711533396079623,0.9828846660392038,AI_Core
2023-05-15 00:00:00-04:00,AMZN,111.1500015258789,112.29000091552734,109.25,111.19999694824219,53011100,0.008525256609829501,1.0085252566098295,AI_Core
2023-05-16 00:00:00-04:00,AMZN,111.05000305175781,114.79000091552734,111.05000305175781,113.4000015258789,71472900,0.01978421437062372,1.0197842143706237,AI_Core
2023-05-17 00:00:00-04:00,AMZN,114.88999938964844,115.83000183105469,114.22000122070312,115.5,65655200,0.018518504813616277,1.0185185048136163,AI_Core
2023-05-18 00:00:00-04:00,AMZN,116.69000244140625,118.5999984741211,116.33999633789062,118.1500015258789,73174100,0.022943736154795724,1.0229437361547957,AI_Core
2023-05-19 00:00:00-04:00,AMZN,118.16000366210938,118.30999755859375,115.69999694824219,116.25,55056300,-0.01608126535201726,0.9839187346479827,AI_Core
2023-05-22 00:00:00-04:00,AMZN,116.7699966430664,116.7699966430664,114.25,115.01000213623047,70741100,-0.010666648290490577,0.9893333517095094,AI_Core
2023-05-23 00:00:00-04:00,AMZN,114.2699966430664,117.13999938964844,113.77999877929688,114.98999786376953,67576300,-0.00017393506729301844,0.999826064932707,AI_Core
2023-05-24 00:00:00-04:00,AMZN,115.3499984741211,117.33999633789062,115.0199966430664,116.75,63487900,0.015305697616548875,1.0153056976165489,AI_Core
2023-05-25 00:00:00-04:00,AMZN,116.62999725341797,116.87000274658203,114.30999755859375,115.0,66496700,-0.01498929336188437,0.9850107066381156,AI_Core
2023-05-26 00:00:00-04:00,AMZN,116.04000091552734,121.5,116.0199966430664,120.11000061035156,96779900,0.04443478791610045,1.0444347879161004,AI_Core
2023-05-30 00:00:00-04:00,AMZN,122.37000274658203,122.91999816894531,119.86000061035156,121.66000366210938,64314800,0.01290486257498391,1.012904862574984,AI_Core
2023-05-31 00:00:00-04:00,AMZN,121.44999694824219,122.04000091552734,119.16999816894531,120.58000183105469,72800800,-0.00887721353399118,0.9911227864660088,AI_Core
2023-06-01 00:00:00-04:00,AMZN,120.69000244140625,123.48999786376953,119.93000030517578,122.7699966430664,54375100,0.01816217265513176,1.0181621726551318,AI_Core
2023-06-02 00:00:00-04:00,AMZN,124.91999816894531,126.38999938964844,124.0199966430664,124.25,61264400,0.01205508998453797,1.012055089984538,AI_Core
2023-06-05 00:00:00-04:00,AMZN,123.36000061035156,125.80000305175781,123.02999877929688,125.30000305175781,47950100,0.008450728786783213,1.0084507287867832,AI_Core
2023-06-06 00:00:00-04:00,AMZN,125.06999969482422,127.4000015258789,125.0,126.61000061035156,45695200,0.010454888481148839,1.0104548884811488,AI_Core
2023-06-07 00:00:00-04:00,AMZN,127.01000213623047,127.37000274658203,120.62999725341797,121.2300033569336,95663300,-0.04249267220189956,0.9575073277981004,AI_Core
2023-06-08 00:00:00-04:00,AMZN,123.01000213623047,125.62999725341797,122.26000213623047,124.25,62159300,0.024911297199049942,1.02491129719905,AI_Core
2023-06-09 00:00:00-04:00,AMZN,124.08000183105469,125.80000305175781,123.19000244140625,123.43000030517578,51396000,-0.006599595129369917,0.9934004048706301,AI_Core
2023-06-12 00:00:00-04:00,AMZN,124.0199966430664,126.77999877929688,123.52999877929688,126.56999969482422,51338000,0.025439515368102628,1.0254395153681026,AI_Core
2023-06-13 00:00:00-04:00,AMZN,128.1199951171875,128.41000366210938,125.18000030517578,126.66000366210938,50564800,0.0007111003199982147,1.0007111003199982,AI_Core
2023-06-14 00:00:00-04:00,AMZN,126.69999694824219,126.94999694824219,124.12000274658203,126.41999816894531,52422500,-0.001894879884926648,0.9981051201150734,AI_Core
2023-06-15 00:00:00-04:00,AMZN,125.20999908447266,127.69000244140625,124.31999969482422,127.11000061035156,60458500,0.005458016543269828,1.0054580165432698,AI_Core
2023-06-16 00:00:00-04:00,AMZN,127.70999908447266,127.9000015258789,125.30000305175781,125.48999786376953,84247100,-0.012744888197649074,0.9872551118023509,AI_Core
2023-06-20 00:00:00-04:00,AMZN,124.97000122070312,127.25,124.5,125.77999877929688,56930100,0.002310948445805039,1.002310948445805,AI_Core
2023-06-21 00:00:00-04:00,AMZN,125.63999938964844,126.7300033569336,123.8499984741211,124.83000183105469,52137700,-0.00755284590127181,0.9924471540987282,AI_Core
2023-06-22 00:00:00-04:00,AMZN,125.30999755859375,130.3300018310547,125.13999938964844,130.14999389648438,90354600,0.04261789623803569,1.0426178962380357,AI_Core
2023-06-23 00:00:00-04:00,AMZN,129.11000061035156,130.83999633789062,128.27999877929688,129.3300018310547,71927800,-0.006300361919969633,0.9936996380800304,AI_Core
2023-06-26 00:00:00-04:00,AMZN,129.3300018310547,131.49000549316406,127.0999984741211,127.33000183105469,59989300,-0.01546431587167707,0.9845356841283229,AI_Core
2023-06-27 00:00:00-04:00,AMZN,128.6300048828125,130.08999633789062,127.55000305175781,129.17999267578125,46801000,0.014529104045574393,1.0145291040455744,AI_Core
2023-06-28 00:00:00-04:00,AMZN,128.94000244140625,131.47999572753906,128.44000244140625,129.0399932861328,52149500,-0.001083754432466999,0.998916245567533,AI_Core
2023-06-29 00:00:00-04:00,AMZN,128.77000427246094,129.25999450683594,127.26000213623047,127.9000015258789,40761000,-0.008834406537251538,0.9911655934627485,AI_Core
2023-06-30 00:00:00-04:00,AMZN,129.47000122070312,131.25,128.9499969482422,130.36000061035156,54350700,0.019233769000189582,1.0192337690001896,AI_Core
2023-07-03 00:00:00-04:00,AMZN,130.82000732421875,131.85000610351562,130.07000732421875,130.22000122070312,28264800,-0.0010739443770555468,0.9989260556229445,AI_Core
2023-07-05 00:00:00-04:00,AMZN,130.24000549316406,131.39999389648438,129.63999938964844,130.3800048828125,35895400,0.0012287180203460757,1.001228718020346,AI_Core
2023-07-06 00:00:00-04:00,AMZN,128.25,128.72999572753906,127.37000274658203,128.36000061035156,40639900,-0.015493205988729275,0.9845067940112707,AI_Core
2023-07-07 00:00:00-04:00,AMZN,128.58999633789062,130.97000122070312,128.1300048828125,129.77999877929688,41992300,0.011062622017709689,1.0110626220177097,AI_Core
2023-07-10 00:00:00-04:00,AMZN,129.07000732421875,129.27999877929688,125.91999816894531,127.12999725341797,61889300,-0.020419182854096718,0.9795808171459033,AI_Core
2023-07-11 00:00:00-04:00,AMZN,127.75,129.77000427246094,127.3499984741211,128.77999877929688,49951500,0.012978852839820476,1.0129788528398205,AI_Core
2023-07-12 00:00:00-04:00,AMZN,130.30999755859375,131.25999450683594,128.8300018310547,130.8000030517578,54022800,0.01568569880112225,1.0156856988011222,AI_Core
2023-07-13 00:00:00-04:00,AMZN,134.0399932861328,134.6699981689453,132.7100067138672,134.3000030517578,61170900,0.026758409161619312,1.0267584091616193,AI_Core
2023-07-14 00:00:00-04:00,AMZN,134.05999755859375,136.64999389648438,134.05999755859375,134.67999267578125,54487100,0.002829408900884234,1.0028294089008842,AI_Core
2023-07-17 00:00:00-04:00,AMZN,134.55999755859375,135.6199951171875,133.2100067138672,133.55999755859375,48450200,-0.008315972513331604,0.9916840274866684,AI_Core
2023-07-18 00:00:00-04:00,AMZN,132.7100067138672,133.86000061035156,131.35000610351562,132.8300018310547,54882900,-0.005465676406731013,0.994534323593269,AI_Core
2023-07-19 00:00:00-04:00,AMZN,133.38999938964844,135.99000549316406,132.52999877929688,135.36000061035156,54531000,0.019046892602732513,1.0190468926027325,AI_Core
2023-07-20 00:00:00-04:00,AMZN,134.07000732421875,134.7899932861328,129.3300018310547,129.9600067138672,59820600,-0.03989357175040831,0.9601064282495917,AI_Core
2023-07-21 00:00:00-04:00,AMZN,131.33999633789062,131.3699951171875,128.4199981689453,130.0,133307300,0.00030773533446226686,1.0003077353344623,AI_Core
2023-07-24 00:00:00-04:00,AMZN,130.30999755859375,131.66000366210938,128.35000610351562,128.8000030517578,45591100,-0.009230745755709147,0.9907692542442909,AI_Core
2023-07-25 00:00:00-04:00,AMZN,129.30999755859375,129.5800018310547,128.52999877929688,129.1300048828125,39236700,0.002562125956798944,1.002562125956799,AI_Core
2023-07-26 00:00:00-04:00,AMZN,126.51000213623047,129.0800018310547,126.11000061035156,128.14999389648438,53910100,-0.007589335934878205,0.9924106640651218,AI_Core
2023-07-27 00:00:00-04:00,AMZN,131.0,132.6300048828125,127.79000091552734,128.25,52610700,0.0007803832093540297,1.000780383209354,AI_Core
2023-07-28 00:00:00-04:00,AMZN,129.69000244140625,133.00999450683594,129.3300018310547,132.2100067138672,46317400,0.030877245332297854,1.0308772453322979,AI_Core
2023-07-31 00:00:00-04:00,AMZN,133.1999969482422,133.8699951171875,132.3800048828125,133.67999267578125,41901500,0.011118568090654923,1.011118568090655,AI_Core
2023-08-01 00:00:00-04:00,AMZN,133.5500030517578,133.69000244140625,131.6199951171875,131.69000244140625,42098500,-0.014886223394710907,0.9851137766052891,AI_Core
2023-08-02 00:00:00-04:00,AMZN,130.14999389648438,130.22999572753906,126.81999969482422,128.2100067138672,51027600,-0.026425663778747666,0.9735743362212523,AI_Core
2023-08-03 00:00:00-04:00,AMZN,127.4800033569336,129.83999633789062,126.41000366210938,128.91000366210938,88585200,0.005459768439170398,1.0054597684391704,AI_Core
2023-08-04 00:00:00-04:00,AMZN,141.05999755859375,143.6300048828125,139.32000732421875,139.57000732421875,153128500,0.08269337801006271,1.0826933780100627,AI_Core
2023-08-07 00:00:00-04:00,AMZN,140.99000549316406,142.5399932861328,138.9499969482422,142.22000122070312,71213100,0.01898684357254843,1.0189868435725484,AI_Core
2023-08-08 00:00:00-04:00,AMZN,140.6199951171875,140.83999633789062,138.4199981689453,139.94000244140625,51710500,-0.016031491771390738,0.9839685082286093,AI_Core
2023-08-09 00:00:00-04:00,AMZN,139.97000122070312,140.32000732421875,137.10000610351562,137.85000610351562,50017300,-0.01493494570121734,0.9850650542987827,AI_Core
2023-08-10 00:00:00-04:00,AMZN,139.07000732421875,140.41000366210938,137.49000549316406,138.55999755859375,58928400,0.005150463718840648,1.0051504637188406,AI_Core
2023-08-11 00:00:00-04:00,AMZN,137.39999389648438,139.3300018310547,137.0,138.41000366210938,42905800,-0.0010825194798443905,0.9989174805201556,AI_Core
2023-08-14 00:00:00-04:00,AMZN,138.3000030517578,140.58999633789062,137.75,140.57000732421875,47148700,0.015605834874352187,1.0156058348743522,AI_Core
2023-08-15 00:00:00-04:00,AMZN,140.0500030517578,141.27999877929688,137.22999572753906,137.6699981689453,42781500,-0.020630355012962953,0.979369644987037,AI_Core
2023-08-16 00:00:00-04:00,AMZN,137.19000244140625,137.27000427246094,135.00999450683594,135.07000732421875,41675900,-0.018885675014943426,0.9811143249850566,AI_Core
2023-08-17 00:00:00-04:00,AMZN,135.4600067138672,136.08999633789062,133.52999877929688,133.97999572753906,48354100,-0.008069975106044458,0.9919300248939555,AI_Core
2023-08-18 00:00:00-04:00,AMZN,131.6199951171875,134.07000732421875,131.14999389648438,133.22000122070312,48497700,-0.005672447612115605,0.9943275523878844,AI_Core
2023-08-21 00:00:00-04:00,AMZN,133.74000549316406,135.19000244140625,132.7100067138672,134.67999267578125,41442500,0.01095925117625085,1.0109592511762509,AI_Core
2023-08-22 00:00:00-04:00,AMZN,135.0800018310547,135.64999389648438,133.72999572753906,134.25,32905400,-0.0031926989840012077,0.9968073010159988,AI_Core
2023-08-23 00:00:00-04:00,AMZN,134.5,135.9499969482422,133.22000122070312,135.52000427246094,42801000,0.009459994580714559,1.0094599945807146,AI_Core
2023-08-24 00:00:00-04:00,AMZN,136.39999389648438,136.77999877929688,131.8300018310547,131.83999633789062,43646300,-0.027154721211281152,0.9728452787887188,AI_Core
2023-08-25 00:00:00-04:00,AMZN,132.47000122070312,133.8699951171875,130.5800018310547,133.25999450683594,44147500,0.010770617478674804,1.0107706174786748,AI_Core
2023-08-28 00:00:00-04:00,AMZN,133.77999877929688,133.9499969482422,131.85000610351562,133.13999938964844,34108400,-0.0009004586682715976,0.9990995413317284,AI_Core
2023-08-29 00:00:00-04:00,AMZN,133.3800048828125,135.13999938964844,133.25,134.91000366210938,38646100,0.013294308852149106,1.013294308852149,AI_Core
2023-08-30 00:00:00-04:00,AMZN,134.92999267578125,135.67999267578125,133.9199981689453,135.07000732421875,36137000,0.0011860029483812262,1.0011860029483812,AI_Core
2023-08-31 00:00:00-04:00,AMZN,135.05999755859375,138.7899932861328,135.0,138.00999450683594,58781300,0.021766395374215985,1.021766395374216,AI_Core
2023-09-01 00:00:00-04:00,AMZN,139.4600067138672,139.9600067138672,136.8800048828125,138.1199951171875,40991500,0.0007970481467276525,1.0007970481467277,AI_Core
2023-09-05 00:00:00-04:00,AMZN,137.72999572753906,137.8000030517578,135.82000732421875,137.27000427246094,40636700,-0.006154002858205887,0.9938459971417941,AI_Core
2023-09-06 00:00:00-04:00,AMZN,136.32000732421875,137.4499969482422,134.61000061035156,135.36000061035156,41785500,-0.013914209970579572,0.9860857900294204,AI_Core
2023-09-07 00:00:00-04:00,AMZN,133.89999389648438,138.02999877929688,133.16000366210938,137.85000610351562,48498900,0.018395430569861038,1.018395430569861,AI_Core
2023-09-08 00:00:00-04:00,AMZN,136.86000061035156,138.85000610351562,136.75,138.22999572753906,38348200,0.0027565441218631026,1.002756544121863,AI_Core
2023-09-11 00:00:00-04:00,AMZN,138.75,143.6199951171875,138.63999938964844,143.10000610351562,56764500,0.035231212663680456,1.0352312126636805,AI_Core
2023-09-12 00:00:00-04:00,AMZN,142.32000732421875,143.0,140.61000061035156,141.22999572753906,42668500,-0.013067856717097759,0.9869321432829022,AI_Core
2023-09-13 00:00:00-04:00,AMZN,140.9499969482422,144.97999572753906,140.8699951171875,144.85000610351562,60465200,0.025632022130484877,1.0256320221304849,AI_Core
2023-09-14 00:00:00-04:00,AMZN,145.0800018310547,145.86000061035156,142.9499969482422,144.72000122070312,64033600,-0.0008975138235036706,0.9991024861764963,AI_Core
2023-09-15 00:00:00-04:00,AMZN,142.69000244140625,143.57000732421875,140.08999633789062,140.38999938964844,102909300,-0.029919857618376344,0.9700801423816237,AI_Core
2023-09-18 00:00:00-04:00,AMZN,140.47999572753906,141.75,139.22000122070312,139.97999572753906,42823500,-0.0029204620264398073,0.9970795379735602,AI_Core
2023-09-19 00:00:00-04:00,AMZN,138.6999969482422,138.83999633789062,135.55999755859375,137.6300048828125,61482500,-0.016788047695762587,0.9832119523042374,AI_Core
2023-09-20 00:00:00-04:00,AMZN,138.5500030517578,139.3699951171875,135.1999969482422,135.2899932861328,46263700,-0.01700219075536713,0.9829978092446329,AI_Core
2023-09-21 00:00:00-04:00,AMZN,131.94000244140625,132.24000549316406,129.30999755859375,129.3300018310547,70343300,-0.04405345369833069,0.9559465463016693,AI_Core
2023-09-22 00:00:00-04:00,AMZN,131.11000061035156,132.02999877929688,128.52000427246094,129.1199951171875,59904300,-0.0016238050792075631,0.9983761949207924,AI_Core
2023-09-25 00:00:00-04:00,AMZN,129.36000061035156,131.77999877929688,128.77000427246094,131.27000427246094,46017800,0.01665124873434287,1.0166512487343429,AI_Core
2023-09-26 00:00:00-04:00,AMZN,130.1199951171875,130.38999938964844,125.27999877929688,125.9800033569336,73048200,-0.040298626825268746,0.9597013731747313,AI_Core
2023-09-27 00:00:00-04:00,AMZN,125.76000213623047,127.4800033569336,124.12999725341797,125.9800033569336,66553400,0.0,1.0,AI_Core
2023-09-28 00:00:00-04:00,AMZN,124.04000091552734,126.58000183105469,123.04000091552734,125.9800033569336,54555000,0.0,1.0,AI_Core
2023-09-29 00:00:00-04:00,AMZN,128.1999969482422,129.14999389648438,126.31999969482422,127.12000274658203,62411700,0.009049050319664742,1.0090490503196647,AI_Core
2023-10-02 00:00:00-04:00,AMZN,127.27999877929688,130.47000122070312,126.54000091552734,129.4600067138672,48029700,0.01840783446134786,1.0184078344613479,AI_Core
2023-10-03 00:00:00-04:00,AMZN,128.05999755859375,128.52000427246094,124.25,124.72000122070312,51565000,-0.03661366636292884,0.9633863336370712,AI_Core
2023-10-04 00:00:00-04:00,AMZN,126.05999755859375,127.36000061035156,125.68000030517578,127.0,44203900,0.018280939360016735,1.0182809393600167,AI_Core
2023-10-05 00:00:00-04:00,AMZN,126.70999908447266,126.7300033569336,124.33000183105469,125.95999908447266,39660600,-0.008188983586829512,0.9918110164131705,AI_Core
2023-10-06 00:00:00-04:00,AMZN,124.16000366210938,128.4499969482422,124.12999725341797,127.95999908447266,46836700,0.015878056641289273,1.0158780566412893,AI_Core
2023-10-09 00:00:00-04:00,AMZN,126.22000122070312,128.7899932861328,124.76000213623047,128.25999450683594,38773700,0.0023444468936362206,1.0023444468936362,AI_Core
2023-10-10 00:00:00-04:00,AMZN,128.82000732421875,130.74000549316406,128.0500030517578,129.47999572753906,42178600,0.009511938819224852,1.0095119388192249,AI_Core
2023-10-11 00:00:00-04:00,AMZN,129.74000549316406,132.0500030517578,129.61000061035156,131.8300018310547,40741800,0.01814956889912689,1.0181495688991269,AI_Core
2023-10-12 00:00:00-04:00,AMZN,132.1699981689453,134.47999572753906,131.22999572753906,132.3300018310547,55528600,0.0037927633547389927,1.003792763354739,AI_Core
2023-10-13 00:00:00-04:00,AMZN,132.97999572753906,133.30999755859375,128.9499969482422,129.7899932861328,45786600,-0.019194502454286222,0.9808054975457138,AI_Core
2023-10-16 00:00:00-04:00,AMZN,130.69000244140625,133.07000732421875,130.42999267578125,132.5500030517578,42832900,0.021265196921155027,1.021265196921155,AI_Core
2023-10-17 00:00:00-04:00,AMZN,130.38999938964844,132.5800018310547,128.7100067138672,131.47000122070312,49344600,-0.008147882355257097,0.9918521176447429,AI_Core
2023-10-18 00:00:00-04:00,AMZN,129.89999389648438,130.6699981689453,127.51000213623047,128.1300048828125,42699500,-0.025405007278304192,0.9745949927216958,AI_Core
2023-10-19 00:00:00-04:00,AMZN,130.57000732421875,132.24000549316406,127.47000122070312,128.39999389648438,60961400,0.002107149015711185,1.0021071490157112,AI_Core
2023-10-20 00:00:00-04:00,AMZN,128.0500030517578,128.1699981689453,124.97000122070312,125.16999816894531,56406400,-0.02515573116103942,0.9748442688389606,AI_Core
2023-10-23 00:00:00-04:00,AMZN,124.62999725341797,127.87999725341797,123.9800033569336,126.55999755859375,48260000,0.011104892625885654,1.0111048926258857,AI_Core
2023-10-24 00:00:00-04:00,AMZN,127.73999786376953,128.8000030517578,126.33999633789062,128.55999755859375,46477400,0.015802781594350668,1.0158027815943507,AI_Core
2023-10-25 00:00:00-04:00,AMZN,126.04000091552734,126.33999633789062,120.79000091552734,121.38999938964844,74577500,-0.055771610960691276,0.9442283890393087,AI_Core
2023-10-26 00:00:00-04:00,AMZN,120.62999725341797,121.63999938964844,118.3499984741211,119.56999969482422,100419500,-0.01499299533713827,0.9850070046628617,AI_Core
2023-10-27 00:00:00-04:00,AMZN,126.19999694824219,130.02000427246094,125.5199966430664,127.73999786376953,125309300,0.06832816082460003,1.0683281608246,AI_Core
2023-10-30 00:00:00-04:00,AMZN,129.72000122070312,133.0,128.55999755859375,132.7100067138672,72485500,0.03890722509168976,1.0389072250916898,AI_Core
2023-10-31 00:00:00-04:00,AMZN,132.75,133.57000732421875,131.7100067138672,133.08999633789062,51589400,0.002863308000901066,1.002863308000901,AI_Core
2023-11-01 00:00:00-04:00,AMZN,133.9600067138672,137.35000610351562,133.7100067138672,137.0,61529400,0.02937864429857373,1.0293786442985737,AI_Core
2023-11-02 00:00:00-04:00,AMZN,138.72999572753906,138.80999755859375,136.47000122070312,138.07000732421875,52236700,0.007810272439553012,1.007810272439553,AI_Core
2023-11-03 00:00:00-04:00,AMZN,138.99000549316406,139.49000549316406,137.4499969482422,138.60000610351562,44059800,0.0038386235328597973,1.0038386235328598,AI_Core
2023-11-06 00:00:00-05:00,AMZN,138.75999450683594,140.72999572753906,138.36000061035156,139.74000549316406,44970400,0.008225103459209127,1.0082251034592091,AI_Core
2023-11-07 00:00:00-05:00,AMZN,140.5500030517578,143.3699951171875,140.5,142.7100067138672,53553500,0.02125376487729147,1.0212537648772915,AI_Core
2023-11-08 00:00:00-05:00,AMZN,142.97000122070312,143.1199951171875,141.22000122070312,142.0800018310547,44521700,-0.004414580990635519,0.9955854190093645,AI_Core
2023-11-09 00:00:00-05:00,AMZN,142.02000427246094,142.64999389648438,139.83999633789062,140.60000610351562,36235400,-0.010416636461610618,0.9895833635383894,AI_Core
2023-11-10 00:00:00-05:00,AMZN,140.4600067138672,143.64999389648438,139.91000366210938,143.55999755859375,49287800,0.021052569890351647,1.0210525698903516,AI_Core
2023-11-13 00:00:00-05:00,AMZN,142.0800018310547,143.22999572753906,140.6699981689453,142.58999633789062,35680600,-0.006756765374750118,0.9932432346252499,AI_Core
2023-11-14 00:00:00-05:00,AMZN,145.0,147.25999450683594,144.67999267578125,145.8000030517578,56674600,0.02251214528584833,1.0225121452858483,AI_Core
2023-11-15 00:00:00-05:00,AMZN,147.05999755859375,147.2899932861328,142.58999633789062,143.1999969482422,63875700,-0.017832688951265996,0.982167311048734,AI_Core
2023-11-16 00:00:00-05:00,AMZN,140.91000366210938,143.32000732421875,139.52000427246094,142.8300018310547,49653500,-0.0025837648398919777,0.997416235160108,AI_Core
2023-11-17 00:00:00-05:00,AMZN,142.66000366210938,145.22999572753906,142.5399932861328,145.17999267578125,49636700,0.016453061783939793,1.0164530617839398,AI_Core
2023-11-20 00:00:00-05:00,AMZN,145.1300048828125,146.6300048828125,144.72999572753906,146.1300048828125,41951200,0.0065436854591447435,1.0065436854591447,AI_Core
2023-11-21 00:00:00-05:00,AMZN,143.91000366210938,144.0500030517578,141.5,143.89999389648438,71226000,-0.015260459261028925,0.9847395407389711,AI_Core
2023-11-22 00:00:00-05:00,AMZN,144.57000732421875,147.74000549316406,144.57000732421875,146.7100067138672,45669100,0.019527539517508297,1.0195275395175083,AI_Core
2023-11-24 00:00:00-05:00,AMZN,146.6999969482422,147.1999969482422,145.32000732421875,146.74000549316406,22378400,0.0002044767086364363,1.0002044767086364,AI_Core
2023-11-27 00:00:00-05:00,AMZN,147.52999877929688,149.25999450683594,146.8800048828125,147.72999572753906,53762400,0.006746559883569869,1.0067465598835699,AI_Core
2023-11-28 00:00:00-05:00,AMZN,146.97999572753906,147.60000610351562,145.52999877929688,147.02999877929688,42711700,-0.00473835354015173,0.9952616464598483,AI_Core
2023-11-29 00:00:00-05:00,AMZN,147.85000610351562,148.5399932861328,145.97000122070312,146.32000732421875,40610900,-0.0048288883967405605,0.9951711116032594,AI_Core
2023-11-30 00:00:00-05:00,AMZN,144.75999450683594,146.92999267578125,144.3300018310547,146.08999633789062,65814000,-0.001571972217158657,0.9984280277828413,AI_Core
2023-12-01 00:00:00-05:00,AMZN,146.0,147.25,145.5500030517578,147.02999877929688,39951800,0.006434406632690459,1.0064344066326905,AI_Core
2023-12-04 00:00:00-05:00,AMZN,145.25,145.35000610351562,142.80999755859375,144.83999633789062,48294200,-0.014894936132684111,0.9851050638673159,AI_Core
2023-12-05 00:00:00-05:00,AMZN,143.5500030517578,148.57000732421875,143.1300048828125,146.8800048828125,46822400,0.014084566393959497,1.0140845663939595,AI_Core
2023-12-06 00:00:00-05:00,AMZN,147.5800018310547,147.85000610351562,144.27999877929688,144.52000427246094,39679000,-0.016067541747663228,0.9839324582523368,AI_Core
2023-12-07 00:00:00-05:00,AMZN,146.14999389648438,147.9199981689453,145.33999633789062,146.8800048828125,52352800,0.016329923474831087,1.016329923474831,AI_Core
2023-12-08 00:00:00-05:00,AMZN,145.47999572753906,147.83999633789062,145.39999389648438,147.4199981689453,41906000,0.0036764247561378305,1.0036764247561378,AI_Core
2023-12-11 00:00:00-05:00,AMZN,145.66000366210938,146.19000244140625,143.63999938964844,145.88999938964844,50907300,-0.010378502226973785,0.9896214977730262,AI_Core
2023-12-12 00:00:00-05:00,AMZN,145.52000427246094,147.5,145.3000030517578,147.47999572753906,44944300,0.010898597193382598,1.0108985971933826,AI_Core
2023-12-13 00:00:00-05:00,AMZN,148.1199951171875,149.4600067138672,146.82000732421875,148.83999633789062,52766200,0.009221593773735215,1.0092215937737352,AI_Core
2023-12-14 00:00:00-05:00,AMZN,149.92999267578125,150.5399932861328,145.52000427246094,147.4199981689453,58400800,-0.00954043404920335,0.9904595659507966,AI_Core
2023-12-15 00:00:00-05:00,AMZN,148.3800048828125,150.57000732421875,147.8800048828125,149.97000122070312,110089300,0.01729753821347546,1.0172975382134755,AI_Core
2023-12-18 00:00:00-05:00,AMZN,150.55999755859375,154.85000610351562,150.0500030517578,154.07000732421875,62512800,0.027338841569267247,1.0273388415692672,AI_Core
2023-12-19 00:00:00-05:00,AMZN,154.39999389648438,155.1199951171875,152.69000244140625,153.7899932861328,43171300,-0.0018174467759756174,0.9981825532240244,AI_Core
2023-12-20 00:00:00-05:00,AMZN,152.89999389648438,155.6300048828125,151.55999755859375,152.1199951171875,50322100,-0.01085895208954335,0.9891410479104566,AI_Core
2023-12-21 00:00:00-05:00,AMZN,153.3000030517578,153.97000122070312,152.10000610351562,153.83999633789062,36305700,0.011306871390431628,1.0113068713904316,AI_Core
2023-12-22 00:00:00-05:00,AMZN,153.77000427246094,154.35000610351562,152.7100067138672,153.4199981689453,29514100,-0.0027300973670256745,0.9972699026329743,AI_Core
2023-12-26 00:00:00-05:00,AMZN,153.55999755859375,153.97999572753906,153.02999877929688,153.41000366210938,25067200,-6.514474615582078e-05,0.9999348552538442,AI_Core
2023-12-27 00:00:00-05:00,AMZN,153.55999755859375,154.77999877929688,153.1199951171875,153.33999633789062,31434700,-0.0004563413242133496,0.9995436586757867,AI_Core
2023-12-28 00:00:00-05:00,AMZN,153.72000122070312,154.0800018310547,152.9499969482422,153.3800048828125,27057000,0.0002609139551152939,1.0002609139551153,AI_Core
2023-12-29 00:00:00-05:00,AMZN,153.10000610351562,153.88999938964844,151.02999877929688,151.94000244140625,39823200,-0.009388462612883952,0.990611537387116,AI_Core
2024-01-02 00:00:00-05:00,AMZN,151.5399932861328,152.3800048828125,148.38999938964844,149.92999267578125,47339400,-0.013228970207501023,0.986771029792499,AI_Core
2024-01-03 00:00:00-05:00,AMZN,149.1999969482422,151.0500030517578,148.3300018310547,148.47000122070312,49425500,-0.00973782115920796,0.990262178840792,AI_Core
2024-01-04 00:00:00-05:00,AMZN,145.58999633789062,147.3800048828125,144.0500030517578,144.57000732421875,56039800,-0.026267891590348702,0.9737321084096513,AI_Core
2024-01-05 00:00:00-05:00,AMZN,144.69000244140625,146.58999633789062,144.52999877929688,145.24000549316406,45153100,0.00463442024626004,1.00463442024626,AI_Core
2024-01-08 00:00:00-05:00,AMZN,146.74000549316406,149.39999389648438,146.14999389648438,149.10000610351562,46757100,0.026576703830634596,1.0265767038306346,AI_Core
2024-01-09 00:00:00-05:00,AMZN,148.3300018310547,151.7100067138672,148.2100067138672,151.3699951171875,43812600,0.015224607114340927,1.015224607114341,AI_Core
2024-01-10 00:00:00-05:00,AMZN,152.05999755859375,154.4199981689453,151.8800048828125,153.72999572753906,44421800,0.015590940651907248,1.0155909406519072,AI_Core
2024-01-11 00:00:00-05:00,AMZN,155.0399932861328,157.1699981689453,153.1199951171875,155.17999267578125,49072700,0.009432101662268044,1.009432101662268,AI_Core
2024-01-12 00:00:00-05:00,AMZN,155.38999938964844,156.1999969482422,154.00999450683594,154.6199951171875,40484200,-0.0036086969005325598,0.9963913030994674,AI_Core
2024-01-16 00:00:00-05:00,AMZN,153.52999877929688,154.99000549316406,152.14999389648438,153.16000366210938,41384600,-0.009442449238027617,0.9905575507619724,AI_Core
2024-01-17 00:00:00-05:00,AMZN,151.49000549316406,152.14999389648438,149.91000366210938,151.7100067138672,34953400,-0.009467203666572499,0.9905327963334275,AI_Core
2024-01-18 00:00:00-05:00,AMZN,152.77000427246094,153.77999877929688,151.82000732421875,153.5,37850200,0.011798781932089941,1.01179878193209,AI_Core
2024-01-19 00:00:00-05:00,AMZN,153.8300018310547,155.75999450683594,152.74000549316406,155.33999633789062,51651600,0.011986946826648914,1.011986946826649,AI_Core
2024-01-22 00:00:00-05:00,AMZN,156.88999938964844,157.0500030517578,153.89999389648438,154.77999877929688,43687500,-0.003604979862209201,0.9963950201377908,AI_Core
2024-01-23 00:00:00-05:00,AMZN,154.85000610351562,156.2100067138672,153.92999267578125,156.02000427246094,37986000,0.008011406531487353,1.0080114065314874,AI_Core
2024-01-24 00:00:00-05:00,AMZN,157.8000030517578,158.50999450683594,156.47999572753906,156.8699951171875,48547300,0.005447960655367012,1.005447960655367,AI_Core
2024-01-25 00:00:00-05:00,AMZN,156.9499969482422,158.50999450683594,154.5500030517578,157.75,43638600,0.005609771850602074,1.005609771850602,AI_Core
2024-01-26 00:00:00-05:00,AMZN,158.4199981689453,160.72000122070312,157.91000366210938,159.1199951171875,51047400,0.008684596622424712,1.0086845966224247,AI_Core
2024-01-29 00:00:00-05:00,AMZN,159.33999633789062,161.2899932861328,158.89999389648438,161.25999450683594,45270400,0.01344896590822775,1.0134489659082278,AI_Core
2024-01-30 00:00:00-05:00,AMZN,160.6999969482422,161.72999572753906,158.49000549316406,159.0,45207400,-0.014014601164705653,0.9859853988352943,AI_Core
2024-01-31 00:00:00-05:00,AMZN,157.0,159.00999450683594,154.80999755859375,155.1999969482422,50284400,-0.023899390262627773,0.9761006097373722,AI_Core
2024-02-01 00:00:00-05:00,AMZN,155.8699951171875,159.75999450683594,155.6199951171875,159.27999877929688,76542400,0.026288672108771616,1.0262886721087716,AI_Core
2024-02-02 00:00:00-05:00,AMZN,169.19000244140625,172.5,167.3300018310547,171.80999755859375,117218300,0.07866649218561839,1.0786664921856184,AI_Core
2024-02-05 00:00:00-05:00,AMZN,170.1999969482422,170.5500030517578,167.6999969482422,170.30999755859375,55081300,-0.008730574595861018,0.991269425404139,AI_Core
2024-02-06 00:00:00-05:00,AMZN,169.38999938964844,170.7100067138672,167.64999389648438,169.14999389648438,42505500,-0.00681113075414308,0.9931888692458569,AI_Core
2024-02-07 00:00:00-05:00,AMZN,169.47999572753906,170.8800048828125,168.94000244140625,170.52999877929688,47174100,0.008158468416245013,1.008158468416245,AI_Core
2024-02-08 00:00:00-05:00,AMZN,169.64999389648438,171.42999267578125,168.8800048828125,169.83999633789062,42316500,-0.004046223223746481,0.9959537767762535,AI_Core
2024-02-09 00:00:00-05:00,AMZN,170.89999389648438,175.0,170.5800018310547,174.4499969482422,56986000,0.02714319777292107,1.027143197772921,AI_Core
2024-02-12 00:00:00-05:00,AMZN,174.8000030517578,175.38999938964844,171.5399932861328,172.33999633789062,51050400,-0.012095159915523457,0.9879048400844765,AI_Core
2024-02-13 00:00:00-05:00,AMZN,167.72999572753906,170.9499969482422,165.75,168.63999938964844,56345100,-0.021469171561243172,0.9785308284387568,AI_Core
2024-02-14 00:00:00-05:00,AMZN,169.2100067138672,171.2100067138672,168.27999877929688,170.97999572753906,42815500,0.013875689909627953,1.013875689909628,AI_Core
2024-02-15 00:00:00-05:00,AMZN,170.5800018310547,171.1699981689453,167.58999633789062,169.8000030517578,49855200,-0.006901349311422389,0.9930986506885776,AI_Core
2024-02-16 00:00:00-05:00,AMZN,168.74000549316406,170.4199981689453,167.1699981689453,169.50999450683594,48107700,-0.0017079419299743659,0.9982920580700256,AI_Core
2024-02-20 00:00:00-05:00,AMZN,167.8300018310547,168.7100067138672,165.74000549316406,167.0800018310547,41980300,-0.01433539469369316,0.9856646053063068,AI_Core
2024-02-21 00:00:00-05:00,AMZN,168.94000244140625,170.22999572753906,167.13999938964844,168.58999633789062,44420100,0.00903755380828164,1.0090375538082816,AI_Core
2024-02-22 00:00:00-05:00,AMZN,173.10000610351562,174.8000030517578,171.77000427246094,174.5800018310547,55392400,0.035530017339574504,1.0355300173395745,AI_Core
2024-02-23 00:00:00-05:00,AMZN,174.27999877929688,175.75,173.6999969482422,174.99000549316406,59715200,0.0023485144793740087,1.002348514479374,AI_Core
2024-02-26 00:00:00-05:00,AMZN,175.6999969482422,176.3699951171875,174.25999450683594,174.72999572753906,44368600,-0.0014858549486425066,0.9985141450513575,AI_Core
2024-02-27 00:00:00-05:00,AMZN,174.0800018310547,174.6199951171875,172.86000061035156,173.5399932861328,31141700,-0.006810521779339163,0.9931894782206608,AI_Core
2024-02-28 00:00:00-05:00,AMZN,172.44000244140625,174.0500030517578,172.27000427246094,173.16000366210938,28180500,-0.0021896371944472026,0.9978103628055528,AI_Core
2024-02-29 00:00:00-05:00,AMZN,173.00999450683594,177.22000122070312,172.85000610351562,176.75999450683594,53805400,0.02078996747858297,1.020789967478583,AI_Core
2024-03-01 00:00:00-05:00,AMZN,176.75,178.72999572753906,176.07000732421875,178.22000122070312,31981200,0.00825982552183624,1.0082598255218362,AI_Core
2024-03-04 00:00:00-05:00,AMZN,177.52999877929688,180.13999938964844,177.49000549316406,177.5800018310547,37381500,-0.003591063770984282,0.9964089362290157,AI_Core
2024-03-05 00:00:00-05:00,AMZN,176.92999267578125,176.92999267578125,173.3000030517578,174.1199951171875,37228300,-0.01948421375262155,0.9805157862473785,AI_Core
2024-03-06 00:00:00-05:00,AMZN,175.5399932861328,176.4600067138672,173.25999450683594,173.50999450683594,32090900,-0.0035033346396604603,0.9964966653603395,AI_Core
2024-03-07 00:00:00-05:00,AMZN,174.8300018310547,177.99000549316406,173.72000122070312,176.82000732421875,34063300,0.019076784751165476,1.0190767847511655,AI_Core
2024-03-08 00:00:00-05:00,AMZN,176.44000244140625,178.7899932861328,174.3300018310547,175.35000610351562,37893200,-0.008313545751684748,0.9916864542483153,AI_Core
2024-03-11 00:00:00-04:00,AMZN,174.30999755859375,174.47000122070312,171.47000122070312,171.9600067138672,28484800,-0.019332758891648982,0.980667241108351,AI_Core
2024-03-12 00:00:00-04:00,AMZN,173.5,176.75999450683594,171.97999572753906,175.38999938964844,36610600,0.019946455814511488,1.0199464558145115,AI_Core
2024-03-13 00:00:00-04:00,AMZN,175.89999389648438,177.6199951171875,175.5500030517578,176.55999755859375,30772600,0.0066708374081581034,1.006670837408158,AI_Core
2024-03-14 00:00:00-04:00,AMZN,177.69000244140625,179.52999877929688,176.47000122070312,178.75,43705800,0.012403729449981915,1.012403729449982,AI_Core
2024-03-15 00:00:00-04:00,AMZN,176.63999938964844,177.92999267578125,173.89999389648438,174.4199981689453,72147400,-0.024223786467438835,0.9757762135325612,AI_Core
2024-03-18 00:00:00-04:00,AMZN,175.8000030517578,176.69000244140625,174.27999877929688,174.47999572753906,31250700,0.00034398325434925603,1.0003439832543493,AI_Core
2024-03-19 00:00:00-04:00,AMZN,174.22000122070312,176.08999633789062,173.52000427246094,175.89999389648438,26880900,0.00813845829732096,1.008138458297321,AI_Core
2024-03-20 00:00:00-04:00,AMZN,176.13999938964844,178.52999877929688,174.63999938964844,178.14999389648438,29947200,0.012791359170393646,1.0127913591703936,AI_Core
2024-03-21 00:00:00-04:00,AMZN,179.99000549316406,181.4199981689453,178.14999389648438,178.14999389648438,32824300,0.0,1.0,AI_Core
2024-03-22 00:00:00-04:00,AMZN,177.75,179.25999450683594,176.75,178.8699951171875,27995400,0.0040415450203241665,1.0040415450203242,AI_Core
2024-03-25 00:00:00-04:00,AMZN,178.00999450683594,180.99000549316406,177.24000549316406,179.7100067138672,29815500,0.004696213001679439,1.0046962130016794,AI_Core
2024-03-26 00:00:00-04:00,AMZN,180.14999389648438,180.4499969482422,177.9499969482422,178.3000030517578,29659000,-0.007845994154095037,0.992154005845905,AI_Core
2024-03-27 00:00:00-04:00,AMZN,179.8800048828125,180.0,177.30999755859375,179.8300018310547,33272600,0.008581036192426339,1.0085810361924263,AI_Core
2024-03-28 00:00:00-04:00,AMZN,180.1699981689453,181.6999969482422,179.25999450683594,180.3800048828125,38051600,0.0030584610251771505,1.0030584610251772,AI_Core
2024-04-01 00:00:00-04:00,AMZN,180.7899932861328,183.0,179.9499969482422,180.97000122070312,29174500,0.003270852211551434,1.0032708522115514,AI_Core
2024-04-02 00:00:00-04:00,AMZN,179.07000732421875,180.7899932861328,178.3800048828125,180.69000244140625,32611500,-0.0015472110151306673,0.9984527889848693,AI_Core
2024-04-03 00:00:00-04:00,AMZN,179.89999389648438,182.8699951171875,179.8000030517578,182.41000366210938,31046600,0.009519072430478781,1.0095190724304788,AI_Core
2024-04-04 00:00:00-04:00,AMZN,184.0,185.10000610351562,180.0,180.0,41624300,-0.013212014767422509,0.9867879852325775,AI_Core
2024-04-05 00:00:00-04:00,AMZN,182.3800048828125,186.27000427246094,181.97000122070312,185.07000732421875,42374000,0.028166707356770848,1.0281667073567708,AI_Core
2024-04-08 00:00:00-04:00,AMZN,186.89999389648438,187.2899932861328,184.80999755859375,185.19000244140625,39221300,0.0006483768975988902,1.000648376897599,AI_Core
2024-04-09 00:00:00-04:00,AMZN,187.24000549316406,187.33999633789062,184.1999969482422,185.6699981689453,36520100,0.002591909504893186,1.0025919095048932,AI_Core
2024-04-10 00:00:00-04:00,AMZN,182.77000427246094,186.27000427246094,182.6699981689453,185.9499969482422,35879200,0.0015080453603608657,1.0015080453603609,AI_Core
2024-04-11 00:00:00-04:00,AMZN,186.74000549316406,189.77000427246094,185.50999450683594,189.0500030517578,40020700,0.016671181255133227,1.0166711812551332,AI_Core
2024-04-12 00:00:00-04:00,AMZN,187.72000122070312,188.3800048828125,185.0800018310547,186.1300048828125,38608800,-0.015445639364236818,0.9845543606357632,AI_Core
2024-04-15 00:00:00-04:00,AMZN,187.42999267578125,188.69000244140625,183.0,183.6199951171875,48052400,-0.013485250630092094,0.9865147493699079,AI_Core
2024-04-16 00:00:00-04:00,AMZN,183.27000427246094,184.8300018310547,182.25999450683594,183.32000732421875,32891300,-0.001633742516860992,0.998366257483139,AI_Core
2024-04-17 00:00:00-04:00,AMZN,184.30999755859375,184.57000732421875,179.82000732421875,181.27999877929688,31359700,-0.011128128209780819,0.9888718717902192,AI_Core
2024-04-18 00:00:00-04:00,AMZN,181.47000122070312,182.38999938964844,178.64999389648438,179.22000122070312,30723800,-0.011363622972558218,0.9886363770274418,AI_Core
2024-04-19 00:00:00-04:00,AMZN,178.74000549316406,179.0,173.44000244140625,174.6300048828125,56000700,-0.02561096030926935,0.9743890396907307,AI_Core
2024-04-22 00:00:00-04:00,AMZN,176.94000244140625,178.8699951171875,174.55999755859375,177.22999572753906,37924900,0.014888568814227066,1.014888568814227,AI_Core
2024-04-23 00:00:00-04:00,AMZN,178.0800018310547,179.92999267578125,175.97999572753906,179.5399932861328,37046500,0.01303389727631088,1.0130338972763109,AI_Core
2024-04-24 00:00:00-04:00,AMZN,179.94000244140625,180.32000732421875,176.17999267578125,176.58999633789062,34185100,-0.016430862529557833,0.9835691374704422,AI_Core
2024-04-25 00:00:00-04:00,AMZN,169.67999267578125,173.9199981689453,166.32000732421875,173.6699981689453,49249400,-0.016535467634067658,0.9834645323659323,AI_Core
2024-04-26 00:00:00-04:00,AMZN,177.8000030517578,180.82000732421875,176.1300048828125,179.6199951171875,43919800,0.034260361668536854,1.0342603616685369,AI_Core
2024-04-29 00:00:00-04:00,AMZN,182.75,183.52999877929688,179.38999938964844,180.9600067138672,54063900,0.007460258507441919,1.007460258507442,AI_Core
2024-04-30 00:00:00-04:00,AMZN,181.08999633789062,182.99000549316406,174.8000030517578,175.0,94639800,-0.03293549122868411,0.9670645087713159,AI_Core
2024-05-01 00:00:00-04:00,AMZN,181.63999938964844,185.14999389648438,176.55999755859375,179.0,94645100,0.02285714285714291,1.022857142857143,AI_Core
2024-05-02 00:00:00-04:00,AMZN,180.85000610351562,185.10000610351562,179.91000366210938,184.72000122070312,54303500,0.031955314082140474,1.0319553140821405,AI_Core
2024-05-03 00:00:00-04:00,AMZN,186.99000549316406,187.8699951171875,185.4199981689453,186.2100067138672,39172000,0.008066292135759712,1.0080662921357597,AI_Core
2024-05-06 00:00:00-04:00,AMZN,186.27999877929688,188.75,184.8000030517578,188.6999969482422,34725300,0.013371946429286963,1.013371946429287,AI_Core
2024-05-07 00:00:00-04:00,AMZN,188.9199981689453,189.94000244140625,187.30999755859375,188.75999450683594,34048900,0.0003179520909595279,1.0003179520909595,AI_Core
2024-05-08 00:00:00-04:00,AMZN,187.44000244140625,188.42999267578125,186.38999938964844,188.0,26136400,-0.004026247769404412,0.9959737522305956,AI_Core
2024-05-09 00:00:00-04:00,AMZN,188.8800048828125,191.6999969482422,187.44000244140625,189.5,43368400,0.007978723404255428,1.0079787234042554,AI_Core
2024-05-10 00:00:00-04:00,AMZN,189.16000366210938,189.88999938964844,186.92999267578125,187.47999572753906,34141800,-0.01065965315282813,0.9893403468471719,AI_Core
2024-05-13 00:00:00-04:00,AMZN,188.0,188.30999755859375,185.36000061035156,186.57000732421875,24898600,-0.004853789332504466,0.9951462106674955,AI_Core
2024-05-14 00:00:00-04:00,AMZN,183.82000732421875,187.72000122070312,183.4499969482422,187.07000732421875,38698200,0.002679959159411549,1.0026799591594115,AI_Core
2024-05-15 00:00:00-04:00,AMZN,185.97000122070312,186.72000122070312,182.72999572753906,185.99000549316406,75459900,-0.005773249525686364,0.9942267504743136,AI_Core
2024-05-16 00:00:00-04:00,AMZN,185.60000610351562,187.30999755859375,183.4600067138672,183.6300048828125,38834500,-0.012688857146349708,0.9873111428536503,AI_Core
2024-05-17 00:00:00-04:00,AMZN,183.75999450683594,185.3000030517578,183.35000610351562,184.6999969482422,33175700,0.005826891232250109,1.00582689123225,AI_Core
2024-05-20 00:00:00-04:00,AMZN,184.33999633789062,186.6699981689453,183.27999877929688,183.5399932861328,30511800,-0.006280474722663021,0.993719525277337,AI_Core
2024-05-21 00:00:00-04:00,AMZN,182.3000030517578,183.25999450683594,180.75,183.14999389648438,50839100,-0.0021248741632045043,0.9978751258367955,AI_Core
2024-05-22 00:00:00-04:00,AMZN,183.8800048828125,185.22000122070312,181.97000122070312,183.1300048828125,28148800,-0.00010914012742568868,0.9998908598725743,AI_Core
2024-05-23 00:00:00-04:00,AMZN,183.66000366210938,184.75999450683594,180.0800018310547,181.0500030517578,33670200,-0.011358061353112014,0.988641938646888,AI_Core
2024-05-24 00:00:00-04:00,AMZN,181.64999389648438,182.44000244140625,180.3000030517578,180.75,27471600,-0.0016570176564539851,0.998342982343546,AI_Core
2024-05-28 00:00:00-04:00,AMZN,179.92999267578125,182.24000549316406,179.49000549316406,182.14999389648438,29927000,0.007745471073219212,1.0077454710732192,AI_Core
2024-05-29 00:00:00-04:00,AMZN,181.6999969482422,184.0800018310547,181.5500030517578,182.02000427246094,32009300,-0.0007136405620595809,0.9992863594379404,AI_Core
2024-05-30 00:00:00-04:00,AMZN,181.30999755859375,181.33999633789062,178.36000061035156,179.32000732421875,29184700,-0.014833517662161122,0.9851664823378389,AI_Core
2024-05-31 00:00:00-04:00,AMZN,178.3000030517578,179.2100067138672,173.8699951171875,176.44000244140625,58903900,-0.016060700229647673,0.9839392997703523,AI_Core
2024-06-03 00:00:00-04:00,AMZN,177.6999969482422,178.6999969482422,175.9199981689453,178.33999633789062,30786600,0.01076849847083472,1.0107684984708347,AI_Core
2024-06-04 00:00:00-04:00,AMZN,177.63999938964844,179.82000732421875,176.44000244140625,179.33999633789062,27198400,0.00560726713319748,1.0056072671331975,AI_Core
2024-06-05 00:00:00-04:00,AMZN,180.10000610351562,181.5,178.75,181.27999877929688,32116400,0.010817455564965828,1.0108174555649658,AI_Core
2024-06-06 00:00:00-04:00,AMZN,181.75,185.0,181.49000549316406,185.0,31371200,0.020520748266509736,1.0205207482665097,AI_Core
2024-06-07 00:00:00-04:00,AMZN,184.89999389648438,186.2899932861328,183.36000061035156,184.3000030517578,28021500,-0.003783767287795614,0.9962162327122044,AI_Core
2024-06-10 00:00:00-04:00,AMZN,184.07000732421875,187.22999572753906,183.7899932861328,187.05999755859375,34445600,0.014975553234585881,1.0149755532345859,AI_Core
2024-06-11 00:00:00-04:00,AMZN,187.05999755859375,187.77000427246094,184.5399932861328,187.22999572753906,27265100,0.0009087895389929823,1.000908789538993,AI_Core
2024-06-12 00:00:00-04:00,AMZN,188.02000427246094,188.35000610351562,185.42999267578125,186.88999938964844,33984200,-0.0018159287809064173,0.9981840712190936,AI_Core
2024-06-13 00:00:00-04:00,AMZN,186.08999633789062,187.6699981689453,182.6699981689453,183.8300018310547,39721500,-0.016373254687715777,0.9836267453122842,AI_Core
2024-06-14 00:00:00-04:00,AMZN,183.0800018310547,183.72000122070312,182.22999572753906,183.66000366210938,25456400,-0.0009247574783878276,0.9990752425216122,AI_Core
2024-06-17 00:00:00-04:00,AMZN,182.52000427246094,185.0,181.22000122070312,184.05999755859375,35601900,0.002177904217078641,1.0021779042170786,AI_Core
2024-06-18 00:00:00-04:00,AMZN,183.74000549316406,184.2899932861328,181.42999267578125,182.80999755859375,36659200,-0.006791263808433312,0.9932087361915667,AI_Core
2024-06-20 00:00:00-04:00,AMZN,182.91000366210938,186.50999450683594,182.72000122070312,186.10000610351562,44726800,0.017996874289478493,1.0179968742894785,AI_Core
2024-06-21 00:00:00-04:00,AMZN,187.8000030517578,189.27999877929688,185.86000061035156,189.0800018310547,70792500,0.01601287280926522,1.0160128728092652,AI_Core
2024-06-24 00:00:00-04:00,AMZN,189.3300018310547,191.0,185.3300018310547,185.57000732421875,50610400,-0.0185635417434159,0.9814364582565841,AI_Core
2024-06-25 00:00:00-04:00,AMZN,186.80999755859375,188.83999633789062,185.4199981689453,186.33999633789062,45366400,0.004149318226444709,1.0041493182264447,AI_Core
2024-06-26 00:00:00-04:00,AMZN,186.9199981689453,194.8000030517578,186.25999450683594,193.61000061035156,65103900,0.03901472799901873,1.0390147279990187,AI_Core
2024-06-27 00:00:00-04:00,AMZN,195.00999450683594,199.83999633789062,194.1999969482422,197.85000610351562,74397500,0.0218997235669518,1.0218997235669518,AI_Core
2024-06-28 00:00:00-04:00,AMZN,197.72999572753906,198.85000610351562,192.5,193.25,76930200,-0.023249966952787915,0.9767500330472121,AI_Core
2024-07-01 00:00:00-04:00,AMZN,193.49000549316406,198.3000030517578,192.82000732421875,197.1999969482422,41192000,0.02043982896891161,1.0204398289689116,AI_Core
2024-07-02 00:00:00-04:00,AMZN,197.27999877929688,200.42999267578125,195.92999267578125,200.0,45600000,0.014198798656638534,1.0141987986566385,AI_Core
2024-07-03 00:00:00-04:00,AMZN,199.94000244140625,200.02999877929688,196.75999450683594,197.58999633789062,31597900,-0.012050018310546862,0.9879499816894531,AI_Core
2024-07-05 00:00:00-04:00,AMZN,198.64999389648438,200.5500030517578,198.1699981689453,200.0,39858900,0.012196992290986808,1.0121969922909868,AI_Core
2024-07-08 00:00:00-04:00,AMZN,200.0399932861328,201.1999969482422,197.9600067138672,199.2899932861328,34767300,-0.0035500335693359197,0.9964499664306641,AI_Core
2024-07-09 00:00:00-04:00,AMZN,199.39999389648438,200.57000732421875,199.0500030517578,199.33999633789062,32700100,0.0002509059834530092,1.000250905983453,AI_Core
2024-07-10 00:00:00-04:00,AMZN,200.0,200.11000061035156,197.69000244140625,199.7899932861328,32883800,0.002257434315787954,1.002257434315788,AI_Core
2024-07-11 00:00:00-04:00,AMZN,200.08999633789062,200.27000427246094,192.86000061035156,195.0500030517578,44565000,-0.023724863074531144,0.9762751369254689,AI_Core
2024-07-12 00:00:00-04:00,AMZN,194.8000030517578,196.47000122070312,193.8300018310547,194.49000549316406,30598500,-0.0028710461411536325,0.9971289538588464,AI_Core
2024-07-15 00:00:00-04:00,AMZN,194.55999755859375,196.19000244140625,190.8300018310547,192.72000122070312,40683200,-0.009100746683474936,0.9908992533165251,AI_Core
2024-07-16 00:00:00-04:00,AMZN,195.58999633789062,196.6199951171875,192.24000549316406,193.02000427246094,33994700,0.0015566783408964557,1.0015566783408965,AI_Core
2024-07-17 00:00:00-04:00,AMZN,191.35000610351562,191.5800018310547,185.99000549316406,187.92999267578125,48076100,-0.02637038381521739,0.9736296161847826,AI_Core
2024-07-18 00:00:00-04:00,AMZN,189.58999633789062,189.67999267578125,181.4499969482422,183.75,51043600,-0.022242286163404512,0.9777577138365955,AI_Core
2024-07-19 00:00:00-04:00,AMZN,181.13999938964844,184.92999267578125,180.11000061035156,183.1300048828125,43081800,-0.0033741230867346816,0.9966258769132653,AI_Core
2024-07-22 00:00:00-04:00,AMZN,185.0,185.05999755859375,182.47999572753906,182.5500030517578,39931900,-0.003167158934036185,0.9968328410659638,AI_Core
2024-07-23 00:00:00-04:00,AMZN,184.10000610351562,189.38999938964844,183.55999755859375,186.41000366210938,47537700,0.021144894800451786,1.0211448948004518,AI_Core
2024-07-24 00:00:00-04:00,AMZN,183.1999969482422,185.4499969482422,180.41000366210938,180.8300018310547,41532400,-0.029934025650088625,0.9700659743499114,AI_Core
2024-07-25 00:00:00-04:00,AMZN,182.91000366210938,183.89999389648438,176.8000030517578,179.85000610351562,44464200,-0.005419431054668911,0.9945805689453311,AI_Core
2024-07-26 00:00:00-04:00,AMZN,180.38999938964844,183.19000244140625,180.24000549316406,182.5,29506000,0.014734466536293178,1.0147344665362932,AI_Core
2024-07-29 00:00:00-04:00,AMZN,183.83999633789062,184.75,182.3800048828125,183.1999969482422,33270100,0.003835599716395466,1.0038355997163955,AI_Core
2024-07-30 00:00:00-04:00,AMZN,184.72000122070312,185.86000061035156,179.3800048828125,181.7100067138672,39508600,-0.008133134602594794,0.9918668653974052,AI_Core
2024-07-31 00:00:00-04:00,AMZN,185.0500030517578,187.94000244140625,184.4600067138672,186.97999572753906,41667300,0.029002194810164417,1.0290021948101644,AI_Core
2024-08-01 00:00:00-04:00,AMZN,189.2899932861328,190.60000610351562,181.8699951171875,184.07000732421875,70435600,-0.015563100170141508,0.9844368998298585,AI_Core
2024-08-02 00:00:00-04:00,AMZN,166.75,168.77000427246094,160.5500030517578,167.89999389648438,141448400,-0.0878470841762542,0.9121529158237458,AI_Core
2024-08-05 00:00:00-04:00,AMZN,154.2100067138672,162.9600067138672,151.61000061035156,161.02000427246094,83149400,-0.04097671157906757,0.9590232884209324,AI_Core
2024-08-06 00:00:00-04:00,AMZN,161.7100067138672,165.0800018310547,158.5399932861328,161.92999267578125,59950800,0.005651399696776416,1.0056513996967764,AI_Core
2024-08-07 00:00:00-04:00,AMZN,166.5500030517578,167.5800018310547,161.42999267578125,162.77000427246094,48408200,0.0051874985158653075,1.0051874985158653,AI_Core
2024-08-08 00:00:00-04:00,AMZN,165.1699981689453,166.69000244140625,162.5500030517578,165.8000030517578,44616200,0.018615215947435537,1.0186152159474355,AI_Core
2024-08-09 00:00:00-04:00,AMZN,166.39999389648438,168.5500030517578,165.85000610351562,166.94000244140625,36401000,0.00687575011257735,1.0068757501125774,AI_Core
2024-08-12 00:00:00-04:00,AMZN,168.13999938964844,168.5500030517578,166.11000061035156,166.8000030517578,30072800,-0.000838620987187122,0.9991613790128129,AI_Core
2024-08-13 00:00:00-04:00,AMZN,167.80999755859375,171.0399932861328,167.10000610351562,170.22999572753906,39237900,0.020563504874259175,1.0205635048742592,AI_Core
2024-08-14 00:00:00-04:00,AMZN,172.11000061035156,172.27999877929688,168.86000061035156,170.10000610351562,28843800,-0.0007636117446156998,0.9992363882553843,AI_Core
2024-08-15 00:00:00-04:00,AMZN,174.86000061035156,177.91000366210938,173.99000549316406,177.58999633789062,51698500,0.04403286281963403,1.044032862819634,AI_Core
2024-08-16 00:00:00-04:00,AMZN,177.0399932861328,178.33999633789062,176.25999450683594,177.05999755859375,31489200,-0.002984395462729106,0.9970156045372709,AI_Core
2024-08-19 00:00:00-04:00,AMZN,177.63999938964844,178.3000030517578,176.16000366210938,178.22000122070312,31129800,0.006551472258579993,1.00655147225858,AI_Core
2024-08-20 00:00:00-04:00,AMZN,177.9199981689453,179.00999450683594,177.42999267578125,178.8800048828125,26255200,0.003703308593809629,1.0037033085938096,AI_Core
2024-08-21 00:00:00-04:00,AMZN,179.9199981689453,182.38999938964844,178.88999938964844,180.11000061035156,35599100,0.006876093995775934,1.006876093995776,AI_Core
2024-08-22 00:00:00-04:00,AMZN,181.3800048828125,181.47000122070312,175.67999267578125,176.1300048828125,32047500,-0.022097583221652117,0.9779024167783479,AI_Core
2024-08-23 00:00:00-04:00,AMZN,177.33999633789062,178.97000122070312,175.24000549316406,177.0399932861328,29150100,0.005166572293719973,1.00516657229372,AI_Core
2024-08-26 00:00:00-04:00,AMZN,176.6999969482422,177.47000122070312,174.3000030517578,175.5,22366200,-0.00869856159361615,0.9913014384063839,AI_Core
2024-08-27 00:00:00-04:00,AMZN,174.14999389648438,174.88999938964844,172.25,173.1199951171875,29842000,-0.013561281383547064,0.9864387186164529,AI_Core
2024-08-28 00:00:00-04:00,AMZN,173.69000244140625,173.69000244140625,168.9199981689453,170.8000030517578,29045000,-0.013401063602498708,0.9865989363975013,AI_Core
2024-08-29 00:00:00-04:00,AMZN,173.22000122070312,174.2899932861328,170.80999755859375,172.1199951171875,26407800,0.007728290643119529,1.0077282906431195,AI_Core
2024-08-30 00:00:00-04:00,AMZN,172.77999877929688,178.89999389648438,172.60000610351562,178.5,43429400,0.037067191865004956,1.037067191865005,AI_Core
2024-09-03 00:00:00-04:00,AMZN,177.5500030517578,178.25999450683594,175.25999450683594,176.25,37817500,-0.012605042016806678,0.9873949579831933,AI_Core
2024-09-04 00:00:00-04:00,AMZN,174.47999572753906,175.97999572753906,172.5399932861328,173.3300018310547,30309200,-0.016567365497562103,0.9834326345024379,AI_Core
2024-09-05 00:00:00-04:00,AMZN,175.0,179.8800048828125,175.0,177.88999938964844,40170500,0.026308183871355473,1.0263081838713555,AI_Core
2024-09-06 00:00:00-04:00,AMZN,177.24000549316406,178.3800048828125,171.16000366210938,171.38999938964844,41466500,-0.03653943460735232,0.9634605653926477,AI_Core
2024-09-09 00:00:00-04:00,AMZN,174.52999877929688,175.85000610351562,173.50999450683594,175.39999389648438,29037400,0.023396899008788496,1.0233968990087885,AI_Core
2024-09-10 00:00:00-04:00,AMZN,177.49000549316406,180.5,176.7899932861328,179.5500030517578,36233800,0.023660258265018275,1.0236602582650183,AI_Core
2024-09-11 00:00:00-04:00,AMZN,180.10000610351562,184.99000549316406,175.72999572753906,184.52000427246094,42564700,0.02768031821904482,1.0276803182190448,AI_Core
2024-09-12 00:00:00-04:00,AMZN,184.8000030517578,187.41000366210938,183.5399932861328,187.0,33544200,0.013440254011034547,1.0134402540110345,AI_Core
2024-09-13 00:00:00-04:00,AMZN,187.0,188.5,185.91000366210938,186.49000549316406,26495400,-0.0027272433520638684,0.9972727566479361,AI_Core
2024-09-16 00:00:00-04:00,AMZN,185.2899932861328,185.80999755859375,183.36000061035156,184.88999938964844,26065500,-0.008579580976924128,0.9914204190230759,AI_Core
2024-09-17 00:00:00-04:00,AMZN,186.85000610351562,189.4499969482422,186.13999938964844,186.8800048828125,26091700,0.010763186217390919,1.010763186217391,AI_Core
2024-09-18 00:00:00-04:00,AMZN,186.4499969482422,188.8000030517578,185.05999755859375,186.42999267578125,34448100,-0.0024080275860086653,0.9975919724139913,AI_Core
2024-09-19 00:00:00-04:00,AMZN,190.0399932861328,190.99000549316406,188.47000122070312,189.8699951171875,39543200,0.01845197970580159,1.0184519797058016,AI_Core
2024-09-20 00:00:00-04:00,AMZN,190.22999572753906,191.83999633789062,187.41000366210938,191.60000610351562,100378600,0.009111555436973395,1.0091115554369734,AI_Core
2024-09-23 00:00:00-04:00,AMZN,191.63999938964844,194.4499969482422,190.57000732421875,193.8800048828125,36993100,0.011899784481557152,1.0118997844815572,AI_Core
2024-09-24 00:00:00-04:00,AMZN,194.27000427246094,195.3699951171875,190.1300048828125,193.9600067138672,43478900,0.0004126358007008335,1.0004126358007008,AI_Core
2024-09-25 00:00:00-04:00,AMZN,193.75,193.9499969482422,192.16000366210938,192.52999877929688,26391100,-0.007372694808574054,0.992627305191426,AI_Core
2024-09-26 00:00:00-04:00,AMZN,194.30999755859375,194.52999877929688,189.5399932861328,191.16000366210938,36334900,-0.007115748848874004,0.992884251151126,AI_Core
2024-09-27 00:00:00-04:00,AMZN,190.67999267578125,190.89999389648438,187.33999633789062,187.97000122070312,36002300,-0.016687603998192135,0.9833123960018079,AI_Core
2024-09-30 00:00:00-04:00,AMZN,187.13999938964844,188.49000549316406,184.64999389648438,186.3300018310547,41583900,-0.008724793206352333,0.9912752067936477,AI_Core
2024-10-01 00:00:00-04:00,AMZN,184.89999389648438,186.19000244140625,183.4499969482422,185.1300048828125,36044900,-0.006440170323887107,0.9935598296761129,AI_Core
2024-10-02 00:00:00-04:00,AMZN,184.44000244140625,186.60000610351562,184.0399932861328,184.75999450683594,23704100,-0.0019986515757441925,0.9980013484242558,AI_Core
2024-10-03 00:00:00-04:00,AMZN,183.0500030517578,183.44000244140625,180.8800048828125,181.9600067138672,30204300,-0.015154729791167831,0.9848452702088322,AI_Core
2024-10-04 00:00:00-04:00,AMZN,185.75,187.60000610351562,183.60000610351562,186.50999450683594,40890300,0.02500542770436165,1.0250054277043616,AI_Core
2024-10-07 00:00:00-04:00,AMZN,182.9499969482422,183.60000610351562,180.25,180.8000030517578,42364200,-0.03061493551686767,0.9693850644831323,AI_Core
2024-10-08 00:00:00-04:00,AMZN,181.9199981689453,183.08999633789062,180.9199981689453,182.72000122070312,26372100,0.010619458719785868,1.0106194587197859,AI_Core
2024-10-09 00:00:00-04:00,AMZN,182.82000732421875,185.85000610351562,182.0500030517578,185.1699981689453,26343100,0.013408477078997505,1.0134084770789975,AI_Core
2024-10-10 00:00:00-04:00,AMZN,187.1300048828125,188.1300048828125,185.8300018310547,186.64999389648438,27785000,0.007992632403596822,1.0079926324035968,AI_Core
2024-10-11 00:00:00-04:00,AMZN,186.6300048828125,189.92999267578125,186.3000030517578,188.82000732421875,25751600,0.011626110360002828,1.0116261103600028,AI_Core
2024-10-14 00:00:00-04:00,AMZN,189.77999877929688,189.8300018310547,187.36000061035156,187.5399932861328,22614400,-0.006779016992029097,0.9932209830079709,AI_Core
2024-10-15 00:00:00-04:00,AMZN,187.6300048828125,188.41000366210938,184.5800018310547,187.69000244140625,32178900,0.0007998782160802964,1.0007998782160803,AI_Core
2024-10-16 00:00:00-04:00,AMZN,187.0500030517578,187.77999877929688,185.61000061035156,186.88999938964844,23456800,-0.004262363692000948,0.995737636307999,AI_Core
2024-10-17 00:00:00-04:00,AMZN,188.22000122070312,188.94000244140625,186.0,187.52999877929688,25039400,0.0034244710350397334,1.0034244710350397,AI_Core
2024-10-18 00:00:00-04:00,AMZN,187.14999389648438,190.74000549316406,186.27999877929688,188.99000549316406,37417700,0.007785456851548744,1.0077854568515487,AI_Core
2024-10-21 00:00:00-04:00,AMZN,188.0500030517578,189.4600067138672,186.39999389648438,189.07000732421875,24639400,0.0004233124965837831,1.0004233124965838,AI_Core
2024-10-22 00:00:00-04:00,AMZN,188.35000610351562,191.52000427246094,186.97999572753906,189.6999969482422,29650600,0.003332044214411578,1.0033320442144116,AI_Core
2024-10-23 00:00:00-04:00,AMZN,188.85000610351562,189.16000366210938,183.69000244140625,184.7100067138672,31937100,-0.026304640562205495,0.9736953594377945,AI_Core
2024-10-24 00:00:00-04:00,AMZN,185.25,187.11000061035156,183.86000061035156,186.3800048828125,21647400,0.009041189476714617,1.0090411894767146,AI_Core
2024-10-25 00:00:00-04:00,AMZN,187.85000610351562,190.4499969482422,187.52999877929688,187.8300018310547,29362100,0.007779788122410869,1.0077797881224109,AI_Core
2024-10-28 00:00:00-04:00,AMZN,189.57000732421875,190.2100067138672,188.2100067138672,188.38999938964844,27930800,0.002981406341556969,1.002981406341557,AI_Core
2024-10-29 00:00:00-04:00,AMZN,188.5800018310547,191.4600067138672,187.82000732421875,190.8300018310547,35690200,0.012951868195294036,1.012951868195294,AI_Core
2024-10-30 00:00:00-04:00,AMZN,194.6999969482422,195.61000061035156,192.4199981689453,192.72999572753906,37707600,0.009956473710913016,1.009956473710913,AI_Core
2024-10-31 00:00:00-04:00,AMZN,190.50999450683594,190.60000610351562,185.22999572753906,186.39999389648438,75146800,-0.03284388507953562,0.9671561149204644,AI_Core
2024-11-01 00:00:00-04:00,AMZN,199.0,200.5,197.02000427246094,197.92999267578125,99687800,0.06185621865256041,1.0618562186525604,AI_Core
2024-11-04 00:00:00-05:00,AMZN,196.4499969482422,197.3300018310547,194.30999755859375,195.77999877929688,38492100,-0.01086239567545566,0.9891376043245443,AI_Core
2024-11-05 00:00:00-05:00,AMZN,196.0399932861328,199.82000732421875,195.99000549316406,199.5,30564800,0.0190009257528736,1.0190009257528736,AI_Core
2024-11-06 00:00:00-05:00,AMZN,200.00999450683594,207.5500030517578,199.13999938964844,207.08999633789062,72292200,0.038045094425516846,1.0380450944255168,AI_Core
2024-11-07 00:00:00-05:00,AMZN,207.44000244140625,212.25,207.19000244140625,210.0500030517578,52878400,0.01429333510169939,1.0142933351016994,AI_Core
2024-11-08 00:00:00-05:00,AMZN,209.72000122070312,209.9600067138672,207.44000244140625,208.17999267578125,36075800,-0.008902691496347037,0.991097308503653,AI_Core
2024-11-11 00:00:00-05:00,AMZN,208.5,209.64999389648438,205.58999633789062,206.83999633789062,35456000,-0.006436720074140534,0.9935632799258595,AI_Core
2024-11-12 00:00:00-05:00,AMZN,208.3699951171875,209.5399932861328,206.00999450683594,208.91000366210938,38942900,0.010007771034946433,1.0100077710349464,AI_Core
2024-11-13 00:00:00-05:00,AMZN,209.39999389648438,215.08999633789062,209.13999938964844,214.10000610351562,46212900,0.024843245179395845,1.0248432451793958,AI_Core
2024-11-14 00:00:00-05:00,AMZN,214.16000366210938,215.89999389648438,210.8800048828125,211.47999572753906,42620300,-0.012237320417028852,0.9877626795829711,AI_Core
2024-11-15 00:00:00-05:00,AMZN,206.75999450683594,207.33999633789062,199.61000061035156,202.61000061035156,86591100,-0.041942478231440816,0.9580575217685592,AI_Core
2024-11-18 00:00:00-05:00,AMZN,204.14999389648438,204.6699981689453,200.9499969482422,201.6999969482422,36409900,-0.004491405455644082,0.9955085945443559,AI_Core
2024-11-19 00:00:00-05:00,AMZN,199.3300018310547,205.3000030517578,198.77999877929688,204.61000061035156,31197900,0.014427385751800914,1.014427385751801,AI_Core
2024-11-20 00:00:00-05:00,AMZN,202.97999572753906,203.1300048828125,199.4499969482422,202.8800048828125,32769000,-0.00845508881471324,0.9915449111852868,AI_Core
2024-11-21 00:00:00-05:00,AMZN,203.49000549316406,203.49000549316406,195.75,198.3800048828125,58800000,-0.022180598835253806,0.9778194011647462,AI_Core
2024-11-22 00:00:00-05:00,AMZN,198.25,199.25999450683594,196.75,197.1199951171875,31530800,-0.006351495788949668,0.9936485042110503,AI_Core
2024-11-25 00:00:00-05:00,AMZN,199.27999877929688,201.9499969482422,199.0,201.4499969482422,40685700,0.021966324768223133,1.0219663247682231,AI_Core
2024-11-26 00:00:00-05:00,AMZN,201.89999389648438,208.0,201.7899932861328,207.86000061035156,41673700,0.03181932866326265,1.0318193286632626,AI_Core
2024-11-27 00:00:00-05:00,AMZN,206.97999572753906,207.63999938964844,205.0500030517578,205.74000549316406,28061600,-0.010199148999145757,0.9898008510008542,AI_Core
2024-11-29 00:00:00-05:00,AMZN,205.8300018310547,208.1999969482422,204.58999633789062,207.88999938964844,24892400,0.010450052683389277,1.0104500526833893,AI_Core
2024-12-02 00:00:00-05:00,AMZN,209.9600067138672,212.99000549316406,209.50999450683594,210.7100067138672,39523200,0.01356490130596999,1.01356490130597,AI_Core
2024-12-03 00:00:00-05:00,AMZN,210.30999755859375,214.02000427246094,209.64999389648438,213.44000244140625,32214800,0.012956175029913197,1.0129561750299132,AI_Core
2024-12-04 00:00:00-05:00,AMZN,215.9600067138672,220.0,215.75,218.16000366210938,48745700,0.02211394849472459,1.0221139484947246,AI_Core
2024-12-05 00:00:00-05:00,AMZN,218.02999877929688,222.14999389648438,217.3000030517578,220.5500030517578,41140200,0.010955259211262725,1.0109552592112627,AI_Core
2024-12-06 00:00:00-05:00,AMZN,220.75,227.14999389648438,220.60000610351562,227.02999877929688,44178100,0.029381072944344444,1.0293810729443444,AI_Core
2024-12-09 00:00:00-05:00,AMZN,227.2100067138672,230.0800018310547,225.6699981689453,226.08999633789062,46819400,-0.004140432746599476,0.9958595672534005,AI_Core
2024-12-10 00:00:00-05:00,AMZN,226.08999633789062,229.05999755859375,224.1999969482422,225.0399932861328,31199900,-0.004644181824783544,0.9953558181752165,AI_Core
2024-12-11 00:00:00-05:00,AMZN,226.41000366210938,231.1999969482422,226.25999450683594,230.25999450683594,35385800,0.02319588240507109,1.023195882405071,AI_Core
2024-12-12 00:00:00-05:00,AMZN,229.8300018310547,231.08999633789062,227.6300048828125,228.97000122070312,28204100,-0.0056023335225716675,0.9943976664774283,AI_Core
2024-12-13 00:00:00-05:00,AMZN,228.39999389648438,230.1999969482422,225.86000061035156,227.4600067138672,28768100,-0.006594726378065796,0.9934052736219342,AI_Core
2024-12-16 00:00:00-05:00,AMZN,230.22999572753906,233.0,228.00999450683594,232.92999267578125,37552100,0.024048121869595374,1.0240481218695954,AI_Core
2024-12-17 00:00:00-05:00,AMZN,232.38999938964844,232.72999572753906,227.85000610351562,231.14999389648438,35948100,-0.00764177579215608,0.9923582242078439,AI_Core
2024-12-18 00:00:00-05:00,AMZN,230.77000427246094,231.39999389648438,220.11000061035156,220.52000427246094,43281400,-0.045987410359975445,0.9540125896400246,AI_Core
2024-12-19 00:00:00-05:00,AMZN,224.91000366210938,226.08999633789062,222.9199981689453,223.2899932861328,39918700,0.012561168873593154,1.0125611688735932,AI_Core
2024-12-20 00:00:00-05:00,AMZN,219.83999633789062,226.2100067138672,218.72999572753906,224.9199981689453,88279200,0.00729994595290151,1.0072999459529015,AI_Core
2024-12-23 00:00:00-05:00,AMZN,225.00999450683594,226.8800048828125,223.89999389648438,225.05999755859375,28070000,0.0006224408269079884,1.000622440826908,AI_Core
2024-12-24 00:00:00-05:00,AMZN,226.94000244140625,229.13999938964844,226.1300048828125,229.0500030517578,15007500,0.017728630305015702,1.0177286303050157,AI_Core
2024-12-26 00:00:00-05:00,AMZN,228.5,228.5,226.6699981689453,227.0500030517578,16146700,-0.00873171784917226,0.9912682821508277,AI_Core
2024-12-27 00:00:00-05:00,AMZN,225.60000610351562,226.02999877929688,220.89999389648438,223.75,27367100,-0.014534256804240364,0.9854657431957596,AI_Core
2024-12-30 00:00:00-05:00,AMZN,220.05999755859375,223.0,218.42999267578125,221.3000030517578,28321200,-0.010949707031249978,0.98905029296875,AI_Core
2024-12-31 00:00:00-05:00,AMZN,222.97000122070312,223.22999572753906,218.94000244140625,219.38999938964844,24819700,-0.008630834323407832,0.9913691656765922,AI_Core
2025-01-02 00:00:00-05:00,AMZN,222.02999877929688,225.14999389648438,218.19000244140625,220.22000122070312,33956600,0.003783225458606987,1.003783225458607,AI_Core
2025-01-03 00:00:00-05:00,AMZN,222.50999450683594,225.36000061035156,221.6199951171875,224.19000244140625,27515600,0.018027432561515733,1.0180274325615157,AI_Core
2025-01-06 00:00:00-05:00,AMZN,226.77999877929688,228.83999633789062,224.83999633789062,227.61000061035156,31849800,0.015254909370185477,1.0152549093701855,AI_Core
2025-01-07 00:00:00-05:00,AMZN,227.89999389648438,228.3800048828125,221.4600067138672,222.11000061035156,28084200,-0.02416414035082548,0.9758358596491745,AI_Core
2025-01-08 00:00:00-05:00,AMZN,223.19000244140625,223.52000427246094,220.1999969482422,222.1300048828125,25033300,9.006470850470016e-05,1.0000900647085047,AI_Core
2025-01-10 00:00:00-05:00,AMZN,221.4600067138672,221.7100067138672,216.5,218.94000244140625,36811500,-0.014360970473526025,0.985639029526474,AI_Core
2025-01-13 00:00:00-05:00,AMZN,218.05999755859375,219.39999389648438,216.47000122070312,218.4600067138672,27262700,-0.0021923619356289947,0.997807638064371,AI_Core
2025-01-14 00:00:00-05:00,AMZN,220.44000244140625,221.82000732421875,216.1999969482422,217.75999450683594,24711700,-0.003204303696411115,0.9967956963035889,AI_Core
2025-01-15 00:00:00-05:00,AMZN,222.8300018310547,223.57000732421875,220.75,223.35000610351562,31291300,0.025670516796895804,1.0256705167968958,AI_Core
2025-01-16 00:00:00-05:00,AMZN,224.4199981689453,224.64999389648438,220.30999755859375,220.66000366210938,24757300,-0.012043887924316987,0.987956112075683,AI_Core
2025-01-17 00:00:00-05:00,AMZN,225.83999633789062,226.50999450683594,223.0800018310547,225.94000244140625,42370100,0.023928209424767255,1.0239282094247673,AI_Core
2025-01-21 00:00:00-05:00,AMZN,228.89999389648438,231.77999877929688,226.94000244140625,230.7100067138672,39951500,0.021111818274402117,1.0211118182744021,AI_Core
2025-01-22 00:00:00-05:00,AMZN,232.02000427246094,235.44000244140625,231.19000244140625,235.00999450683594,41448200,0.018638063663626525,1.0186380636636265,AI_Core
2025-01-23 00:00:00-05:00,AMZN,234.10000610351562,235.52000427246094,231.50999450683594,235.4199981689453,26404400,0.0017446222360446573,1.0017446222360447,AI_Core
2025-01-24 00:00:00-05:00,AMZN,234.5,236.39999389648438,232.92999267578125,234.85000610351562,25890700,-0.002421170970448472,0.9975788290295515,AI_Core
2025-01-27 00:00:00-05:00,AMZN,226.2100067138672,235.61000061035156,225.86000061035156,235.4199981689453,49428300,0.0024270472668348475,1.0024270472668348,AI_Core
2025-01-28 00:00:00-05:00,AMZN,234.2899932861328,241.77000427246094,233.97999572753906,238.14999389648438,41587200,0.011596277923593856,1.0115962779235939,AI_Core
2025-01-29 00:00:00-05:00,AMZN,239.02000427246094,240.38999938964844,236.14999389648438,237.07000732421875,26091700,-0.004534900692607424,0.9954650993073926,AI_Core
2025-01-30 00:00:00-05:00,AMZN,237.13999938964844,237.9499969482422,232.22000122070312,234.63999938964844,32020700,-0.010250170242948609,0.9897498297570514,AI_Core
2025-01-31 00:00:00-05:00,AMZN,236.5,240.2899932861328,236.41000366210938,237.67999267578125,36110200,0.012955989149507907,1.012955989149508,AI_Core
2025-02-03 00:00:00-05:00,AMZN,234.05999755859375,239.25,232.89999389648438,237.4199981689453,37285900,-0.0010938846972727845,0.9989061153027272,AI_Core
2025-02-04 00:00:00-05:00,AMZN,239.00999450683594,242.52000427246094,238.02999877929688,242.05999755859375,29713800,0.019543422733693472,1.0195434227336935,AI_Core
2025-02-05 00:00:00-05:00,AMZN,237.02000427246094,238.32000732421875,235.1999969482422,236.1699981689453,38727300,-0.024332807771026643,0.9756671922289734,AI_Core
2025-02-06 00:00:00-05:00,AMZN,238.00999450683594,239.66000366210938,236.00999450683594,238.8300018310547,60897100,0.011263088803542765,1.0112630888035428,AI_Core
2025-02-07 00:00:00-05:00,AMZN,232.5,234.80999755859375,228.05999755859375,229.14999389648438,77539300,-0.04053095448794508,0.9594690455120549,AI_Core
2025-02-10 00:00:00-05:00,AMZN,230.5500030517578,233.9199981689453,229.1999969482422,233.13999938964844,35419900,0.017412199866636335,1.0174121998666363,AI_Core
2025-02-11 00:00:00-05:00,AMZN,231.9199981689453,233.44000244140625,230.1300048828125,232.75999450683594,23713700,-0.0016299428832775575,0.9983700571167224,AI_Core
2025-02-12 00:00:00-05:00,AMZN,230.4600067138672,231.17999267578125,228.16000366210938,228.92999267578125,32285200,-0.01645472556041927,0.9835452744395807,AI_Core
2025-02-13 00:00:00-05:00,AMZN,228.85000610351562,230.4199981689453,227.52000427246094,230.3699951171875,31346500,0.006290143220533118,1.0062901432205331,AI_Core
2025-02-14 00:00:00-05:00,AMZN,229.1999969482422,229.88999938964844,227.22999572753906,228.67999267578125,27031100,-0.007336035409240549,0.9926639645907595,AI_Core
2025-02-18 00:00:00-05:00,AMZN,228.82000732421875,229.3000030517578,223.72000122070312,226.64999389648438,42975100,-0.008877028355405714,0.9911229716445943,AI_Core
2025-02-19 00:00:00-05:00,AMZN,225.52000427246094,226.8300018310547,223.7100067138672,226.6300048828125,28566700,-8.819331220011328e-05,0.9999118066877999,AI_Core
2025-02-20 00:00:00-05:00,AMZN,224.77999877929688,225.1300048828125,221.80999755859375,222.8800048828125,30001700,-0.016546793977871843,0.9834532060221282,AI_Core
2025-02-21 00:00:00-05:00,AMZN,223.27999877929688,223.30999755859375,214.74000549316406,216.5800018310547,55323900,-0.028266344731418536,0.9717336552685815,AI_Core
2025-02-24 00:00:00-05:00,AMZN,217.4499969482422,217.72000122070312,212.4199981689453,212.7100067138672,42387600,-0.017868663239768212,0.9821313367602318,AI_Core
2025-02-25 00:00:00-05:00,AMZN,211.6300048828125,213.33999633789062,204.16000366210938,212.8000030517578,58958000,0.000423094048469963,1.00042309404847,AI_Core
2025-02-26 00:00:00-05:00,AMZN,214.94000244140625,218.16000366210938,213.08999633789062,214.35000610351562,39120600,0.007283848822975836,1.0072838488229758,AI_Core
2025-02-27 00:00:00-05:00,AMZN,218.35000610351562,219.97000122070312,208.3699951171875,208.74000549316406,40548600,-0.02617215045770671,0.9738278495422933,AI_Core
2025-02-28 00:00:00-05:00,AMZN,208.64999389648438,212.6199951171875,206.99000549316406,212.27999877929688,51771700,0.016958863624485065,1.016958863624485,AI_Core
2025-03-03 00:00:00-05:00,AMZN,213.35000610351562,214.00999450683594,202.5500030517578,205.02000427246094,42948400,-0.034200087377916355,0.9657999126220836,AI_Core
2025-03-04 00:00:00-05:00,AMZN,200.11000061035156,206.8000030517578,197.42999267578125,203.8000030517578,60853100,-0.005950644792114046,0.994049355207886,AI_Core
2025-03-05 00:00:00-05:00,AMZN,204.8000030517578,209.97999572753906,203.25999450683594,208.36000061035156,38610100,0.022374865016246748,1.0223748650162467,AI_Core
2025-03-06 00:00:00-05:00,AMZN,204.39999389648438,205.77000427246094,198.3000030517578,200.6999969482422,49863800,-0.03676331176651382,0.9632366882334862,AI_Core
2025-03-07 00:00:00-05:00,AMZN,199.49000549316406,202.27000427246094,192.52999877929688,199.25,59802800,-0.007224698407026442,0.9927753015929736,AI_Core
2025-03-10 00:00:00-04:00,AMZN,195.60000610351562,196.72999572753906,190.85000610351562,194.5399932861328,62350900,-0.02363867861413893,0.9763613213858611,AI_Core
2025-03-11 00:00:00-04:00,AMZN,193.89999389648438,200.17999267578125,193.39999389648438,196.58999633789062,54002900,0.010537694677220655,1.0105376946772207,AI_Core
2025-03-12 00:00:00-04:00,AMZN,200.72000122070312,201.52000427246094,195.2899932861328,198.88999938964844,43679300,0.011699491808345508,1.0116994918083455,AI_Core
2025-03-13 00:00:00-04:00,AMZN,198.1699981689453,198.8800048828125,191.82000732421875,193.88999938964844,41270800,-0.025139524437347016,0.974860475562653,AI_Core
2025-03-14 00:00:00-04:00,AMZN,197.41000366210938,198.64999389648438,195.32000732421875,197.9499969482422,38096700,0.02093969555611075,1.0209396955561107,AI_Core
2025-03-17 00:00:00-04:00,AMZN,198.77000427246094,199.0,194.32000732421875,195.74000549316406,47341800,-0.01116439246854839,0.9888356075314516,AI_Core
2025-03-18 00:00:00-04:00,AMZN,192.52000427246094,194.0,189.3800048828125,192.82000732421875,40414900,-0.014917738259935254,0.9850822617400647,AI_Core
2025-03-19 00:00:00-04:00,AMZN,193.3800048828125,195.97000122070312,191.9600067138672,195.5399932861328,39442900,0.014106347155876442,1.0141063471558764,AI_Core
2025-03-20 00:00:00-04:00,AMZN,193.07000732421875,199.32000732421875,192.3000030517578,194.9499969482422,38921100,-0.003017266841301769,0.9969827331586982,AI_Core
2025-03-21 00:00:00-04:00,AMZN,192.89999389648438,196.99000549316406,192.52000427246094,196.2100067138672,60056900,0.006463245885351521,1.0064632458853515,AI_Core
2025-03-24 00:00:00-04:00,AMZN,200.0,203.63999938964844,199.9499969482422,203.25999450683594,41625400,0.03593082692897376,1.0359308269289738,AI_Core
2025-03-25 00:00:00-04:00,AMZN,203.60000610351562,206.2100067138672,203.22000122070312,205.7100067138672,31171200,0.012053587883713357,1.0120535878837134,AI_Core
2025-03-26 00:00:00-04:00,AMZN,205.83999633789062,206.00999450683594,199.92999267578125,201.1300048828125,32855300,-0.022264360904062586,0.9777356390959374,AI_Core
2025-03-27 00:00:00-04:00,AMZN,200.88999938964844,203.7899932861328,199.27999877929688,201.36000061035156,27317700,0.0011435177345771042,1.001143517734577,AI_Core
2025-03-28 00:00:00-04:00,AMZN,198.4199981689453,199.25999450683594,191.8800048828125,192.72000122070312,52548200,-0.04290822091507418,0.9570917790849258,AI_Core
2025-03-31 00:00:00-04:00,AMZN,188.19000244140625,191.3300018310547,184.39999389648438,190.25999450683594,63547600,-0.012764667384211892,0.9872353326157881,AI_Core
2025-04-01 00:00:00-04:00,AMZN,187.86000061035156,193.92999267578125,187.1999969482422,192.1699981689453,41267300,0.010038913682617334,1.0100389136826173,AI_Core
2025-04-02 00:00:00-04:00,AMZN,187.66000366210938,198.33999633789062,187.66000366210938,196.00999450683594,53679200,0.01998228846583383,1.0199822884658338,AI_Core
2025-04-03 00:00:00-04:00,AMZN,183.0,184.1300048828125,176.9199981689453,178.41000366210938,95553600,-0.08979129298487254,0.9102087070151275,AI_Core
2025-04-04 00:00:00-04:00,AMZN,167.14999389648438,178.13999938964844,166.0,171.0,123159400,-0.041533565999713695,0.9584664340002863,AI_Core
2025-04-07 00:00:00-04:00,AMZN,162.0,183.41000366210938,161.3800048828125,175.25999450683594,109327100,0.024912248577988017,1.024912248577988,AI_Core
2025-04-08 00:00:00-04:00,AMZN,185.22999572753906,185.89999389648438,168.57000732421875,170.66000366210938,87710400,-0.026246667744515673,0.9737533322554843,AI_Core
2025-04-09 00:00:00-04:00,AMZN,172.1199951171875,192.64999389648438,169.92999267578125,191.10000610351562,116804300,0.11977031526306248,1.1197703152630625,AI_Core
2025-04-10 00:00:00-04:00,AMZN,185.44000244140625,186.8699951171875,175.85000610351562,181.22000122070312,68302000,-0.05170070417193329,0.9482992958280667,AI_Core
2025-04-11 00:00:00-04:00,AMZN,179.92999267578125,185.86000061035156,178.0,184.8699951171875,50594300,0.020141230945248445,1.0201412309452484,AI_Core
2025-04-14 00:00:00-04:00,AMZN,186.83999633789062,187.44000244140625,179.22999572753906,182.1199951171875,48002500,-0.014875318183769082,0.9851246818162309,AI_Core
2025-04-15 00:00:00-04:00,AMZN,181.41000366210938,182.35000610351562,177.92999267578125,179.58999633789062,43642000,-0.013891933050343641,0.9861080669496564,AI_Core
2025-04-16 00:00:00-04:00,AMZN,176.2899932861328,179.10000610351562,171.41000366210938,174.3300018310547,51875300,-0.029288905919567454,0.9707110940804325,AI_Core
2025-04-17 00:00:00-04:00,AMZN,176.0,176.2100067138672,172.0,172.61000061035156,44726500,-0.009866352335440198,0.9901336476645598,AI_Core
2025-04-21 00:00:00-04:00,AMZN,169.60000610351562,169.60000610351562,165.2899932861328,167.32000732421875,48126100,-0.030647084568839134,0.9693529154311609,AI_Core
2025-04-22 00:00:00-04:00,AMZN,169.85000610351562,176.77999877929688,169.35000610351562,173.17999267578125,56607200,0.03502262189247651,1.0350226218924765,AI_Core
2025-04-23 00:00:00-04:00,AMZN,183.4499969482422,187.3800048828125,180.19000244140625,180.60000610351562,63470100,0.042845673527805994,1.042845673527806,AI_Core
2025-04-24 00:00:00-04:00,AMZN,180.9199981689453,186.74000549316406,180.17999267578125,186.5399932861328,43763200,0.03289029336584037,1.0328902933658404,AI_Core
2025-04-25 00:00:00-04:00,AMZN,187.6199951171875,189.94000244140625,185.49000549316406,188.99000549316406,36414300,0.013133978209558528,1.0131339782095585,AI_Core
2025-04-28 00:00:00-04:00,AMZN,190.11000061035156,190.22000122070312,184.88999938964844,187.6999969482422,33224700,-0.006825802991833552,0.9931741970081664,AI_Core
2025-04-29 00:00:00-04:00,AMZN,183.99000549316406,188.02000427246094,183.67999267578125,187.38999938964844,41667300,-0.0016515586767922308,0.9983484413232078,AI_Core
2025-04-30 00:00:00-04:00,AMZN,182.1699981689453,185.0500030517578,178.85000610351562,184.4199981689453,55176500,-0.015849304820837684,0.9841506951791623,AI_Core
2025-05-01 00:00:00-04:00,AMZN,190.6300048828125,191.80999755859375,187.5,190.1999969482422,74266000,0.031341496782804956,1.031341496782805,AI_Core
2025-05-02 00:00:00-04:00,AMZN,191.44000244140625,192.8800048828125,186.39999389648438,189.97999572753906,77903500,-0.0011566836184702112,0.9988433163815298,AI_Core
2025-05-05 00:00:00-04:00,AMZN,186.50999450683594,188.17999267578125,185.52999877929688,186.35000610351562,35217500,-0.01910722026349243,0.9808927797365076,AI_Core
2025-05-06 00:00:00-04:00,AMZN,184.57000732421875,187.92999267578125,183.85000610351562,185.00999450683594,29314100,-0.007190832051464091,0.9928091679485359,AI_Core
2025-05-07 00:00:00-04:00,AMZN,185.55999755859375,190.99000549316406,185.00999450683594,188.7100067138672,43948600,0.019998985551532122,1.0199989855515321,AI_Core
2025-05-08 00:00:00-04:00,AMZN,191.42999267578125,194.3300018310547,188.82000732421875,192.0800018310547,41043600,0.01785806262143419,1.0178580626214342,AI_Core
2025-05-09 00:00:00-04:00,AMZN,193.3800048828125,194.69000244140625,191.16000366210938,193.05999755859375,29663100,0.0051020185245573835,1.0051020185245574,AI_Core
2025-05-12 00:00:00-04:00,AMZN,210.7100067138672,211.66000366210938,205.75,208.63999938964844,75205000,0.08070031092964336,1.0807003109296434,AI_Core
2025-05-13 00:00:00-04:00,AMZN,211.0800018310547,214.83999633789062,210.10000610351562,211.3699951171875,56193700,0.01308471882441209,1.013084718824412,AI_Core
2025-05-14 00:00:00-04:00,AMZN,211.4499969482422,211.92999267578125,208.85000610351562,210.25,38492100,-0.005298742220089303,0.9947012577799107,AI_Core
2025-05-15 00:00:00-04:00,AMZN,206.4499969482422,206.8800048828125,202.6699981689453,205.1699981689453,64347300,-0.024161720956264898,0.9758382790437351,AI_Core
2025-05-16 00:00:00-04:00,AMZN,206.85000610351562,206.85000610351562,204.3699951171875,205.58999633789062,43318500,0.002047074000553817,1.0020470740005538,AI_Core
2025-05-19 00:00:00-04:00,AMZN,201.64999389648438,206.6199951171875,201.25999450683594,206.16000366210938,34314800,0.0027725440652370814,1.002772544065237,AI_Core
2025-05-20 00:00:00-04:00,AMZN,204.6300048828125,205.58999633789062,202.64999389648438,204.07000732421875,29470400,-0.010137739138364021,0.989862260861636,AI_Core
2025-05-21 00:00:00-04:00,AMZN,201.61000061035156,203.4600067138672,200.05999755859375,201.1199951171875,42460900,-0.014455883280997672,0.9855441167190023,AI_Core
2025-05-22 00:00:00-04:00,AMZN,201.3800048828125,205.75999450683594,200.16000366210938,203.10000610351562,38938900,0.00984492359983613,1.0098449235998361,AI_Core
2025-05-23 00:00:00-04:00,AMZN,198.89999389648438,202.3699951171875,197.85000610351562,200.99000549316406,33393500,-0.010388973643241206,0.9896110263567588,AI_Core
2025-05-27 00:00:00-04:00,AMZN,203.08999633789062,206.69000244140625,202.19000244140625,206.02000427246094,34892000,0.025026113945093353,1.0250261139450934,AI_Core
2025-05-28 00:00:00-04:00,AMZN,205.9199981689453,207.66000366210938,204.41000366210938,204.72000122070312,28549800,-0.006310081665849121,0.9936899183341509,AI_Core
2025-05-29 00:00:00-04:00,AMZN,208.02999877929688,208.80999755859375,204.22999572753906,205.6999969482422,34650000,0.004787005283780621,1.0047870052837806,AI_Core
2025-05-30 00:00:00-04:00,AMZN,204.83999633789062,205.99000549316406,201.6999969482422,205.00999450683594,51679400,-0.0033544115296213484,0.9966455884703787,AI_Core
2025-06-02 00:00:00-04:00,AMZN,204.97999572753906,207.0,202.67999267578125,206.64999389648438,29113300,0.007999607012299847,1.0079996070122998,AI_Core
2025-06-03 00:00:00-04:00,AMZN,207.11000061035156,208.9499969482422,205.02999877929688,205.7100067138672,33139100,-0.004548692041520419,0.9954513079584796,AI_Core
2025-06-04 00:00:00-04:00,AMZN,206.5500030517578,208.17999267578125,205.17999267578125,207.22999572753906,29915600,0.007388989179248462,1.0073889891792485,AI_Core
2025-06-05 00:00:00-04:00,AMZN,209.5500030517578,212.80999755859375,207.55999755859375,207.91000366210938,51864200,0.0032814165352026414,1.0032814165352026,AI_Core
2025-06-06 00:00:00-04:00,AMZN,212.39999389648438,213.8699951171875,210.5,213.57000732421875,39832500,0.027223334916139486,1.0272233349161395,AI_Core
2025-06-09 00:00:00-04:00,AMZN,214.75,217.85000610351562,212.8800048828125,216.97999572753906,38102500,0.015966607137600786,1.0159666071376008,AI_Core
2025-06-10 00:00:00-04:00,AMZN,216.77999877929688,217.69000244140625,214.14999389648438,217.61000061035156,31303300,0.0029035159702168745,1.0029035159702169,AI_Core
2025-06-11 00:00:00-04:00,AMZN,217.41000366210938,218.39999389648438,212.88999938964844,213.1999969482422,39326000,-0.020265629565462184,0.9797343704345378,AI_Core
2025-06-12 00:00:00-04:00,AMZN,211.77999877929688,213.5800018310547,211.3300018310547,213.24000549316406,27640000,0.00018765734284498237,1.000187657342845,AI_Core
2025-06-13 00:00:00-04:00,AMZN,209.9600067138672,214.0500030517578,209.6199951171875,212.10000610351562,29337800,-0.0053460859139069505,0.994653914086093,AI_Core
2025-06-16 00:00:00-04:00,AMZN,212.30999755859375,217.05999755859375,211.60000610351562,216.10000610351562,33284200,0.018859028217320217,1.0188590282173202,AI_Core
2025-06-17 00:00:00-04:00,AMZN,215.1999969482422,217.41000366210938,214.55999755859375,214.82000732421875,32086300,-0.005923177895162723,0.9940768221048373,AI_Core
2025-06-18 00:00:00-04:00,AMZN,215.08999633789062,217.9600067138672,212.33999633789062,212.52000427246094,44360500,-0.010706651956707725,0.9892933480432923,AI_Core
2025-06-20 00:00:00-04:00,AMZN,214.67999267578125,214.88999938964844,208.27000427246094,209.69000244140625,75350700,-0.013316402099383007,0.986683597900617,AI_Core
2025-06-23 00:00:00-04:00,AMZN,209.7899932861328,210.38999938964844,207.30999755859375,208.47000122070312,37311700,-0.005818118205440093,0.9941818817945599,AI_Core
2025-06-24 00:00:00-04:00,AMZN,212.13999938964844,214.33999633789062,211.0500030517578,212.77000427246094,38378800,0.02062648355436747,1.0206264835543675,AI_Core
2025-06-25 00:00:00-04:00,AMZN,214.6199951171875,216.02999877929688,211.11000061035156,211.99000549316406,31755700,-0.0036659245365152637,0.9963340754634847,AI_Core
2025-06-26 00:00:00-04:00,AMZN,213.1199951171875,218.0399932861328,212.00999450683594,217.1199951171875,50480800,0.024199205109171285,1.0241992051091713,AI_Core
2025-06-27 00:00:00-04:00,AMZN,219.9199981689453,223.3000030517578,216.74000549316406,223.3000030517578,119217100,0.028463559660798277,1.0284635596607983,AI_Core
2025-06-30 00:00:00-04:00,AMZN,223.52000427246094,223.82000732421875,219.1199951171875,219.38999938964844,58887800,-0.017510092291414314,0.9824899077085857,AI_Core
2025-07-01 00:00:00-04:00,AMZN,219.5,221.8800048828125,217.92999267578125,220.4600067138672,39256800,0.00487719279454657,1.0048771927945466,AI_Core
2025-07-02 00:00:00-04:00,AMZN,219.72999572753906,221.60000610351562,219.05999755859375,219.9199981689453,30894200,-0.002449462616694653,0.9975505373833053,AI_Core
2025-07-03 00:00:00-04:00,AMZN,221.82000732421875,224.00999450683594,221.36000061035156,223.41000366210938,29632400,0.015869432167251007,1.015869432167251,AI_Core
2025-07-07 00:00:00-04:00,AMZN,223.0,224.2899932861328,222.3699951171875,223.47000122070312,36604100,0.0002685535903059755,1.000268553590306,AI_Core
2025-07-08 00:00:00-04:00,AMZN,223.9199981689453,224.0,218.42999267578125,219.36000061035156,45692000,-0.018391733064396676,0.9816082669356033,AI_Core
2025-07-09 00:00:00-04:00,AMZN,221.07000732421875,224.2899932861328,220.47000122070312,222.5399932861328,38155100,0.014496684294917905,1.014496684294918,AI_Core
2025-07-10 00:00:00-04:00,AMZN,221.5500030517578,222.7899932861328,219.6999969482422,222.25999450683594,30370600,-0.0012581953255335065,0.9987418046744665,AI_Core
2025-07-11 00:00:00-04:00,AMZN,223.5800018310547,226.67999267578125,222.3699951171875,225.02000427246094,50518300,0.012417933203629827,1.0124179332036298,AI_Core
2025-07-14 00:00:00-04:00,AMZN,225.07000732421875,226.66000366210938,224.24000549316406,225.69000244140625,35702600,0.0029775049161142597,1.0029775049161143,AI_Core
2025-07-15 00:00:00-04:00,AMZN,226.1999969482422,227.27000427246094,225.4600067138672,226.35000610351562,34907300,0.0029243814744550622,1.002924381474455,AI_Core
2025-07-16 00:00:00-04:00,AMZN,225.8800048828125,226.10000610351562,222.17999267578125,223.19000244140625,39535900,-0.013960696164789232,0.9860393038352108,AI_Core
2025-07-17 00:00:00-04:00,AMZN,223.32000732421875,224.5,222.50999450683594,223.8800048828125,31855800,0.0030915472640284936,1.0030915472640285,AI_Core
2025-07-18 00:00:00-04:00,AMZN,225.13999938964844,226.39999389648438,222.97999572753906,226.1300048828125,37833800,0.010050026580880944,1.010050026580881,AI_Core
2025-07-21 00:00:00-04:00,AMZN,225.83999633789062,229.69000244140625,225.64999389648438,229.3000030517578,40297600,0.014018476542235536,1.0140184765422355,AI_Core
2025-07-22 00:00:00-04:00,AMZN,229.67999267578125,230.0,226.35000610351562,227.47000122070312,37483700,-0.007980819043607368,0.9920191809563926,AI_Core
2025-07-23 00:00:00-04:00,AMZN,228.47000122070312,228.7899932861328,227.08999633789062,228.2899932861328,28294900,0.003604836070819184,1.0036048360708192,AI_Core
2025-07-24 00:00:00-04:00,AMZN,229.1699981689453,236.0,228.63999938964844,232.22999572753906,42902300,0.01725876103762447,1.0172587610376245,AI_Core
2025-07-25 00:00:00-04:00,AMZN,232.22000122070312,232.47999572753906,231.17999267578125,231.44000244140625,28712100,-0.00340177109187767,0.9965982289081223,AI_Core
2025-07-28 00:00:00-04:00,AMZN,233.35000610351562,234.2899932861328,232.25,232.7899932861328,26300100,0.005833005662313484,1.0058330056623135,AI_Core
2025-07-29 00:00:00-04:00,AMZN,234.14999389648438,234.72000122070312,230.30999755859375,231.00999450683594,33716200,-0.007646371539299812,0.9923536284607002,AI_Core
2025-07-30 00:00:00-04:00,AMZN,231.63999938964844,231.8000030517578,229.2899932861328,230.19000244140625,32993300,-0.003549595623255297,0.9964504043767447,AI_Core
2025-07-31 00:00:00-04:00,AMZN,235.77000427246094,236.52999877929688,231.39999389648438,234.11000061035156,104357300,0.017029402351838252,1.0170294023518383,AI_Core
2025-08-01 00:00:00-04:00,AMZN,217.2100067138672,220.44000244140625,212.8000030517578,214.75,122258800,-0.08269617085933034,0.9173038291406697,AI_Core
2025-08-04 00:00:00-04:00,AMZN,217.39999389648438,217.44000244140625,211.4199981689453,211.64999389648438,77890100,-0.01443541840985152,0.9855645815901485,AI_Core
2025-08-05 00:00:00-04:00,AMZN,213.0500030517578,216.3000030517578,212.8699951171875,213.75,51505100,0.009922070229506863,1.0099220702295069,AI_Core
2025-08-06 00:00:00-04:00,AMZN,214.6999969482422,222.64999389648438,213.74000549316406,222.30999755859375,54823000,0.04004677220394748,1.0400467722039475,AI_Core
2025-08-07 00:00:00-04:00,AMZN,221.0,226.22000122070312,220.82000732421875,223.1300048828125,40603500,0.0036885760119835798,1.0036885760119836,AI_Core
2025-08-08 00:00:00-04:00,AMZN,223.13999938964844,223.8000030517578,221.8800048828125,222.69000244140625,32970500,-0.001971955504762035,0.998028044495238,AI_Core
2025-08-11 00:00:00-04:00,AMZN,221.77999877929688,223.0500030517578,220.39999389648438,221.3000030517578,31646200,-0.006241858073597895,0.9937581419264021,AI_Core
2025-08-12 00:00:00-04:00,AMZN,222.22999572753906,223.5,219.0500030517578,221.47000122070312,37185800,0.0007681796954406295,1.0007681796954406,AI_Core
2025-08-13 00:00:00-04:00,AMZN,222.0,224.9199981689453,222.0,224.55999755859375,36508300,0.01395221168040428,1.0139522116804043,AI_Core
2025-08-14 00:00:00-04:00,AMZN,227.39999389648438,233.11000061035156,227.02000427246094,230.97999572753906,61545800,0.02858923333961183,1.0285892333396118,AI_Core
2025-08-15 00:00:00-04:00,AMZN,232.5800018310547,234.0800018310547,229.80999755859375,231.02999877929688,39649200,0.00021648217457226338,1.0002164821745723,AI_Core
2025-08-18 00:00:00-04:00,AMZN,230.22999572753906,231.91000366210938,228.3300018310547,231.49000549316406,25248900,0.0019911124801876845,1.0019911124801877,AI_Core
2025-08-19 00:00:00-04:00,AMZN,230.08999633789062,230.52999877929688,227.1199951171875,228.00999450683594,29891000,-0.01503309388634011,0.9849669061136599,AI_Core
2025-08-20 00:00:00-04:00,AMZN,227.1199951171875,227.27000427246094,220.9199981689453,223.80999755859375,36604300,-0.01842023178556884,0.9815797682144312,AI_Core
2025-08-21 00:00:00-04:00,AMZN,222.64999389648438,222.77999877929688,220.5,221.9499969482422,32140500,-0.008310623433453235,0.9916893765665468,AI_Core
2025-08-22 00:00:00-04:00,AMZN,222.7899932861328,229.13999938964844,220.82000732421875,228.83999633789062,37315300,0.031043025385826706,1.0310430253858267,AI_Core
2025-08-25 00:00:00-04:00,AMZN,227.35000610351562,229.60000610351562,227.30999755859375,227.94000244140625,22633700,-0.003932852258726194,0.9960671477412738,AI_Core
2025-08-26 00:00:00-04:00,AMZN,227.11000061035156,229.0,226.02000427246094,228.7100067138672,26105400,0.0033781006590050122,1.003378100659005,AI_Core
2025-08-27 00:00:00-04:00,AMZN,228.57000732421875,229.8699951171875,227.80999755859375,229.1199951171875,21254500,0.0017926124405795996,1.0017926124405796,AI_Core
2025-08-28 00:00:00-04:00,AMZN,229.00999450683594,232.7100067138672,228.02000427246094,231.60000610351562,33679600,0.0108240705271474,1.0108240705271474,AI_Core
2025-08-29 00:00:00-04:00,AMZN,231.32000732421875,231.80999755859375,228.16000366210938,229.0,26199200,-0.011226278216735164,0.9887737217832648,AI_Core
2025-09-02 00:00:00-04:00,AMZN,223.52000427246094,226.1699981689453,221.8300018310547,225.33999633789062,38843900,-0.015982548742835667,0.9840174512571643,AI_Core
2025-09-03 00:00:00-04:00,AMZN,225.2100067138672,227.1699981689453,224.36000061035156,225.99000549316406,29223100,0.0028845707190781056,1.002884570719078,AI_Core
2025-09-04 00:00:00-04:00,AMZN,231.19000244140625,235.77000427246094,230.77999877929688,235.67999267578125,59391800,0.042877945692648245,1.0428779456926482,AI_Core
2025-09-05 00:00:00-04:00,AMZN,235.19000244140625,236.0,231.92999267578125,232.3300018310547,36721800,-0.014214150326010255,0.9857858496739897,AI_Core
2025-09-08 00:00:00-04:00,AMZN,234.94000244140625,237.60000610351562,233.75,235.83999633789062,33947100,0.015107797009308976,1.015107797009309,AI_Core
2025-09-09 00:00:00-04:00,AMZN,236.36000061035156,238.85000610351562,235.0800018310547,238.24000549316406,27033800,0.010176429751274751,1.0101764297512748,AI_Core
2025-09-10 00:00:00-04:00,AMZN,237.52000427246094,237.67999267578125,229.10000610351562,230.3300018310547,60907700,-0.03320182790348514,0.9667981720965149,AI_Core
2025-09-11 00:00:00-04:00,AMZN,231.49000549316406,231.52999877929688,229.33999633789062,229.9499969482422,37485600,-0.0016498279850283293,0.9983501720149717,AI_Core
2025-09-12 00:00:00-04:00,AMZN,230.35000610351562,230.7899932861328,226.2899932861328,228.14999389648438,38496200,-0.007827802024989672,0.9921721979750103,AI_Core
2025-09-15 00:00:00-04:00,AMZN,230.6300048828125,233.72999572753906,230.32000732421875,231.42999267578125,33243300,0.014376501718361023,1.014376501718361,AI_Core
2025-09-16 00:00:00-04:00,AMZN,232.94000244140625,235.89999389648438,232.22999572753906,234.0500030517578,38203900,0.011320962964584513,1.0113209629645845,AI_Core
2025-09-17 00:00:00-04:00,AMZN,233.77000427246094,234.3000030517578,228.7100067138672,231.6199951171875,42815200,-0.010382430689534927,0.9896175693104651,AI_Core
2025-09-18 00:00:00-04:00,AMZN,232.5,233.47999572753906,228.7899932861328,231.22999572753906,37931700,-0.0016837898189709932,0.998316210181029,AI_Core
2025-09-19 00:00:00-04:00,AMZN,232.3699951171875,234.16000366210938,229.6999969482422,231.47999572753906,97943200,0.0010811746080494622,1.0010811746080495,AI_Core
2025-09-22 00:00:00-04:00,AMZN,230.55999755859375,230.57000732421875,227.50999450683594,227.6300048828125,45914500,-0.016632067201427403,0.9833679327985726,AI_Core
2025-09-23 00:00:00-04:00,AMZN,227.8300018310547,227.86000061035156,220.07000732421875,220.7100067138672,70956200,-0.030400202172415014,0.969599797827585,AI_Core
2025-09-24 00:00:00-04:00,AMZN,224.14999389648438,224.55999755859375,219.4499969482422,220.2100067138672,49509000,-0.0022654160880354324,0.9977345839119646,AI_Core
2025-09-25 00:00:00-04:00,AMZN,220.05999755859375,220.6699981689453,216.47000122070312,218.14999389648438,52226300,-0.00935476479077324,0.9906452352092268,AI_Core
2025-09-26 00:00:00-04:00,AMZN,219.0800018310547,221.0500030517578,218.02000427246094,219.77999877929688,41650100,0.007471945580644679,1.0074719455806447,AI_Core
2025-09-29 00:00:00-04:00,AMZN,220.0800018310547,222.60000610351562,219.3000030517578,222.1699981689453,44259200,0.01087450815780766,1.0108745081578077,AI_Core
2025-09-30 00:00:00-04:00,AMZN,222.02999877929688,222.24000549316406,217.88999938964844,219.57000732421875,48396400,-0.011702709034319914,0.9882972909656801,AI_Core
2025-10-01 00:00:00-04:00,AMZN,217.36000061035156,222.14999389648438,216.61000061035156,220.6300048828125,43933800,0.004827606336181178,1.0048276063361812,AI_Core
2025-10-02 00:00:00-04:00,AMZN,221.00999450683594,222.80999755859375,218.9499969482422,222.41000366210938,41258600,0.008067800117406154,1.0080678001174062,AI_Core
2025-10-03 00:00:00-04:00,AMZN,223.44000244140625,224.1999969482422,219.33999633789062,219.50999450683594,43639000,-0.013039023009411066,0.9869609769905889,AI_Core
2025-10-06 00:00:00-04:00,AMZN,221.0,221.72999572753906,216.02999877929688,220.89999389648438,43690900,0.00633228292302257,1.0063322829230226,AI_Core
2025-10-07 00:00:00-04:00,AMZN,220.8800048828125,222.88999938964844,220.1699981689453,221.77999877929688,31194700,0.003983725247293846,1.0039837252472938,AI_Core
2025-10-08 00:00:00-04:00,AMZN,222.9199981689453,226.72999572753906,221.19000244140625,225.22000122070312,46686000,0.015510877718191152,1.0155108777181912,AI_Core
2025-10-09 00:00:00-04:00,AMZN,225.0,228.2100067138672,221.75,227.74000549316406,46412100,0.01118907849570383,1.0111890784957038,AI_Core
2025-10-10 00:00:00-04:00,AMZN,226.2100067138672,228.25,216.0,216.3699951171875,72367500,-0.049925397829666096,0.9500746021703339,AI_Core
2025-10-13 00:00:00-04:00,AMZN,217.6999969482422,220.67999267578125,217.0399932861328,220.07000732421875,37809700,0.017100394188331425,1.0171003941883314,AI_Core
2025-10-14 00:00:00-04:00,AMZN,215.55999755859375,219.32000732421875,212.60000610351562,216.38999938964844,45665600,-0.016721987604375044,0.983278012395625,AI_Core
2025-10-15 00:00:00-04:00,AMZN,216.6199951171875,217.7100067138672,212.66000366210938,215.57000732421875,45909500,-0.003789417568938358,0.9962105824310616,AI_Core
2025-10-16 00:00:00-04:00,AMZN,215.6699981689453,218.58999633789062,212.80999755859375,214.47000122070312,42414600,-0.00510277898660183,0.9948972210133982,AI_Core
2025-10-17 00:00:00-04:00,AMZN,214.55999755859375,214.8000030517578,211.02999877929688,213.0399932861328,45986900,-0.006667636156250767,0.9933323638437492,AI_Core
2025-10-20 00:00:00-04:00,AMZN,213.8800048828125,216.69000244140625,213.58999633789062,216.47999572753906,38882800,0.016147214372026486,1.0161472143720265,AI_Core
2025-10-21 00:00:00-04:00,AMZN,218.42999267578125,223.32000732421875,217.99000549316406,222.02999877929688,50494600,0.025637486886977978,1.025637486886978,AI_Core
2025-10-22 00:00:00-04:00,AMZN,219.3000030517578,220.00999450683594,216.52000427246094,217.9499969482422,44308500,-0.018375903497213075,0.9816240965027869,AI_Core
2025-10-23 00:00:00-04:00,AMZN,219.0,221.3000030517578,218.17999267578125,221.08999633789062,31540000,0.014406971477930908,1.014406971477931,AI_Core
2025-10-24 00:00:00-04:00,AMZN,221.97000122070312,225.39999389648438,221.89999389648438,224.2100067138672,38685100,0.01411194729592502,1.014111947295925,AI_Core
2025-10-27 00:00:00-04:00,AMZN,227.66000366210938,228.39999389648438,225.5399932861328,226.97000122070312,38267000,0.012309863182682124,1.0123098631826821,AI_Core
2025-10-28 00:00:00-04:00,AMZN,228.22000122070312,231.49000549316406,226.2100067138672,229.25,47100000,0.010045375014470892,1.010045375014471,AI_Core
2025-10-29 00:00:00-04:00,AMZN,231.6699981689453,232.82000732421875,227.75999450683594,230.3000030517578,52036200,0.0045801659836763875,1.0045801659836764,AI_Core
2025-10-30 00:00:00-04:00,AMZN,227.05999755859375,228.44000244140625,222.75,222.86000061035156,102252900,-0.03230569840563213,0.9676943015943679,AI_Core
2025-10-31 00:00:00-04:00,AMZN,250.10000610351562,250.5,243.97999572753906,244.22000122070312,166340800,0.09584492754129248,1.0958449275412925,AI_Core
2025-11-03 00:00:00-05:00,AMZN,255.36000061035156,258.6000061035156,252.89999389648438,254.0,95997800,0.04004585509136338,1.0400458550913634,AI_Core
2025-11-04 00:00:00-05:00,AMZN,250.3800048828125,257.010009765625,248.66000366210938,249.32000732421875,51546300,-0.018425168014886806,0.9815748319851132,AI_Core
2025-11-05 00:00:00-05:00,AMZN,249.02999877929688,251.0,246.16000366210938,250.1999969482422,40610700,0.0035295587926045258,1.0035295587926045,AI_Core
2025-11-06 00:00:00-05:00,AMZN,249.16000366210938,250.3800048828125,242.1699981689453,243.0399932861328,46004200,-0.028617121300727022,0.971382878699273,AI_Core
2025-11-07 00:00:00-05:00,AMZN,242.89999389648438,244.89999389648438,238.49000549316406,244.41000366210938,46374300,0.005636975040415049,1.005636975040415,AI_Core
2025-11-10 00:00:00-05:00,AMZN,248.33999633789062,251.75,245.58999633789062,248.39999389648438,36476500,0.01632498741700883,1.0163249874170088,AI_Core
2025-11-11 00:00:00-05:00,AMZN,248.41000366210938,249.75,247.22999572753906,249.10000610351562,23564100,0.0028180846386129943,1.002818084638613,AI_Core
2025-11-12 00:00:00-05:00,AMZN,250.24000549316406,250.3699951171875,243.75,244.1999969482422,31190100,-0.01967085120518708,0.9803291487948129,AI_Core
2025-11-13 00:00:00-05:00,AMZN,243.0500030517578,243.75,236.5,237.5800018310547,41401700,-0.027108907452568887,0.9728910925474311,AI_Core
2025-11-14 00:00:00-05:00,AMZN,235.05999755859375,238.72999572753906,232.88999938964844,234.69000244140625,38956700,-0.012164320933474637,0.9878356790665254,AI_Core
2025-11-17 00:00:00-05:00,AMZN,233.25,234.60000610351562,229.19000244140625,232.8699951171875,59919000,-0.007754941860691922,0.9922450581393081,AI_Core
2025-11-18 00:00:00-05:00,AMZN,228.10000610351562,230.1999969482422,222.4199981689453,222.5500030517578,60608400,-0.04431653833391602,0.955683461666084,AI_Core
2025-11-19 00:00:00-05:00,AMZN,223.74000549316406,223.74000549316406,218.52000427246094,222.69000244140625,58335600,0.0006290693674619874,1.000629069367462,AI_Core
2025-11-20 00:00:00-05:00,AMZN,227.0500030517578,227.41000366210938,216.74000549316406,217.13999938964844,50309000,-0.02492255148822009,0.9750774485117799,AI_Core
2025-11-21 00:00:00-05:00,AMZN,216.35000610351562,222.2100067138672,215.17999267578125,220.69000244140625,68490500,0.016348913427910006,1.01634891342791,AI_Core
2025-11-24 00:00:00-05:00,AMZN,222.55999755859375,227.3300018310547,222.27000427246094,226.27999877929688,54318400,0.02532963104830621,1.0253296310483062,AI_Core
2025-11-25 00:00:00-05:00,AMZN,226.3800048828125,230.52000427246094,223.8000030517578,229.6699981689453,39379300,0.0149814363087164,1.0149814363087164,AI_Core
2025-11-26 00:00:00-05:00,AMZN,230.74000549316406,231.75,228.77000427246094,229.16000366210938,38497900,-0.0022205534501759105,0.9977794465498241,AI_Core
2025-11-28 00:00:00-05:00,AMZN,231.24000549316406,233.2899932861328,230.22000122070312,233.22000122070312,20292300,0.01771686809963624,1.0177168680996362,AI_Core
2025-12-01 00:00:00-05:00,AMZN,233.22000122070312,235.8000030517578,232.25,233.8800048828125,42904000,0.0028299616613276513,1.0028299616613277,AI_Core
2025-12-02 00:00:00-05:00,AMZN,235.00999450683594,238.97000122070312,233.5500030517578,234.4199981689453,45785400,0.0023088475921804186,1.0023088475921804,AI_Core
2025-12-03 00:00:00-05:00,AMZN,233.35000610351562,233.3800048828125,230.61000061035156,232.3800048828125,35495100,-0.008702300580441968,0.991297699419558,AI_Core
2025-12-04 00:00:00-05:00,AMZN,232.77000427246094,233.5,226.8000030517578,229.11000061035156,45683200,-0.014071797072686909,0.9859282029273131,AI_Core
2025-12-05 00:00:00-05:00,AMZN,230.32000732421875,231.24000549316406,228.5500030517578,229.52999877929688,33117400,0.0018331725713693903,1.0018331725713694,AI_Core
2025-12-08 00:00:00-05:00,AMZN,229.58999633789062,230.8300018310547,226.27000427246094,226.88999938964844,35019200,-0.011501761877265149,0.9884982381227349,AI_Core
2025-12-09 00:00:00-05:00,AMZN,226.83999633789062,228.57000732421875,225.11000061035156,227.9199981689453,25841700,0.004539639393836836,1.0045396393938368,AI_Core
2025-12-10 00:00:00-05:00,AMZN,228.80999755859375,232.4199981689453,228.4600067138672,231.77999877929688,38790700,0.016935769749744978,1.016935769749745,AI_Core
2025-12-11 00:00:00-05:00,AMZN,230.7100067138672,232.11000061035156,228.69000244140625,230.27999877929688,28249600,-0.006471654188885845,0.9935283458111142,AI_Core
2025-12-12 00:00:00-05:00,AMZN,229.8699951171875,230.0800018310547,225.1199951171875,226.19000244140625,35639100,-0.017760970816273702,0.9822390291837263,AI_Core
2025-12-15 00:00:00-05:00,AMZN,227.92999267578125,227.92999267578125,221.5,222.5399932861328,47286100,-0.01613691637948922,0.9838630836205108,AI_Core
2025-12-16 00:00:00-05:00,AMZN,223.0399932861328,223.66000366210938,221.1300048828125,222.55999755859375,39298900,8.989068511033871e-05,1.0000898906851103,AI_Core
2025-12-17 00:00:00-05:00,AMZN,224.66000366210938,225.19000244140625,220.99000549316406,221.27000427246094,44034400,-0.005796159688549518,0.9942038403114505,AI_Core
2025-12-18 00:00:00-05:00,AMZN,225.7100067138672,229.22999572753906,224.41000366210938,226.75999450683594,50272400,0.024811271877659857,1.0248112718776599,AI_Core
2025-12-19 00:00:00-05:00,AMZN,226.75999450683594,229.1300048828125,225.5800018310547,227.35000610351562,85544400,0.0026019210221046585,1.0026019210221047,AI_Core
2025-12-22 00:00:00-05:00,AMZN,228.61000061035156,229.47999572753906,226.7100067138672,228.42999267578125,32261300,0.00475032567966549,1.0047503256796655,AI_Core
2025-12-23 00:00:00-05:00,AMZN,229.05999755859375,232.4499969482422,228.72999572753906,232.13999938964844,29230200,0.016241329216049705,1.0162413292160497,AI_Core
2025-12-24 00:00:00-05:00,AMZN,232.1300048828125,232.9499969482422,231.3300018310547,232.3800048828125,11420500,0.001033882544133169,1.0010338825441332,AI_Core
2025-12-26 00:00:00-05:00,AMZN,232.0399932861328,232.99000549316406,231.17999267578125,232.52000427246094,15994700,0.000602458846315379,1.0006024588463154,AI_Core
2025-12-29 00:00:00-05:00,AMZN,231.94000244140625,232.60000610351562,230.77000427246094,232.07000732421875,19797900,-0.0019353042317807878,0.9980646957682192,AI_Core
2025-12-30 00:00:00-05:00,AMZN,231.2100067138672,232.77000427246094,230.1999969482422,232.52999877929688,21910500,0.001982123671998126,1.0019821236719981,AI_Core
