Date,Ticker,Open,High,Low,Close,Volume,Daily_Return,Log_Return,Category
2021-01-04 00:00:00-05:00,NVDA,13.067501258122682,13.61421397971434,12.926148437741286,13.076725006103516,560640000,,,AI_Core
2021-01-05 00:00:00-05:00,NVDA,13.063014829846537,13.405800875139692,13.050300910946934,13.367159843444824,322760000,0.02221005926221964,1.0222100592622196,AI_Core
2021-01-06 00:00:00-05:00,NVDA,13.185419202200734,13.20785614214832,12.550704770549924,12.579124450683594,580424000,-0.05895309115703273,0.9410469088429673,AI_Core
2021-01-07 00:00:00-05:00,NVDA,12.931135270824335,13.340235478052634,12.850363041122911,13.30657958984375,461480000,0.057830347574041596,1.0578303475740416,AI_Core
2021-01-08 00:00:00-05:00,NVDA,13.325028278582424,13.38336356753175,13.005426670817448,13.239518165588379,292528000,-0.005039719170699231,0.9949602808293008,AI_Core
2021-01-11 00:00:00-05:00,NVDA,13.381118027153345,13.921847963012926,13.325026156059941,13.58329963684082,518344000,0.025966312893922705,1.0259663128939227,AI_Core
2021-01-12 00:00:00-05:00,NVDA,13.7139336394329,13.71592883730901,13.307577070665623,13.446934700012207,291476000,-0.01003916135802252,0.9899608386419775,AI_Core
2021-01-13 00:00:00-05:00,NVDA,13.452170148278045,13.586791799856059,13.347465053272895,13.493803024291992,210028000,0.0034854281161744716,1.0034854281161745,AI_Core
2021-01-14 00:00:00-05:00,NVDA,13.536931064909215,13.561611414349295,13.143537592713157,13.16323184967041,283120000,-0.02449799912052053,0.9755020008794795,AI_Core
2021-01-15 00:00:00-05:00,NVDA,13.19090209083894,13.287879340414982,12.812466952148759,12.82343578338623,277780000,-0.02581403033577101,0.974185969664229,AI_Core
2021-01-19 00:00:00-05:00,NVDA,12.979748217546279,13.057280388815155,12.807981463243154,12.988723754882812,226188000,0.01288952308013469,1.0128895230801347,AI_Core
2021-01-20 00:00:00-05:00,NVDA,13.074981565628885,13.392838104481921,13.02013644379151,13.328269958496094,258572000,0.02614161406625004,1.02614161406625,AI_Core
2021-01-21 00:00:00-05:00,NVDA,13.380871079540578,13.959992973771397,13.215835495319384,13.828612327575684,337780000,0.037539933587603214,1.0375399335876032,AI_Core
2021-01-22 00:00:00-05:00,NVDA,13.701470507641192,13.802935556370324,13.589036624292714,13.674047470092773,246820000,-0.011177177711077513,0.9888228222889225,AI_Core
2021-01-25 00:00:00-05:00,NVDA,13.743101253478759,13.789720219870421,13.199380371226189,13.614961624145508,251112000,-0.004321020976159051,0.995678979023841,AI_Core
2021-01-26 00:00:00-05:00,NVDA,13.542416475351589,13.606486294408791,13.349957856187535,13.397574424743652,163980000,-0.015966787524125614,0.9840332124758744,AI_Core
2021-01-27 00:00:00-05:00,NVDA,13.192896627758461,13.195639311128085,12.757870336744448,12.881523132324219,371272000,-0.03851826278840076,0.9614817372115992,AI_Core
2021-01-28 00:00:00-05:00,NVDA,12.959803578675862,13.302340407127636,12.924153447665297,13.014399528503418,228316000,0.010315270547918809,1.0103152705479188,AI_Core
2021-01-29 00:00:00-05:00,NVDA,13.038333242858723,13.297355184274961,12.875291917591868,12.953322410583496,271552000,-0.004693041564165501,0.9953069584358345,AI_Core
2021-02-01 00:00:00-05:00,NVDA,13.016644788412517,13.233534581974757,12.866566542246508,13.19987964630127,217204000,0.01903428540590668,1.0190342854059067,AI_Core
2021-02-02 00:00:00-05:00,NVDA,13.361178940193838,13.533942377591545,13.248245773552755,13.518735885620117,220440000,0.024155995953205167,1.0241559959532052,AI_Core
2021-02-03 00:00:00-05:00,NVDA,13.597760947043264,13.892682206778403,13.478596845978661,13.492557525634766,245408000,-0.0019364502869826383,0.9980635497130174,AI_Core
2021-02-04 00:00:00-05:00,NVDA,13.493053287958364,13.635153579480152,13.300345542291058,13.625929832458496,201340000,0.009884879613841546,1.0098848796138415,AI_Core
2021-02-05 00:00:00-05:00,NVDA,13.68651004246619,13.698725635356672,13.507762015334324,13.552885055541992,169152000,-0.005360718704312095,0.9946392812956879,AI_Core
2021-02-08 00:00:00-05:00,NVDA,13.688755187120892,14.43316181497627,13.688755187120892,14.398260116577148,434624000,0.06237602234289352,1.0623760223428935,AI_Core
2021-02-09 00:00:00-05:00,NVDA,14.300534356614135,14.542354624618508,14.182616068463537,14.223252296447754,287560000,-0.012154789447643255,0.9878452105523567,AI_Core
2021-02-10 00:00:00-05:00,NVDA,14.422692359371814,14.863203179355986,14.301283892068875,14.722847938537598,485352000,0.03512527456288028,1.0351252745628803,AI_Core
2021-02-11 00:00:00-05:00,NVDA,14.938241392149193,15.229422356874197,14.883146161796272,15.207982063293457,450828000,0.03295110611622931,1.0329511061162293,AI_Core
2021-02-12 00:00:00-05:00,NVDA,15.007795360880671,15.24836885971314,14.73356597486961,14.919294357299805,374756000,-0.01898264377168357,0.9810173562283164,AI_Core
2021-02-16 00:00:00-05:00,NVDA,15.022005252212074,15.329391251477393,14.908075461379754,15.287259101867676,321960000,0.02466368286297871,1.0246636828629787,AI_Core
2021-02-17 00:00:00-05:00,NVDA,15.128455897288585,15.180809395697596,14.738552573585007,14.8641996383667,274756000,-0.027673990522558145,0.9723260094774419,AI_Core
2021-02-18 00:00:00-05:00,NVDA,14.687694606829579,14.831539993564954,14.534126197463962,14.78741455078125,233868000,-0.005165773432378784,0.9948342265676212,AI_Core
2021-02-19 00:00:00-05:00,NVDA,14.982365438062779,15.13443792178438,14.805114282360956,14.88464069366455,271724000,0.006574925085748973,1.006574925085749,AI_Core
2021-02-22 00:00:00-05:00,NVDA,14.733316330627298,15.090811453956276,14.284827635904886,14.315491676330566,325884000,-0.038237336664514565,0.9617626633354854,AI_Core
2021-02-23 00:00:00-05:00,NVDA,14.035778314628121,14.198820593637908,13.35195136230545,14.102341651916504,391780000,-0.014889465848140437,0.9851105341518596,AI_Core
2021-02-24 00:00:00-05:00,NVDA,14.08314643202328,14.466069421564784,13.717424178877225,14.458340644836426,448320000,0.025243963145052728,1.0252439631450527,AI_Core
2021-02-25 00:00:00-05:00,NVDA,14.00611401149152,14.334441077467913,13.179189975141817,13.270183563232422,824436000,-0.08217796985080272,0.9178220301491973,AI_Core
2021-02-26 00:00:00-05:00,NVDA,13.713931328326733,13.815645509869658,13.323529751360189,13.67603874206543,500932000,0.03058399131399403,1.030583991313994,AI_Core
2021-03-01 00:00:00-05:00,NVDA,13.836088393397688,13.885948361591872,13.515241033932776,13.802931785583496,353184000,0.009278494007754157,1.0092784940077542,AI_Core
2021-03-02 00:00:00-05:00,NVDA,13.861018236603186,13.881460928666272,13.358431951392774,13.368653297424316,264116000,-0.031462771453580785,0.9685372285464192,AI_Core
2021-03-03 00:00:00-05:00,NVDA,13.388597869897936,13.413776541433187,12.762857098855966,12.768840789794922,377592000,-0.044867085284121866,0.9551329147158781,AI_Core
2021-03-04 00:00:00-05:00,NVDA,12.764851636975537,12.938613575131294,12.049862368433251,12.335558891296387,573344000,-0.03393275126782236,0.9660672487321776,AI_Core
2021-03-05 00:00:00-05:00,NVDA,12.514805563806275,12.514805563806275,11.646497027872458,12.426553726196289,542840000,0.0073766284691085815,1.0073766284691086,AI_Core
2021-03-08 00:00:00-05:00,NVDA,12.415085459306246,12.43627563829937,11.534063017322843,11.560738563537598,543112000,-0.06967460019373473,0.9303253998062653,AI_Core
2021-03-09 00:00:00-05:00,NVDA,12.100409513789169,12.585712508751332,12.029584075134197,12.489450454711914,521824000,0.08033326643190941,1.0803332664319094,AI_Core
2021-03-10 00:00:00-05:00,NVDA,12.808914029530401,12.94807054401496,12.426856734806337,12.437580108642578,384376000,-0.004153132778533686,0.9958468672214663,AI_Core
2021-03-11 00:00:00-05:00,NVDA,12.91814346853214,13.014157231172472,12.70317370933916,12.961536407470703,299916000,0.04212686826949885,1.0421268682694989,AI_Core
2021-03-12 00:00:00-05:00,NVDA,12.617136820596588,12.857045675532792,12.559030632032535,12.824376106262207,243964000,-0.010582102066961752,0.9894178979330382,AI_Core
2021-03-15 00:00:00-04:00,NVDA,12.833102427316174,13.17426110970681,12.73584243101685,13.158799171447754,221988000,0.026077141095561585,1.0260771410955616,AI_Core
2021-03-16 00:00:00-04:00,NVDA,13.32364243314881,13.479258807224893,13.084482313956556,13.258553504943848,272128000,0.007580808263457861,1.0075808082634579,AI_Core
2021-03-17 00:00:00-04:00,NVDA,13.007671116067991,13.420153700648893,12.957544682409727,13.308429718017578,243864000,0.0037618140663031596,1.0037618140663032,AI_Core
2021-03-18 00:00:00-04:00,NVDA,13.104184222736647,13.151567029011133,12.685715853663865,12.691202163696289,293896000,-0.04637869135572448,0.9536213086442755,AI_Core
2021-03-19 00:00:00-04:00,NVDA,12.718633648966629,12.88971194628079,12.58147210380223,12.81414794921875,299208000,0.009687481448696245,1.0096874814486962,AI_Core
2021-03-22 00:00:00-04:00,NVDA,12.880982909051182,13.361547266325193,12.874997152443814,13.153809547424316,297804000,0.02650676420715703,1.026506764207157,AI_Core
2021-03-23 00:00:00-04:00,NVDA,13.221642146480182,13.311670133271603,12.989215559028459,13.038594245910645,222048000,-0.008759082385850103,0.9912409176141499,AI_Core
2021-03-24 00:00:00-04:00,NVDA,13.118897393362214,13.126878086028931,12.605663414562246,12.611897468566895,245840000,-0.03272567343504662,0.9672743265649534,AI_Core
2021-03-25 00:00:00-04:00,NVDA,12.468750209276983,12.683470687202513,12.241809920894694,12.504411697387695,295144000,-0.008522569379198486,0.9914774306208015,AI_Core
2021-03-26 00:00:00-04:00,NVDA,12.523615375554263,12.824623248846297,12.34306088171137,12.80766487121582,363968000,0.02425169461522758,1.0242516946152276,AI_Core
2021-03-29 00:00:00-04:00,NVDA,12.788709827744805,13.030364297959583,12.668755911865413,12.91639518737793,273520000,0.00848947230079955,1.0084894723007995,AI_Core
2021-03-30 00:00:00-04:00,NVDA,12.81040644183664,12.943328859463614,12.673743402077953,12.840083122253418,200204000,-0.00590815502448272,0.9940918449755173,AI_Core
2021-03-31 00:00:00-04:00,NVDA,12.983480795926578,13.437361379878029,12.950561986434117,13.315412521362305,314776000,0.03701918395567727,1.0370191839556773,AI_Core
2021-04-01 00:00:00-04:00,NVDA,13.538860163952092,13.83587716537541,13.47800941308957,13.77777099609375,308276000,0.034723556178952064,1.034723556178952,AI_Core
2021-04-05 00:00:00-04:00,NVDA,13.833385038729487,13.979524270576526,13.699215418219154,13.953089714050293,255672000,0.012724751921500799,1.0127247519215008,AI_Core
2021-04-06 00:00:00-04:00,NVDA,13.96531045972212,14.019676015663661,13.739617343870526,13.827400207519531,191744000,-0.009008005331191726,0.9909919946688083,AI_Core
2021-04-07 00:00:00-04:00,NVDA,13.84660035897789,14.208457976713019,13.677767211137832,14.108704566955566,251284000,0.020343980445655774,1.0203439804456558,AI_Core
2021-04-08 00:00:00-04:00,NVDA,14.217686408200958,14.435898249089426,14.2139448346701,14.281778335571289,244416000,0.012267162289377298,1.0122671622893773,AI_Core
2021-04-09 00:00:00-04:00,NVDA,14.179030254374938,14.372553216225883,14.14012664417195,14.364572525024414,195172000,0.005797190483408654,1.0057971904834087,AI_Core
2021-04-12 00:00:00-04:00,NVDA,14.254596927138556,15.314732396380426,14.104466864397924,15.171585083007812,869324000,0.05618075696840319,1.0561807569684032,AI_Core
2021-04-13 00:00:00-04:00,NVDA,15.194030388057516,15.661378021363982,15.088540447915161,15.640928268432617,676212000,0.030935672367580658,1.0309356723675807,AI_Core
2021-04-14 00:00:00-04:00,NVDA,15.58656052594978,15.68182557627376,15.190038388116491,15.23941707611084,385500000,-0.02567054751680753,0.9743294524831925,AI_Core
2021-04-15 00:00:00-04:00,NVDA,15.62396691847129,16.174359665359855,15.593043048827143,16.097549438476562,598480000,0.05631005162992242,1.0563100516299224,AI_Core
2021-04-16 00:00:00-04:00,NVDA,16.01350839262557,16.125982027135557,15.826220403097025,15.8733549118042,335208000,-0.01392724572949533,0.9860727542705047,AI_Core
2021-04-19 00:00:00-04:00,NVDA,15.498278823834138,15.768612048726274,15.195525285421995,15.323958396911621,404420000,-0.034611241161376705,0.9653887588386233,AI_Core
2021-04-20 00:00:00-04:00,NVDA,15.285552882888071,15.458875362058153,14.926189618252145,15.133927345275879,334132000,-0.012400911482116861,0.9875990885178831,AI_Core
2021-04-21 00:00:00-04:00,NVDA,15.081555958737745,15.324706879775038,15.065097029883184,15.322711944580078,216776000,0.01247426361955739,1.0124742636195574,AI_Core
2021-04-22 00:00:00-04:00,NVDA,15.337175698398932,15.400519884321316,14.747130576116172,14.813716888427734,277788000,-0.03321834006886648,0.9667816599311335,AI_Core
2021-04-23 00:00:00-04:00,NVDA,14.897510379080412,15.29727466051768,14.863594577488568,15.227696418762207,227500000,0.02794568935348485,1.0279456893534848,AI_Core
2021-04-26 00:00:00-04:00,NVDA,15.147642935688191,15.440919322295558,15.087790126519275,15.439921379089355,197796000,0.013936773789741785,1.0139367737897418,AI_Core
2021-04-27 00:00:00-04:00,NVDA,15.540172992599263,15.631946658407013,15.316724108516395,15.343907356262207,164572000,-0.00621855645956737,0.9937814435404326,AI_Core
2021-04-28 00:00:00-04:00,NVDA,15.32670177309296,15.494039448295446,15.178068161200418,15.239167213439941,209416000,-0.006826171482293142,0.9931738285177069,AI_Core
2021-04-29 00:00:00-04:00,NVDA,15.36211192586429,15.398522104278095,15.03442032014005,15.287047386169434,173196000,0.0031419153067147043,1.0031419153067147,AI_Core
2021-04-30 00:00:00-04:00,NVDA,15.137169225880765,15.327199878603071,14.960105175895864,14.972574234008789,201912000,-0.02057121589386557,0.9794287841061344,AI_Core
2021-05-03 00:00:00-04:00,NVDA,15.087789925219155,15.209240277723236,14.75112061320419,14.800249099731445,203912000,-0.011509385866721789,0.9884906141332782,AI_Core
2021-05-04 00:00:00-04:00,NVDA,14.601242316550108,14.601491564558918,13.975784880945344,14.315945625305176,405324000,-0.032722656974405795,0.9672773430255942,AI_Core
2021-05-05 00:00:00-04:00,NVDA,14.67281322109117,14.77705690361153,14.352104335830429,14.422929763793945,292024000,0.007473075218982439,1.0074730752189824,AI_Core
2021-05-06 00:00:00-04:00,NVDA,14.459589562260682,14.535402805545267,14.183022295182871,14.487271308898926,193380000,0.0044610593103280305,1.004461059310328,AI_Core
2021-05-07 00:00:00-04:00,NVDA,14.771821324795141,14.933920995149085,14.635656764528989,14.775811195373535,229328000,0.01991678628240856,1.0199167862824086,AI_Core
2021-05-10 00:00:00-04:00,NVDA,14.750871407443766,14.76957547077731,14.214943531610285,14.2306547164917,268904000,-0.03689519794706975,0.9631048020529303,AI_Core
2021-05-11 00:00:00-04:00,NVDA,13.790988399639572,14.319435012067427,13.71617310026738,14.2710542678833,285584000,0.0028389102396519927,1.002838910239652,AI_Core
2021-05-12 00:00:00-04:00,NVDA,13.975035218815083,14.225168896948256,13.675524752489777,13.724653244018555,303408000,-0.03828736220942064,0.9617126377905794,AI_Core
2021-05-13 00:00:00-04:00,NVDA,13.999226037710349,14.046111298805778,13.42588999722822,13.631632804870605,285404000,-0.006777616708712797,0.9932223832912872,AI_Core
2021-05-14 00:00:00-04:00,NVDA,13.85582887340321,14.292751054175579,13.714676512622503,14.20796012878418,258616000,0.04227867139347041,1.0422786713934704,AI_Core
2021-05-17 00:00:00-04:00,NVDA,14.122172285711322,14.134392096499555,13.819419695219413,14.130651473999023,216980000,-0.005441221265010121,0.9945587787349899,AI_Core
2021-05-18 00:00:00-04:00,NVDA,14.231901032825663,14.368813321991661,13.969547568974676,13.981268882751465,186256000,-0.010571528957630028,0.98942847104237,AI_Core
2021-05-19 00:00:00-04:00,NVDA,13.533122956305393,14.044861343724145,13.509930529649232,14.031145095825195,344000000,0.0035673595502667688,1.0035673595502668,AI_Core
2021-05-20 00:00:00-04:00,NVDA,14.267313661284234,14.647626114558799,14.23539279664413,14.57655143737793,321592000,0.03887112119701586,1.0388711211970159,AI_Core
2021-05-21 00:00:00-04:00,NVDA,15.126444143548222,15.184551264267617,14.83291851571383,14.954867362976074,672992000,0.02595373310507787,1.0259537331050779,AI_Core
2021-05-24 00:00:00-04:00,NVDA,15.175076040317867,15.706266327666086,15.138665855139163,15.573594093322754,554816000,0.04137293332861436,1.0413729333286144,AI_Core
2021-05-25 00:00:00-04:00,NVDA,15.72721574516599,15.77958636788166,15.44441343117309,15.609256744384766,435408000,0.002289943531872396,1.0022899435318724,AI_Core
2021-05-26 00:00:00-04:00,NVDA,15.69554295501756,15.754896323009897,15.547907279022002,15.661376953125,370440000,0.003339057688251712,1.0033390576882517,AI_Core
2021-05-27 00:00:00-04:00,NVDA,15.661125902008596,15.711252331770046,15.421965818952483,15.449896812438965,581476000,-0.01350329165302655,0.9864967083469734,AI_Core
2021-05-28 00:00:00-04:00,NVDA,15.462864882329143,16.237454287840492,15.462864882329143,16.20453453063965,644536000,0.04884419147661312,1.0488441914766131,AI_Core
2021-06-01 00:00:00-04:00,NVDA,16.22997265762719,16.347931629920918,15.864124228355527,16.224485397338867,472804000,0.0012311903598030138,1.001231190359803,AI_Core
2021-06-02 00:00:00-04:00,NVDA,16.212265926193794,16.87712625493025,16.195556800663763,16.736970901489258,594168000,0.031587165423098584,1.0315871654230986,AI_Core
2021-06-03 00:00:00-04:00,NVDA,16.659664080908772,17.216541131071583,16.5422035955669,16.928001403808594,580008000,0.011413684318608563,1.0114136843186086,AI_Core
2021-06-04 00:00:00-04:00,NVDA,17.070401602049834,17.617552324507795,17.053445127711075,17.53500747680664,617120000,0.035858106253552124,1.0358581062535521,AI_Core
2021-06-07 00:00:00-04:00,NVDA,17.528023884085115,17.76867947172536,17.150455047093143,17.575654983520508,575756000,0.0023180775239264317,1.0023180775239264,AI_Core
2021-06-08 00:00:00-04:00,NVDA,17.484133522613572,17.578151395074354,17.208562256214222,17.4140567779541,323848000,-0.009194434330778933,0.9908055656692211,AI_Core
2021-06-09 00:00:00-04:00,NVDA,17.476663064864983,17.535780721881775,17.21724304760244,17.31951332092285,381656000,-0.005429146019033326,0.9945708539809667,AI_Core
2021-06-10 00:00:00-04:00,NVDA,17.311284529275444,17.452967859710565,17.137673016665815,17.38611602783203,287772000,0.0038455299334954063,1.0038455299334954,AI_Core
2021-06-11 00:00:00-04:00,NVDA,17.440493617838474,17.899218794058417,17.404823958700685,17.785472869873047,416308000,0.022969870982208818,1.0229698709822088,AI_Core
2021-06-14 00:00:00-04:00,NVDA,17.866046711104186,17.99924798169743,17.62333957825231,17.978544235229492,321376000,0.010855565481392881,1.0108555654813929,AI_Core
2021-06-15 00:00:00-04:00,NVDA,17.875026725443956,17.976050499289112,17.688443709180554,17.748807907104492,243032000,-0.012778360979573855,0.9872216390204261,AI_Core
2021-06-16 00:00:00-04:00,NVDA,17.751050591544338,17.91468418538893,17.545259694850984,17.770505905151367,307124000,0.0012225045287796998,1.0012225045287797,AI_Core
2021-06-17 00:00:00-04:00,NVDA,17.734834323579165,18.792966905127752,17.716625537466296,18.61561393737793,809656000,0.04755677957269522,1.0475567795726952,AI_Core
2021-06-18 00:00:00-04:00,NVDA,18.74208655422543,19.331767425396844,18.542532064726206,18.59716033935547,968856000,-0.000991296772942185,0.9990087032270578,AI_Core
2021-06-21 00:00:00-04:00,NVDA,18.394109040503217,18.4951346885807,17.782976662910134,18.386127471923828,672384000,-0.01134758552277737,0.9886524144772226,AI_Core
2021-06-22 00:00:00-04:00,NVDA,18.430280361670633,18.92143232381055,18.344970443440133,18.844602584838867,580144000,0.02493592593737559,1.0249359259373756,AI_Core
2021-06-23 00:00:00-04:00,NVDA,18.965333770522275,19.110010659811476,18.865556539871367,19.01472282409668,332356000,0.009027531278090306,1.0090275312780903,AI_Core
2021-06-24 00:00:00-04:00,NVDA,19.184846818923116,19.376667140371925,19.0456565249528,19.16264533996582,320924000,0.007779367453186525,1.0077793674531865,AI_Core
2021-06-25 00:00:00-04:00,NVDA,19.237478474504314,19.302333968295713,18.852340103189597,18.988534927368164,278364000,-0.009085927830356999,0.990914072169643,AI_Core
2021-06-28 00:00:00-04:00,NVDA,19.318047927502214,20.03394760894078,19.275892522351057,19.940406799316406,495436000,0.05012876852212078,1.0501287685221208,AI_Core
2021-06-29 00:00:00-04:00,NVDA,19.83813808929128,20.053905061902743,19.61314111573461,19.982067108154297,367632000,0.002089240668817105,1.002089240668817,AI_Core
2021-06-30 00:00:00-04:00,NVDA,19.954619984922232,20.117505644957735,19.819422413072925,19.957862854003906,326568000,-0.0012112988120489554,0.998788701187951,AI_Core
2021-07-01 00:00:00-04:00,NVDA,20.08008726884415,20.41034795573493,19.974322929566206,20.166893005371094,480136000,0.010473573893972965,1.010473573893973,AI_Core
2021-07-02 00:00:00-04:00,NVDA,20.39463747913961,20.45949296291919,20.24247763436387,20.441282272338867,342764000,0.013605926648923905,1.013605926648924,AI_Core
2021-07-06 00:00:00-04:00,NVDA,20.69122385571064,20.795490483018398,20.304839002416227,20.652311325073242,446708000,0.010323670008702823,1.0103236700087028,AI_Core
2021-07-07 00:00:00-04:00,NVDA,20.80696363579524,20.82841529094071,20.28662778206436,20.3262882232666,418428000,-0.01578627673556454,0.9842137232644355,AI_Core
2021-07-08 00:00:00-04:00,NVDA,19.812187411507026,20.088069151199225,19.65678472051413,19.858333587646484,503300000,-0.023022139137261144,0.9769778608627389,AI_Core
2021-07-09 00:00:00-04:00,NVDA,19.917954748254353,20.035442165140385,19.710169397353443,20.005508422851562,296624000,0.007411237934719317,1.0074112379347193,AI_Core
2021-07-12 00:00:00-04:00,NVDA,20.194835290071577,20.486931440280244,20.142701974510995,20.46672821044922,321984000,0.023054639644690234,1.0230546396446902,AI_Core
2021-07-13 00:00:00-04:00,NVDA,20.354974593131452,20.41558998557854,20.06911490682044,20.204811096191406,290708000,-0.012797214658085476,0.9872027853419145,AI_Core
2021-07-14 00:00:00-04:00,NVDA,20.312320711528482,20.37218628598519,19.708671252768255,19.797222137451172,380100000,-0.020172866591020244,0.9798271334089798,AI_Core
2021-07-15 00:00:00-04:00,NVDA,19.76753957121302,19.802710619931563,18.816415909806356,18.923925399780273,550564000,-0.04411208459488103,0.955887915405119,AI_Core
2021-07-16 00:00:00-04:00,NVDA,18.98803672242513,19.114253634630632,18.032672782425777,18.12047576904297,688224000,-0.042456816636290196,0.9575431833637098,AI_Core
2021-07-19 00:00:00-04:00,NVDA,17.875271703441314,18.999506326648362,17.825631445000248,18.737842559814453,749060000,0.034070120378748125,1.0340701203787481,AI_Core
2021-07-20 00:00:00-04:00,NVDA,18.688203709705867,18.795962510715192,18.123466749051826,18.570466995239258,434687000,-0.008932488574439845,0.9910675114255602,AI_Core
2021-07-21 00:00:00-04:00,NVDA,18.839869802881065,19.483431113478787,18.700182784677363,19.36669158935547,371017000,0.04287585198155397,1.042875851981554,AI_Core
2021-07-22 00:00:00-04:00,NVDA,19.59816711341448,19.84261930571644,19.232982752333722,19.550273895263672,323826000,0.009479280705286142,1.0094792807052861,AI_Core
2021-07-23 00:00:00-04:00,NVDA,19.612141332309406,19.65604377849129,19.2070471107687,19.514360427856445,195672000,-0.0018369802694133686,0.9981630197305866,AI_Core
2021-07-26 00:00:00-04:00,NVDA,19.26790448926892,19.398610751293184,18.871789209984744,19.25094223022461,203943000,-0.013498684653574955,0.986501315346425,AI_Core
2021-07-27 00:00:00-04:00,NVDA,19.22200834655241,19.57821202904054,18.699177517637054,19.165136337280273,248863000,-0.004457230815934743,0.9955427691840653,AI_Core
2021-07-28 00:00:00-04:00,NVDA,19.275892746609742,19.60216275943113,18.95261629855176,19.459482192993164,202191000,0.015358401345693773,1.0153584013456938,AI_Core
2021-07-29 00:00:00-04:00,NVDA,19.47543967277713,19.80869584189757,19.28486593170964,19.618122100830078,190781000,0.00815231907321956,1.0081523190732196,AI_Core
2021-07-30 00:00:00-04:00,NVDA,19.374669578351813,19.586196410986457,19.220016666249848,19.455490112304688,183497000,-0.008289885631739935,0.9917101143682601,AI_Core
2021-08-02 00:00:00-04:00,NVDA,19.656041136379148,19.91645840741657,19.317796898621157,19.705928802490234,217444000,0.012872391738266042,1.012872391738266,AI_Core
2021-08-03 00:00:00-04:00,NVDA,19.69594907533359,20.17687382086152,19.17710902193863,19.770782470703125,301811000,0.0032910739129787814,1.0032910739129788,AI_Core
2021-08-04 00:00:00-04:00,NVDA,19.945389340104725,20.272658383096573,19.78375021069901,20.228755950927734,231309000,0.023164155536243847,1.0231641555362438,AI_Core
2021-08-05 00:00:00-04:00,NVDA,20.454258474633058,20.68673838522797,20.296610075138453,20.590951919555664,211435000,0.017905004613559372,1.0179050046135594,AI_Core
2021-08-06 00:00:00-04:00,NVDA,20.478199273286513,20.524096148760073,20.164898907628032,20.3205509185791,178497000,-0.013132030128231054,0.986867969871769,AI_Core
2021-08-09 00:00:00-04:00,NVDA,20.400376028225207,20.462237955728927,20.098052643578864,20.249713897705078,146443000,-0.003485979349568624,0.9965140206504314,AI_Core
2021-08-10 00:00:00-04:00,NVDA,20.276652149351023,20.38441095043881,19.79073746939865,19.89151382446289,179238000,-0.017689142426984272,0.9823108575730157,AI_Core
2021-08-11 00:00:00-04:00,NVDA,19.998274902544892,20.00426203166139,19.386643798764577,19.65504264831543,185925000,-0.011888043224575706,0.9881119567754243,AI_Core
2021-08-12 00:00:00-04:00,NVDA,19.825660607005055,19.984304288652414,19.576218486098607,19.86058235168457,151652000,0.01045735219438737,1.0104573521943874,AI_Core
2021-08-13 00:00:00-04:00,NVDA,19.860584414299286,20.168894922983885,19.806704058002392,20.14295196533203,183063000,0.014217589829308874,1.0142175898293089,AI_Core
2021-08-16 00:00:00-04:00,NVDA,20.090071818954495,20.24173307870981,19.40959249424926,19.905485153198242,210876000,-0.011789077020214922,0.9882109229797851,AI_Core
2021-08-17 00:00:00-04:00,NVDA,19.641072122334368,19.72588343328819,19.224005625797794,19.414579391479492,204585000,-0.024661833556961832,0.9753381664430382,AI_Core
2021-08-18 00:00:00-04:00,NVDA,19.456485405778384,19.590187158874645,18.95760116460458,18.997512817382812,285913000,-0.02148213286967826,0.9785178671303217,AI_Core
2021-08-19 00:00:00-04:00,NVDA,19.45049607508558,20.44926356783825,18.72012927852923,19.75381851196289,766555000,0.03981077427609647,1.0398107742760965,AI_Core
2021-08-20 00:00:00-04:00,NVDA,19.946386836987667,20.818436946088394,19.88851761093091,20.769546508789062,675741000,0.05141932412768946,1.0514193241276895,AI_Core
2021-08-23 00:00:00-04:00,NVDA,20.924201575683597,21.947911015070833,20.903248530842916,21.908998489379883,575807000,0.054861668747010706,1.0548616687470107,AI_Core
2021-08-24 00:00:00-04:00,NVDA,21.704455946330775,21.909995609508034,21.486942027246627,21.744365692138672,297299000,-0.00751439173821733,0.9924856082617827,AI_Core
2021-08-25 00:00:00-04:00,NVDA,21.68849725920362,22.419861502010125,21.67353133802832,22.163434982299805,347701000,0.019272546097430787,1.0192725460974308,AI_Core
2021-08-26 00:00:00-04:00,NVDA,22.15046036413365,22.29014733822545,21.741375451642853,22.018754959106445,237940000,-0.00652787003949995,0.9934721299605,AI_Core
2021-08-27 00:00:00-04:00,NVDA,22.134498209537867,22.671297812529208,22.117535945744294,22.58548927307129,304722000,0.025738708433668878,1.0257387084336689,AI_Core
2021-08-30 00:00:00-04:00,NVDA,22.779052466422176,22.99157648068366,22.500675753070578,22.63736915588379,262580000,0.0022970448939689803,1.002297044893969,AI_Core
2021-08-31 00:00:00-04:00,NVDA,22.648349605435055,22.648349605435055,22.07453267310366,22.338987350463867,259850000,-0.013180940036151112,0.9868190599638489,AI_Core
2021-09-01 00:00:00-04:00,NVDA,22.438779025858977,22.650343118704587,22.31104189186069,22.394868850708008,201767000,0.002501523429305319,1.0025015234293053,AI_Core
2021-09-02 00:00:00-04:00,NVDA,22.47170927220523,22.546555855660092,22.249168120910575,22.349960327148438,187834000,-0.0020053041551145734,0.9979946958448854,AI_Core
2021-09-03 00:00:00-04:00,NVDA,22.279106704344652,22.938747169764824,22.154363669949504,22.79604148864746,280532000,0.019958924086194818,1.0199589240861948,AI_Core
2021-09-07 00:00:00-04:00,NVDA,22.786067428844145,22.85193175199729,22.475705860557778,22.615419387817383,198107000,-0.00792339761796046,0.9920766023820395,AI_Core
2021-09-08 00:00:00-04:00,NVDA,22.46672147869918,22.56352220177863,21.931822107945237,22.293079376220703,254434000,-0.01425310784951972,0.9857468921504803,AI_Core
2021-09-09 00:00:00-04:00,NVDA,22.26613330652161,22.491668548903835,22.08550563339496,22.131410598754883,196856000,-0.007251971553031256,0.9927480284469687,AI_Core
2021-09-10 00:00:00-04:00,NVDA,22.30206317714799,22.579491625302524,22.224224389626503,22.43179702758789,248376000,0.013572855082716995,1.013572855082717,AI_Core
2021-09-13 00:00:00-04:00,NVDA,22.637372339454643,22.916797475878276,21.81306999526155,22.10646629333496,297500000,-0.014503106186848025,0.985496893813152,AI_Core
2021-09-14 00:00:00-04:00,NVDA,22.22921073103916,22.363933451036715,22.040600065099298,22.196279525756836,199755000,0.00406275843593118,1.0040627584359312,AI_Core
2021-09-15 00:00:00-04:00,NVDA,22.2631425592537,22.321023900271747,21.920847204700245,22.295076370239258,166538000,0.004451054257438747,1.0044510542574387,AI_Core
2021-09-16 00:00:00-04:00,NVDA,22.13740079198433,22.231207426856813,21.881926512429214,22.196279525756836,156033000,-0.004431330166435377,0.9955686698335646,AI_Core
2021-09-17 00:00:00-04:00,NVDA,22.25415976266025,22.275116504076188,21.785126571378843,21.854982376098633,294503000,-0.015376322381512542,0.9846236776184875,AI_Core
2021-09-20 00:00:00-04:00,NVDA,21.102534175277412,21.38894489978741,20.619529786404915,21.069602966308594,349440000,-0.035935943405241866,0.9640640565947581,AI_Core
2021-09-21 00:00:00-04:00,NVDA,21.372975754388563,21.380958731216275,20.90693664793861,21.202327728271484,204688000,0.0062993480311481775,1.0062993480311482,AI_Core
2021-09-22 00:00:00-04:00,NVDA,21.32208186520741,21.91486077380473,21.15243122045159,21.89590072631836,268726000,0.03271211571369381,1.0327121157136938,AI_Core
2021-09-23 00:00:00-04:00,NVDA,22.09449300053855,22.48868157731644,21.845006848668227,22.435791015625,248555000,0.024657139985006626,1.0246571399850066,AI_Core
2021-09-24 00:00:00-04:00,NVDA,22.02462931729105,22.10346738517822,21.816059334268658,22.035606384277344,217655000,-0.017836885317257356,0.9821631146827426,AI_Core
2021-09-27 00:00:00-04:00,NVDA,21.665371157592627,21.75418890615817,21.28116425373178,21.615474700927734,245215000,-0.019066036850675427,0.9809339631493246,AI_Core
2021-09-28 00:00:00-04:00,NVDA,21.170394880020993,21.374973422098716,20.608550508955098,20.656452178955078,343069000,-0.04436740507630377,0.9556325949236962,AI_Core
2021-09-29 00:00:00-04:00,NVDA,20.8969576569864,20.973799045887088,20.424928447373038,20.47482681274414,218394000,-0.008792669943388343,0.9912073300566117,AI_Core
2021-09-30 00:00:00-04:00,NVDA,20.725309293039082,21.022697064179454,20.645473815850814,20.673416137695312,221009000,0.009699194370111242,1.0096991943701112,AI_Core
2021-10-01 00:00:00-04:00,NVDA,20.707348593286746,20.816123798789594,20.161472062841753,20.699365615844727,240978000,0.0012552099748091017,1.001255209974809,AI_Core
2021-10-04 00:00:00-04:00,NVDA,20.461851089635363,20.499773082317855,19.514802475612257,19.691438674926758,345635000,-0.048693615042309846,0.9513063849576902,AI_Core
2021-10-05 00:00:00-04:00,NVDA,19.9089926262976,20.605557809774158,19.813189288670248,20.40896224975586,279282000,0.036438352051073375,1.0364383520510734,AI_Core
2021-10-06 00:00:00-04:00,NVDA,20.07864575757577,20.677410981952494,20.038727060788936,20.657453536987305,297202000,0.012175596396843735,1.0121755963968437,AI_Core
2021-10-07 00:00:00-04:00,NVDA,21.048644411788743,21.278173092978495,20.928892137925292,21.031681060791016,256919000,0.018115859398335488,1.0181158593983355,AI_Core
2021-10-08 00:00:00-04:00,NVDA,21.057622913257926,21.16240660995784,20.732292851994423,20.788177490234375,151258000,-0.011577941385322754,0.9884220586146772,AI_Core
2021-10-11 00:00:00-04:00,NVDA,20.532705933838944,21.019701745235178,20.468836413759362,20.65245819091797,163388000,-0.006528677147391249,0.9934713228526088,AI_Core
2021-10-12 00:00:00-04:00,NVDA,20.78519023469679,21.01371965033618,20.485807601821623,20.62851333618164,162134000,-0.0011594191119999042,0.9988405808880001,AI_Core
2021-10-13 00:00:00-04:00,NVDA,20.87500311019732,20.946855619421928,20.670424556091195,20.895959854125977,180652000,0.012964895413730249,1.0129648954137302,AI_Core
2021-10-14 00:00:00-04:00,NVDA,21.24424093983298,21.710280040317638,21.07858180049667,21.7012996673584,243589000,0.03854045561220798,1.038540455612208,AI_Core
2021-10-15 00:00:00-04:00,NVDA,21.76516541213315,21.885916965982197,21.617470838300605,21.817058563232422,226994000,0.005334191852488068,1.005334191852488,AI_Core
2021-10-18 00:00:00-04:00,NVDA,21.70429374523038,22.245179438302365,21.599508134493956,22.176321029663086,189494000,0.01646704414297706,1.016467044142977,AI_Core
2021-10-19 00:00:00-04:00,NVDA,22.230205709624432,22.332994609355918,21.991698611888154,22.244178771972656,161473000,0.0030599188304860636,1.003059918830486,AI_Core
2021-10-20 00:00:00-04:00,NVDA,22.259150122667332,22.38688726459648,21.936814127495424,22.057565689086914,146276000,-0.008389299726401789,0.9916107002735982,AI_Core
2021-10-21 00:00:00-04:00,NVDA,22.05158081081339,22.66431908339026,22.037609648043592,22.645357131958008,187590000,0.02664806493863936,1.0266480649386394,AI_Core
2021-10-22 00:00:00-04:00,NVDA,22.776085781397935,23.08245393094305,22.514625207539453,22.679285049438477,249384000,0.001498228413125302,1.0014982284131253,AI_Core
2021-10-25 00:00:00-04:00,NVDA,22.92577932097551,23.306994101972588,22.72319746404904,23.118383407592773,230235000,0.01936120813319775,1.0193612081331977,AI_Core
2021-10-26 00:00:00-04:00,NVDA,23.939688832608766,25.207078693379014,23.874821912832736,24.66619110107422,485898000,0.06695138090724373,1.0669513809072437,AI_Core
2021-10-27 00:00:00-04:00,NVDA,24.42369310756561,25.038426104852544,24.23208643543216,24.400739669799805,245990000,-0.010761751994326052,0.989238248005674,AI_Core
2021-10-28 00:00:00-04:00,NVDA,24.826856427373563,24.898708913322942,24.472586688046153,24.889726638793945,234204000,0.020039842054433654,1.0200398420544337,AI_Core
2021-10-29 00:00:00-04:00,NVDA,24.94960969141113,25.656154574337645,24.94861229510661,25.514446258544922,292503000,0.025099497026105144,1.0250994970261051,AI_Core
2021-11-01 00:00:00-04:00,NVDA,25.59627881018903,25.84077414831852,25.17514534532995,25.77391242980957,265740000,0.010169382812991845,1.0101693828129918,AI_Core
2021-11-02 00:00:00-04:00,NVDA,25.768919034563826,26.623158377452754,25.746962995391332,26.34672737121582,294112000,0.022224601832034896,1.022224601832035,AI_Core
2021-11-03 00:00:00-04:00,NVDA,26.61517983790427,26.728945830452645,26.18107451423238,26.54332733154297,239910000,0.0074620258355857505,1.0074620258355858,AI_Core
2021-11-04 00:00:00-04:00,NVDA,27.173030468903853,31.300528538400503,27.062258570177605,29.739744186401367,1153631000,0.12042261374895191,1.120422613748952,AI_Core
2021-11-05 00:00:00-04:00,NVDA,30.12495081284974,31.335456833245594,29.34954751211164,29.690845489501953,851260000,-0.0016442204947335615,0.9983557795052664,AI_Core
2021-11-08 00:00:00-05:00,NVDA,30.087030149356973,31.036075621512847,29.845526991670436,30.740684509277344,503101000,0.0353590139474671,1.035359013947467,AI_Core
2021-11-09 00:00:00-05:00,NVDA,32.21564634517442,32.24358866979207,29.902410166166877,30.593984603881836,646746000,-0.0047721743265422,0.9952278256734578,AI_Core
2021-11-10 00:00:00-05:00,NVDA,29.29566001580233,30.786588600174127,28.7188470671738,29.398447036743164,636206000,-0.0390775370589348,0.9609224629410652,AI_Core
2021-11-11 00:00:00-05:00,NVDA,30.40537632791056,30.527125309619542,29.715796628076674,30.32753562927246,332172000,0.031603322153993085,1.031603322153993,AI_Core
2021-11-12 00:00:00-05:00,NVDA,29.948317520726917,30.616940475432905,29.569097508753114,30.32753562927246,413054000,0.0,1.0,AI_Core
2021-11-15 00:00:00-05:00,NVDA,30.48919684042176,30.581006779573574,29.186879115830916,29.963279724121094,384909000,-0.012010732082028519,0.9879892679179715,AI_Core
2021-11-16 00:00:00-05:00,NVDA,29.697831126511854,30.32753271977368,29.644938667134358,30.14091682434082,264484000,0.005928493204190977,1.005928493204191,AI_Core
2021-11-17 00:00:00-05:00,NVDA,30.355472726652906,30.446287176657105,28.74079861985027,29.200851440429688,428508000,-0.031189010917941462,0.9688109890820585,AI_Core
2021-11-18 00:00:00-05:00,NVDA,32.300468889918044,32.692658808729135,31.25661755420569,31.60988998413086,781711000,0.08249891441061763,1.0824989144106176,AI_Core
2021-11-19 00:00:00-05:00,NVDA,32.17672282311157,33.01998709870693,31.839418254930216,32.917198181152344,533867000,0.041357568712760306,1.0413575687127603,AI_Core
2021-11-22 00:00:00-05:00,NVDA,33.44810039838388,34.575778624471646,31.834425645300712,31.890310287475586,754335000,-0.03119609050641292,0.9688039094935871,AI_Core
2021-11-23 00:00:00-05:00,NVDA,31.470179349441892,32.29348431531338,30.816525023059096,31.68074607849121,532163000,-0.006571407022862297,0.9934285929771377,AI_Core
2021-11-24 00:00:00-05:00,NVDA,31.39633955445472,32.787473607987316,30.86443406990238,32.60684585571289,435162000,0.029232259080237633,1.0292322590802376,AI_Core
2021-11-26 00:00:00-05:00,NVDA,32.532987132035885,32.64276162923178,31.285558488884924,31.438243865966797,283069000,-0.0358391607368963,0.9641608392631037,AI_Core
2021-11-29 00:00:00-05:00,NVDA,32.29946994005568,33.34331741870342,31.97014645706555,33.30739212036133,454964000,0.059454601292725506,1.0594546012927255,AI_Core
2021-11-30 00:00:00-05:00,NVDA,33.100816111812016,33.284439797778,31.798500284928068,32.608829498291016,622066000,-0.02097320077014586,0.9790267992298541,AI_Core
2021-12-01 00:00:00-05:00,NVDA,33.154776861217016,33.22464122012574,31.319329740346443,31.374223709106445,484368000,-0.0378610887964953,0.9621389112035047,AI_Core
2021-12-02 00:00:00-05:00,NVDA,31.15365672304559,32.415213053889744,30.965021023061166,32.06389236450195,472890000,0.0219820149747747,1.0219820149747747,AI_Core
2021-12-03 00:00:00-05:00,NVDA,31.9381356119685,32.06688783545897,30.07174997453315,30.633663177490234,544325000,-0.04460560092807475,0.9553943990719252,AI_Core
2021-12-06 00:00:00-05:00,NVDA,29.82222966105633,30.182531770501555,27.983791897824226,29.978927612304688,658938000,-0.021373074496250588,0.9786269255037494,AI_Core
2021-12-07 00:00:00-05:00,NVDA,30.897148284520917,32.38626422162918,30.591738246734344,32.36430358886719,593053000,0.07956842244028217,1.0795684224402822,AI_Core
2021-12-08 00:00:00-05:00,NVDA,31.937135010758553,32.22757276894839,31.36025147158854,31.764469146728516,475551000,-0.018533828187948576,0.9814661718120514,AI_Core
2021-12-09 00:00:00-05:00,NVDA,31.672647606673255,32.14273959159787,30.369172752689572,30.431053161621094,488507000,-0.04197822349707847,0.9580217765029215,AI_Core
2021-12-10 00:00:00-05:00,NVDA,31.08977904315852,31.24448007552964,29.803271437379514,30.139619827270508,488825000,-0.009576840236279915,0.9904231597637201,AI_Core
2021-12-13 00:00:00-05:00,NVDA,30.190518430638814,30.235431505717692,28.06164095629319,28.10655403137207,598344000,-0.06745492503057082,0.9325450749694292,AI_Core
2021-12-14 00:00:00-05:00,NVDA,27.64544809567348,28.62255545688328,27.197316754829743,28.282215118408203,667035000,0.00624982652943018,1.0062498265294302,AI_Core
2021-12-15 00:00:00-05:00,NVDA,28.345089318946364,30.441029430992792,27.784175650057957,30.400108337402344,698297000,0.07488427657194552,1.0748842765719455,AI_Core
2021-12-16 00:00:00-05:00,NVDA,31.091776844328315,31.099760799877707,28.038690540501786,28.332120895385742,707366000,-0.0680256602728051,0.9319743397271949,AI_Core
2021-12-17 00:00:00-05:00,NVDA,27.930895789317223,28.866084513821278,27.706330412496648,27.747251510620117,713758000,-0.02064333224205883,0.9793566677579412,AI_Core
2021-12-20 00:00:00-05:00,NVDA,27.25221181922181,28.089588585739136,27.09252129792592,27.6654109954834,461847000,-0.0029494998848946796,0.9970505001151053,AI_Core
2021-12-21 00:00:00-05:00,NVDA,28.319140617374146,29.063698547231173,27.348020394547447,29.01878547668457,524385000,0.048919370163057474,1.0489193701630575,AI_Core
2021-12-22 00:00:00-05:00,NVDA,28.835142056766554,29.49785781843981,28.39399529208839,29.343156814575195,395184000,0.0111779777327774,1.0111779777327774,AI_Core
2021-12-23 00:00:00-05:00,NVDA,29.697474358812528,30.000887493948582,29.37410133609741,29.58269691467285,343022000,0.008163405921569833,1.0081634059215698,AI_Core
2021-12-27 00:00:00-05:00,NVDA,29.60265640931932,31.02689755121152,29.582694619627713,30.88517189025879,403686000,0.04402827028728118,1.0440282702872812,AI_Core
2021-12-28 00:00:00-05:00,NVDA,31.251465890177478,31.269430741139406,29.953977992076766,30.26338005065918,420591000,-0.020132374260663388,0.9798676257393366,AI_Core
2021-12-29 00:00:00-05:00,NVDA,30.214470446589925,30.488938376760974,29.309222561431618,29.942995071411133,343139000,-0.010586556383052392,0.9894134436169476,AI_Core
2021-12-30 00:00:00-05:00,NVDA,29.769330409557224,30.398113396990578,29.482886560839695,29.528797149658203,308864000,-0.013832882140384029,0.986167117859616,AI_Core
2021-12-31 00:00:00-05:00,NVDA,29.616631360255656,29.97194400779478,29.274294067292963,29.35413932800293,266530000,-0.005914830217095268,0.9940851697829047,AI_Core
2022-01-03 00:00:00-05:00,NVDA,29.75735697767053,30.651624582903967,29.727414293582168,30.06276512145996,391547000,0.024140574708692686,1.0241405747086927,AI_Core
2022-01-04 00:00:00-05:00,NVDA,30.218461013461415,30.40909170709116,28.294189229744042,29.233369827270508,527154000,-0.02758878934916731,0.9724112106508327,AI_Core
2022-01-05 00:00:00-05:00,NVDA,28.893035464509694,29.35913362383402,27.479774400893643,27.550636291503906,498064000,-0.05756207873773256,0.9424379212622674,AI_Core
2022-01-06 00:00:00-05:00,NVDA,27.586558093988483,28.38301551460159,27.0126709853052,28.123517990112305,454186000,0.020793773782461278,1.0207937737824613,AI_Core
2022-01-07 00:00:00-05:00,NVDA,28.086591263743465,28.367048098700508,27.004685595633504,27.194318771362305,409939000,-0.03303993544039152,0.9669600645596085,AI_Core
2022-01-10 00:00:00-05:00,NVDA,26.52960811483407,27.415891757825346,25.594419420833177,27.34702491760254,594681000,0.005615369427861783,1.0056153694278618,AI_Core
2022-01-11 00:00:00-05:00,NVDA,27.27017541907624,28.010741462593767,26.787111899859354,27.763219833374023,404089000,0.015219019876037354,1.0152190198760374,AI_Core
2022-01-12 00:00:00-05:00,NVDA,28.012739330750005,28.539718460854097,27.554627051101964,27.94487190246582,383413000,0.0065429035314352735,1.0065429035314353,AI_Core
2022-01-13 00:00:00-05:00,NVDA,28.324131697586143,28.42493625647017,26.446767908799874,26.52362060546875,540171000,-0.050859109390716584,0.9491408906092834,AI_Core
2022-01-14 00:00:00-05:00,NVDA,26.24915265168228,27.1444197184354,26.159326499116265,26.889911651611328,395832000,0.013809994178059393,1.0138099941780594,AI_Core
2022-01-18 00:00:00-05:00,NVDA,26.20922874593393,26.586498173895528,25.72017634780918,25.85291862487793,424270000,-0.038564389506696606,0.9614356104933034,AI_Core
2022-01-19 00:00:00-05:00,NVDA,26.02858007768311,26.49168179020978,25.003565223757168,25.018535614013672,488315000,-0.032274228800663995,0.967725771199336,AI_Core
2022-01-20 00:00:00-05:00,NVDA,25.25507979883061,25.529547751569282,24.031448328745114,24.103309631347656,435181000,-0.03658191657521992,0.9634180834247801,AI_Core
2022-01-21 00:00:00-05:00,NVDA,23.46155777459071,24.775013754232937,23.218029977228078,23.328815460205078,718958000,-0.032132274902833546,0.9678677250971665,AI_Core
2022-01-24 00:00:00-05:00,NVDA,22.286829332930466,23.33479860637558,20.847617715138355,23.326814651489258,913982000,-8.576555115857865e-05,0.9999142344488414,AI_Core
2022-01-25 00:00:00-05:00,NVDA,22.50240891802153,22.898642619197854,21.957465030730408,22.280838012695312,664616000,-0.044840097305234417,0.9551599026947656,AI_Core
2022-01-26 00:00:00-05:00,NVDA,23.195069558309832,24.010489477432596,22.256886340278513,22.72797393798828,755959000,0.02006818258084353,1.0200681825808435,AI_Core
2022-01-27 00:00:00-05:00,NVDA,23.522437945377376,23.948612493124184,21.633096035086837,21.90157699584961,573353000,-0.036360343618548674,0.9636396563814513,AI_Core
2022-01-28 00:00:00-05:00,NVDA,21.969441054751794,22.81380606550494,21.2548257675977,22.795841217041016,543774000,0.04083104250259573,1.0408310425025957,AI_Core
2022-01-31 00:00:00-05:00,NVDA,23.137181729796545,24.46161782547409,23.00743389482427,24.438661575317383,564680000,0.07206666964535091,1.072066669645351,AI_Core
2022-02-01 00:00:00-05:00,NVDA,25.05546307837745,25.09638417294611,23.84380957085844,24.590364456176758,518925000,0.006207495463360191,1.0062074954633602,AI_Core
2022-02-02 00:00:00-05:00,NVDA,25.744131998569852,25.767086343817308,24.505530149134337,25.193199157714844,543419000,0.024515077953090714,1.0245150779530907,AI_Core
2022-02-03 00:00:00-05:00,NVDA,24.410713264329317,25.028515976458163,23.734024607139915,23.90169906616211,410178000,-0.05126383844575144,0.9487361615542486,AI_Core
2022-02-04 00:00:00-05:00,NVDA,23.925652956622258,24.58737122731306,23.58631015608026,24.271982192993164,354829000,0.015491916528865834,1.0154919165288658,AI_Core
2022-02-07 00:00:00-05:00,NVDA,24.324880318773864,25.133313778359717,24.155208910844877,24.680192947387695,376868000,0.016818187783294247,1.0168181877832942,AI_Core
2022-02-08 00:00:00-05:00,NVDA,24.311905294054206,25.18122165390177,23.933638315079907,25.059457778930664,410359000,0.015367174492981972,1.015367174492982,AI_Core
2022-02-09 00:00:00-05:00,NVDA,25.5724671951491,26.673335511065854,25.30398812548044,26.65337371826172,524282000,0.06360536422584451,1.0636053642258445,AI_Core
2022-02-10 00:00:00-05:00,NVDA,25.944745396249605,26.872945852936223,25.55050858235371,25.77407455444336,513200000,-0.03299016376361774,0.9670098362363823,AI_Core
2022-02-11 00:00:00-05:00,NVDA,25.865896651576726,26.10144045086066,23.727040089477473,23.902698516845703,605472000,-0.07260691489212123,0.9273930851078788,AI_Core
2022-02-14 00:00:00-05:00,NVDA,23.887726864389506,24.826907552973196,23.709072083831487,24.220083236694336,440424000,0.013278196167890943,1.013278196167891,AI_Core
2022-02-15 00:00:00-05:00,NVDA,24.900764591183574,26.49367965605607,24.73608458162661,26.443777084350586,699869000,0.0918119820615344,1.0918119820615344,AI_Core
2022-02-16 00:00:00-05:00,NVDA,26.208233700505765,26.530609192134296,25.502599827448215,26.459745407104492,732676000,0.0006038593769328582,1.0006038593769329,AI_Core
2022-02-17 00:00:00-05:00,NVDA,25.580449565020423,25.735150594170214,24.118283550495068,24.45962142944336,810595000,-0.07559120266985242,0.9244087973301476,AI_Core
2022-02-18 00:00:00-05:00,NVDA,24.620307973876027,24.937693968010514,23.055340541376445,23.59629249572754,761255000,-0.035296087317058134,0.9647039126829419,AI_Core
2022-02-22 00:00:00-05:00,NVDA,22.990462982791453,24.01747279961412,22.955530805597544,23.344776153564453,633422000,-0.010659146652323703,0.9893408533476763,AI_Core
2022-02-23 00:00:00-05:00,NVDA,23.755984848582248,24.10830305125006,22.257887203863643,22.343719482421875,566511000,-0.042881399442749824,0.9571186005572502,AI_Core
2022-02-24 00:00:00-05:00,NVDA,20.97436959630377,23.753985005383658,20.84961126769638,23.702085494995117,735801000,0.06079408639380235,1.0607940863938023,AI_Core
2022-02-25 00:00:00-05:00,NVDA,23.675138387578873,24.1701778047602,23.33579559273523,24.110294342041016,528866000,0.01722248648255431,1.0172224864825543,AI_Core
2022-02-28 00:00:00-05:00,NVDA,23.945616436590047,24.61731564927492,23.661167584235766,24.33785629272461,477319000,0.009438372981071197,1.0094383729810712,AI_Core
2022-03-01 00:00:00-05:00,NVDA,24.244039418095717,24.3298735989293,23.08727967661712,23.431612014770508,412056000,-0.037235994290302665,0.9627640057096973,AI_Core
2022-03-02 00:00:00-05:00,NVDA,23.714113121544962,24.365961607628535,23.373714780503384,24.17729377746582,389642000,0.031823749993182604,1.0318237499931826,AI_Core
2022-03-03 00:00:00-05:00,NVDA,24.219219994125485,24.283108229788855,23.427618955251905,23.67218780517578,365095000,-0.02089174979380104,0.979108250206199,AI_Core
2022-03-04 00:00:00-05:00,NVDA,23.342769336842796,23.63824694769257,22.442359346497184,22.895559310913086,431415000,-0.03280763487745264,0.9671923651225474,AI_Core
2022-03-07 00:00:00-05:00,NVDA,22.77676302621287,22.992383631131677,21.292385748895306,21.314346313476562,450821000,-0.06906199477218466,0.9309380052278153,AI_Core
2022-03-08 00:00:00-05:00,NVDA,21.271422452705348,22.333545309074008,20.613584176611923,21.47606086730957,557467000,0.0075871223754471195,1.0075871223754471,AI_Core
2022-03-09 00:00:00-05:00,NVDA,22.34752397571556,23.179055323683137,22.207771447985007,22.973419189453125,492742000,0.06972220517510275,1.0697222051751027,AI_Core
2022-03-10 00:00:00-05:00,NVDA,22.491272744824204,22.74781956359875,21.843416915189174,22.61804962158203,428066000,-0.015468727791039472,0.9845312722089605,AI_Core
2022-03-11 00:00:00-05:00,NVDA,22.981404553858948,23.104188764046526,22.00712570703421,22.061031341552734,367209000,-0.02462715792690595,0.975372842073094,AI_Core
2022-03-14 00:00:00-04:00,NVDA,21.83043806016922,22.22274473627401,21.12169091105155,21.292388916015625,385354000,-0.03484163607933166,0.9651583639206683,AI_Core
2022-03-15 00:00:00-04:00,NVDA,21.48005697889036,22.997377221162406,21.284403438506185,22.932491302490234,491996000,0.07702763616350072,1.0770276361635007,AI_Core
2022-03-16 00:00:00-04:00,NVDA,23.458564260775105,24.553630127058703,23.131143481350605,24.452808380126953,671422000,0.06629532995709142,1.0662953299570914,AI_Core
2022-03-17 00:00:00-04:00,NVDA,24.077467438937035,24.798192476295053,23.863844107563466,24.722328186035156,471941000,0.01102203892977971,1.0110220389297797,AI_Core
2022-03-18 00:00:00-04:00,NVDA,24.75527383800032,26.522153405836594,24.580583162078188,26.406356811523438,730719000,0.0681177198529197,1.0681177198529197,AI_Core
2022-03-21 00:00:00-04:00,NVDA,26.460262007525532,27.10412518053831,25.921213238309566,26.686861038208008,591727000,0.010622602303175688,1.0106226023031757,AI_Core
2022-03-22 00:00:00-04:00,NVDA,26.679871236174723,27.189971767703643,26.026027424283942,26.477230072021484,547007000,-0.007855212566453273,0.9921447874335467,AI_Core
2022-03-23 00:00:00-04:00,NVDA,26.079931563168326,26.56507466192013,25.529904449568786,25.58880043029785,502120000,-0.033554478293499335,0.9664455217065007,AI_Core
2022-03-24 00:00:00-04:00,NVDA,26.11986190750109,28.270063093192512,25.86131782488274,28.10036277770996,877379000,0.09815084354006487,1.0981508435400649,AI_Core
2022-03-25 00:00:00-04:00,NVDA,27.83682948218481,28.307997346511723,27.22291411401015,27.643171310424805,579016000,-0.016269948929193645,0.9837300510708064,AI_Core
2022-03-28 00:00:00-04:00,NVDA,27.7070580201299,28.200186425941997,27.158026699534492,28.169240951538086,425494000,0.019030726800686848,1.0190307268006868,AI_Core
2022-03-29 00:00:00-04:00,NVDA,28.644401446440966,28.894958306684245,27.930662062478252,28.605470657348633,488984000,0.015486029835203308,1.0154860298352033,AI_Core
2022-03-30 00:00:00-04:00,NVDA,28.254090010683303,28.445750877229376,27.454501887834226,27.641172409057617,463487000,-0.03371027380887692,0.9662897261911231,AI_Core
2022-03-31 00:00:00-04:00,NVDA,27.73301213113302,28.19819004641193,27.221915798943442,27.237886428833008,523440000,-0.014590046118755029,0.985409953881245,AI_Core
2022-04-01 00:00:00-04:00,NVDA,27.326725030544928,27.447511940176994,26.220679152437228,26.664894104003906,517235000,-0.021036592774047014,0.978963407225953,AI_Core
2022-04-04 00:00:00-04:00,NVDA,26.680872446951916,27.509408871839586,26.566075449381483,27.311758041381836,397120000,0.024259010174759954,1.02425901017476,AI_Core
2022-04-05 00:00:00-04:00,NVDA,27.205943962554,27.27082988410383,25.774472454795866,25.885276794433594,436615000,-0.0522295651853274,0.9477704348146726,AI_Core
2022-04-06 00:00:00-04:00,NVDA,24.89003332893193,25.25538717602562,23.960675226004746,24.363962173461914,703833000,-0.05877142566614646,0.9412285743338535,AI_Core
2022-04-07 00:00:00-04:00,NVDA,24.397902669017775,24.678407313051004,23.436601401606985,24.165313720703125,557992000,-0.008153372236604617,0.9918466277633954,AI_Core
2022-04-08 00:00:00-04:00,NVDA,23.87482496633448,23.880814903915528,23.021333116459182,23.078231811523438,524781000,-0.0449852181413376,0.9550147818586624,AI_Core
2022-04-11 00:00:00-04:00,NVDA,22.17483029611759,22.280642378826183,21.621806322763018,21.878353118896484,575207000,-0.05199179479720062,0.9480082052027994,AI_Core
2022-04-12 00:00:00-04:00,NVDA,22.497261070505825,22.684929295161435,21.24447295091747,21.466081619262695,662258000,-0.018843808644705917,0.9811561913552941,AI_Core
2022-04-13 00:00:00-04:00,NVDA,21.689682361371347,22.460320265865665,21.41716309291384,22.163843154907227,516943000,0.0325053052541453,1.0325053052541453,AI_Core
2022-04-14 00:00:00-04:00,NVDA,22.465317170334803,22.736838829968864,21.125684399232618,21.220516204833984,569097000,-0.0425615243475671,0.9574384756524329,AI_Core
2022-04-18 00:00:00-04:00,NVDA,21.162620442615285,22.049053284387142,21.041833503143277,21.744592666625977,525701000,0.024696687711706522,1.0246966877117065,AI_Core
2022-04-19 00:00:00-04:00,NVDA,21.681699582090733,22.33354799958623,21.276415360813395,22.158857345581055,512781000,0.01905138832933395,1.019051388329334,AI_Core
2022-04-20 00:00:00-04:00,NVDA,22.477295203987705,22.630025292014682,21.162618078582742,21.444120407104492,468974000,-0.032255135151140646,0.9677448648488594,AI_Core
2022-04-21 00:00:00-04:00,NVDA,21.670719581173074,22.352515792807566,19.964733471590826,20.147411346435547,656209000,-0.06046921188893073,0.9395307881110693,AI_Core
2022-04-22 00:00:00-04:00,NVDA,20.267195583446924,20.449873430371632,19.465612159726646,19.4805850982666,624713000,-0.03309736604384761,0.9669026339561524,AI_Core
2022-04-25 00:00:00-04:00,NVDA,19.168136991505488,19.909826743543505,19.062324927513657,19.86690330505371,641566000,0.019830934483661133,1.0198309344836611,AI_Core
2022-04-26 00:00:00-04:00,NVDA,19.683233812845796,19.753110084844213,18.637081301820754,18.754873275756836,653143000,-0.05597399917952983,0.9440260008204702,AI_Core
2022-04-27 00:00:00-04:00,NVDA,18.565204266444386,19.133201147980134,18.257748727324,18.38252830505371,499460000,-0.01985323842120701,0.980146761578793,AI_Core
2022-04-28 00:00:00-04:00,NVDA,18.933560038569926,20.00167521685804,18.45740171039917,19.74712371826172,570327000,0.07423328230822612,1.0742332823082261,AI_Core
2022-04-29 00:00:00-04:00,NVDA,19.367789431189383,20.092509128467537,18.484349698064364,18.514297485351562,500435000,-0.06243067347423692,0.9375693265257631,AI_Core
2022-05-02 00:00:00-04:00,NVDA,18.508306677557925,19.53948420995558,18.35857155612756,19.498558044433594,572049000,0.05316218775574799,1.053162187755748,AI_Core
2022-05-03 00:00:00-04:00,NVDA,19.365792728207555,19.790044492832212,19.099263315754698,19.56743621826172,475751000,0.003532475256435186,1.0035324752564352,AI_Core
2022-05-04 00:00:00-04:00,NVDA,19.887870698989126,20.364028903111393,18.717936368444736,20.298145294189453,648855000,0.037343117809464754,1.0373431178094648,AI_Core
2022-05-05 00:00:00-04:00,NVDA,19.83196878609108,19.889865173375625,18.467378659821374,18.810771942138672,626331000,-0.07327631813122137,0.9267236818687786,AI_Core
2022-05-06 00:00:00-04:00,NVDA,18.702962121693464,19.47759284066745,17.958277283967274,18.64206886291504,633297000,-0.008968429352211538,0.9910315706477885,AI_Core
2022-05-09 00:00:00-04:00,NVDA,18.002192695922037,18.222801670539557,16.797320826610147,16.92010498046875,644455000,-0.09236978444338972,0.9076302155566103,AI_Core
2022-05-10 00:00:00-04:00,NVDA,17.657808494966158,18.16591176162213,16.994979755458832,17.563974380493164,761474000,0.03805351094261211,1.0380535109426121,AI_Core
2022-05-11 00:00:00-04:00,NVDA,17.316412260690328,17.72169650040984,16.538786536925784,16.600675582885742,670167000,-0.054845149323223596,0.9451548506767764,AI_Core
2022-05-12 00:00:00-04:00,NVDA,16.190399781878746,16.75839666865511,15.539550023935458,16.14647674560547,708728000,-0.02736026223827448,0.9726397377617255,AI_Core
2022-05-13 00:00:00-04:00,NVDA,16.758399254402644,17.896388580108713,16.5637433859514,17.674779891967773,670437000,0.09465242296764576,1.0946524229676458,AI_Core
2022-05-16 00:00:00-04:00,NVDA,17.478125554261457,17.75663289781755,17.07583632290922,17.233556747436523,521446000,-0.02496343078828167,0.9750365692117183,AI_Core
2022-05-17 00:00:00-04:00,NVDA,18.042129937144267,18.33860712731935,17.60290714990144,18.144948959350586,585830000,0.05288474255609654,1.0528847425560965,AI_Core
2022-05-18 00:00:00-04:00,NVDA,17.67378227574179,18.08605417628394,16.834265532095618,16.90813446044922,545161000,-0.06816301890251408,0.9318369810974859,AI_Core
2022-05-19 00:00:00-04:00,NVDA,16.90713289482446,17.655810314998515,16.704489852561316,17.09380340576172,621310000,0.010981042630504811,1.0109810426305048,AI_Core
2022-05-20 00:00:00-04:00,NVDA,17.301439650730654,17.379301231839957,15.727219718341468,16.66456413269043,739105000,-0.025110811378970643,0.9748891886210294,AI_Core
2022-05-23 00:00:00-04:00,NVDA,16.245303880807757,16.885174338377944,16.150472081742095,16.86820411682129,639889000,0.012219940618271918,1.012219940618272,AI_Core
2022-05-24 00:00:00-04:00,NVDA,16.48089009745048,16.56773659401327,15.75217672510654,16.125516891479492,588550000,-0.04402882608001968,0.9559711739199803,AI_Core
2022-05-25 00:00:00-04:00,NVDA,15.991752387255069,17.08082823067403,15.971787196303193,16.945068359375,781132000,0.05082326807945914,1.0508232680794591,AI_Core
2022-05-26 00:00:00-04:00,NVDA,16.00772445863074,18.060099054501247,15.993749204502766,17.81952476501465,996575000,0.05160536311178987,1.0516053631117899,AI_Core
2022-05-27 00:00:00-04:00,NVDA,18.153937760271816,18.84771212690518,18.068088941958155,18.777835845947266,738379000,0.05377871147350044,1.0537787114735004,AI_Core
2022-05-31 00:00:00-04:00,NVDA,18.946531790942434,19.166145079805915,18.317643518254673,18.639076232910156,664100000,-0.007389542339995336,0.9926104576600047,AI_Core
2022-06-01 00:00:00-04:00,NVDA,18.690983767171357,19.01940218977042,18.09004412210462,18.287694931030273,544514000,-0.01885186247907855,0.9811481375209214,AI_Core
2022-06-02 00:00:00-04:00,NVDA,18.259744381633755,19.584404063861257,18.165910274840577,19.557451248168945,648656000,0.06943227792936169,1.0694322779293617,AI_Core
2022-06-03 00:00:00-04:00,NVDA,19.048355791835018,19.297914997640287,18.489341799961554,18.686992645263672,598779000,-0.044507773117254734,0.9554922268827453,AI_Core
2022-06-06 00:00:00-04:00,NVDA,19.10525257728722,19.302903402711614,18.53126570006665,18.75287437438965,422406000,0.003525539415389911,1.00352553941539,AI_Core
2022-06-07 00:00:00-04:00,NVDA,18.43942965955534,18.96649855003817,18.15593002204157,18.892629623413086,388914000,0.007452470817716161,1.0074524708177162,AI_Core
2022-06-08 00:00:00-04:00,NVDA,18.76982140154583,19.15023056017206,18.50623122330773,18.619056701660156,363252000,-0.014480404644883205,0.9855195953551168,AI_Core
2022-06-09 00:00:00-04:00,NVDA,18.45231168223878,18.90360967908765,18.012994188635677,18.019983291625977,395574000,-0.032175282541610395,0.9678247174583896,AI_Core
2022-06-10 00:00:00-04:00,NVDA,17.572678573964275,17.669528115431987,16.84281246150541,16.947650909423828,465248000,-0.059507956519608385,0.9404920434803916,AI_Core
2022-06-13 00:00:00-04:00,NVDA,15.975163876009786,16.28667984582384,15.581775412240182,15.622712135314941,604153000,-0.07817831398522301,0.921821686014777,AI_Core
2022-06-14 00:00:00-04:00,NVDA,15.70658292230231,16.041062986887717,15.38807781748765,15.811420440673828,469680000,0.012079100205163007,1.012079100205163,AI_Core
2022-06-15 00:00:00-04:00,NVDA,16.070014185322673,16.841814932140252,15.901276860613777,16.501344680786133,563936000,0.043634551538299426,1.0436345515382994,AI_Core
2022-06-16 00:00:00-04:00,NVDA,15.835380002777606,15.917253444550337,15.37709287922616,15.5767822265625,545749000,-0.0560295219637571,0.9439704780362429,AI_Core
2022-06-17 00:00:00-04:00,NVDA,15.62370932462703,15.970170797325055,15.304206366327632,15.85534954071045,630334000,0.017883495454723564,1.0178834954547236,AI_Core
2022-06-21 00:00:00-04:00,NVDA,16.449430556731162,16.981602360727013,16.38153530308175,16.5402889251709,483089000,0.043199261088618046,1.043199261088618,AI_Core
2022-06-22 00:00:00-04:00,NVDA,16.2008152838492,16.636139386270397,16.154887153230657,16.33460807800293,437135000,-0.012435142342342331,0.9875648576576577,AI_Core
2022-06-23 00:00:00-04:00,NVDA,16.493356178297404,16.559253709347978,15.828390615966093,16.199813842773438,463680000,-0.008252064242117552,0.9917479357578824,AI_Core
2022-06-24 00:00:00-04:00,NVDA,16.474388949004762,17.113394941258946,16.284683330908774,17.099416732788086,472153000,0.055531680718414744,1.0555316807184147,AI_Core
2022-06-27 00:00:00-04:00,NVDA,17.285126608804937,17.303098316739902,16.60019067372971,16.84281349182129,427968000,-0.015006549344736442,0.9849934506552636,AI_Core
2022-06-28 00:00:00-04:00,NVDA,16.873766731644636,17.175298000307446,15.92024919879893,15.957192420959473,461149000,-0.05258153997204007,0.9474184600279599,AI_Core
2022-06-29 00:00:00-04:00,NVDA,15.789450876778472,15.795441128330172,15.146450552730412,15.51787281036377,482352000,-0.02753113448821143,0.9724688655117886,AI_Core
2022-06-30 00:00:00-04:00,NVDA,15.337155541620188,15.542836100215856,14.838930531324044,15.135469436645508,686070000,-0.02464277020384331,0.9753572297961567,AI_Core
2022-07-01 00:00:00-04:00,NVDA,14.875872599017027,15.039617581640591,14.369659640512438,14.500455856323242,577610000,-0.04195532771416999,0.95804467228583,AI_Core
2022-07-05 00:00:00-04:00,NVDA,14.152995407536388,14.947759252201296,14.033181805676074,14.940770149230957,651397000,0.030365548315896884,1.0303655483158969,AI_Core
2022-07-06 00:00:00-04:00,NVDA,14.986699419920392,15.29521975828279,14.766041819442789,15.106513023376465,529066000,0.011093328689889548,1.0110933286898895,AI_Core
2022-07-07 00:00:00-04:00,NVDA,15.432007177555999,15.92024744525078,15.365110796634003,15.833382606506348,492903000,0.04811630466972061,1.0481163046697206,AI_Core
2022-07-08 00:00:00-04:00,NVDA,15.406047929888661,16.012106019018525,15.36511120957137,15.813414573669434,467972000,-0.001261134991376256,0.9987388650086237,AI_Core
2022-07-11 00:00:00-04:00,NVDA,15.501899970385464,15.502898821877375,15.014657546488467,15.128480911254883,437321000,-0.043313457648484044,0.956686542351516,AI_Core
2022-07-12 00:00:00-04:00,NVDA,15.244300136553319,15.407047229010848,14.85390726583204,15.058588981628418,458483000,-0.004619890789859027,0.995380109210141,AI_Core
2022-07-13 00:00:00-04:00,NVDA,14.567352563950944,15.35113388131245,14.442546597436209,15.140460968017578,521918000,0.0054368962782000985,1.0054368962782,AI_Core
2022-07-14 00:00:00-04:00,NVDA,15.084547722465837,15.448980906104412,14.705137480469018,15.348137855529785,456235000,0.01371668193926845,1.0137166819392684,AI_Core
2022-07-15 00:00:00-04:00,NVDA,15.63469281563619,15.757501074374188,15.421024308590031,15.737532615661621,385935000,0.025370814609378955,1.025370814609379,AI_Core
2022-07-18 00:00:00-04:00,NVDA,16.276690270416104,16.870765813747397,15.977156799106812,16.07600212097168,670517000,0.021507151951712045,1.021507151951712,AI_Core
2022-07-19 00:00:00-04:00,NVDA,16.460406952090203,17.08343879377703,16.14689523300348,16.965621948242188,702366000,0.0553383745894116,1.0553383745894116,AI_Core
2022-07-20 00:00:00-04:00,NVDA,16.920692343350403,17.90516175903346,16.774919082030355,17.779356002807617,760538000,0.047963703131422175,1.0479637031314222,AI_Core
2022-07-21 00:00:00-04:00,NVDA,17.85723551494267,18.115832315371943,17.517763179344158,18.0219783782959,557049000,0.013646297169029431,1.0136462971690294,AI_Core
2022-07-22 00:00:00-04:00,NVDA,17.86522652815311,17.939111072810018,17.11039945674806,17.292118072509766,536671000,-0.0404983454349892,0.9595016545650108,AI_Core
2022-07-25 00:00:00-04:00,NVDA,16.992582454358388,17.09742092220505,16.623157829488665,16.997575759887695,480748000,-0.01703332763441634,0.9829666723655837,AI_Core
2022-07-26 00:00:00-04:00,NVDA,16.862783963132348,16.8927380811664,16.452422639321977,16.50733757019043,397865000,-0.02884165345826384,0.9711583465417362,AI_Core
2022-07-27 00:00:00-04:00,NVDA,17.005565256978894,17.908163447584748,16.886750467637455,17.76239013671875,569776000,0.07602998128509486,1.0760299812850949,AI_Core
2022-07-28 00:00:00-04:00,NVDA,17.947098395523145,18.11184128131467,17.412929010303365,17.956083297729492,474646000,0.010904678904126497,1.0109046789041265,AI_Core
2022-07-29 00:00:00-04:00,NVDA,17.785352344678618,18.21568315008048,17.664539858114644,18.134809494018555,435460000,0.009953517887258956,1.009953517887259,AI_Core
2022-08-01 00:00:00-04:00,NVDA,18.153777639044684,18.816748460231146,17.96207621952918,18.412376403808594,476469000,0.01530575272277268,1.0153057527227727,AI_Core
2022-08-02 00:00:00-04:00,NVDA,18.093867889937076,18.90860114970087,18.06391377512959,18.49724006652832,489527000,0.004609055390708328,1.0046090553907083,AI_Core
2022-08-03 00:00:00-04:00,NVDA,18.15577686644505,18.93856042640232,18.108848930894748,18.863676071166992,418146000,0.019810307014491046,1.019810307014491,AI_Core
2022-08-04 00:00:00-04:00,NVDA,18.819743818251403,19.24408337841175,18.730881261788387,19.1851749420166,409652000,0.017043277759684283,1.0170432777596843,AI_Core
2022-08-05 00:00:00-04:00,NVDA,18.78079738012871,19.199147517032394,18.637021835643775,18.95952033996582,386068000,-0.01176192569172696,0.988238074308273,AI_Core
2022-08-08 00:00:00-04:00,NVDA,17.47483784250626,18.210693536837958,17.215241131914066,17.765384674072266,981859000,-0.06298343230637382,0.9370165676936262,AI_Core
2022-08-09 00:00:00-04:00,NVDA,17.225219526625484,17.41991651210645,16.69803929354924,17.059476852416992,668263000,-0.0397350147270108,0.9602649852729892,AI_Core
2022-08-10 00:00:00-04:00,NVDA,17.670531610147734,18.08987982144917,17.29012242671847,18.068912506103516,597422000,0.05917154801517288,1.0591715480151729,AI_Core
2022-08-11 00:00:00-04:00,NVDA,18.10285603043002,18.677962127300052,17.848250796763534,17.914148330688477,509327000,-0.008565218043020684,0.9914347819569793,AI_Core
2022-08-12 00:00:00-04:00,NVDA,18.131810749254285,18.688945150127985,17.925131336436703,18.67995834350586,478094000,0.04274889314751751,1.0427488931475175,AI_Core
2022-08-15 00:00:00-04:00,NVDA,18.67197109315223,19.134251734089823,18.584108348581022,19.002456665039062,457666000,0.01726440260747797,1.017264402607478,AI_Core
2022-08-16 00:00:00-04:00,NVDA,18.8906300185085,19.112285523433606,18.472279819564992,18.849693298339844,451240000,-0.008039137748977243,0.9919608622510228,AI_Core
2022-08-17 00:00:00-04:00,NVDA,18.494249352454208,18.658992249502052,18.116835824302285,18.30653953552246,446799000,-0.028814992064895795,0.9711850079351042,AI_Core
2022-08-18 00:00:00-04:00,NVDA,18.27259278693306,18.835716492772463,18.15477592247858,18.743860244750977,415447000,0.023888769823479095,1.023888769823479,AI_Core
2022-08-19 00:00:00-04:00,NVDA,18.37742938799248,18.491252751209018,17.742416940160584,17.8212947845459,441588000,-0.04921960834953587,0.9507803916504641,AI_Core
2022-08-22 00:00:00-04:00,NVDA,17.462850357349936,17.530745594391743,16.93966358559003,17.007558822631836,409593000,-0.045660877716904746,0.9543391222830953,AI_Core
2022-08-23 00:00:00-04:00,NVDA,16.962629795617797,17.43789077526951,16.94365828212294,17.15433120727539,369986000,0.008629832545294258,1.0086298325452943,AI_Core
2022-08-24 00:00:00-04:00,NVDA,16.985589828451506,17.378979191278322,16.868772783841155,17.19526481628418,522661000,0.002386196728638934,1.002386196728639,AI_Core
2022-08-25 00:00:00-04:00,NVDA,16.817850295362327,17.91913857635644,16.806867692314558,17.885190963745117,770691000,0.040123031243320284,1.0401230312433203,AI_Core
2022-08-26 00:00:00-04:00,NVDA,17.82928142778485,17.89617686185633,16.21179527063193,16.234760284423828,769127000,-0.09227917569719324,0.9077208243028068,AI_Core
2022-08-29 00:00:00-04:00,NVDA,15.995133924685081,16.312639207198323,15.742526376842438,15.776473045349121,496132000,-0.028228765380318155,0.9717712346196818,AI_Core
2022-08-30 00:00:00-04:00,NVDA,15.935225659002597,16.014102549024937,15.158433454249854,15.443989753723145,530181000,-0.02107462743226962,0.9789253725677304,AI_Core
2022-08-31 00:00:00-04:00,NVDA,15.360119797456045,15.51587778140862,14.935779319161014,15.07056999206543,573710000,-0.02417896978775791,0.9758210302122421,AI_Core
2022-09-01 00:00:00-04:00,NVDA,14.186941368669402,14.357676385598616,13.249399909112851,13.915364265441895,1178865000,-0.07665308792114334,0.9233469120788567,AI_Core
2022-09-02 00:00:00-04:00,NVDA,14.078112245537563,14.149001175520134,13.56990161470963,13.625815391540527,743157000,-0.02080785442465538,0.9791921455753446,AI_Core
2022-09-06 00:00:00-04:00,NVDA,13.709686328420531,13.757612156734154,13.330276060121674,13.444099426269531,535751000,-0.013336153474074908,0.9866638465259251,AI_Core
2022-09-07 00:00:00-04:00,NVDA,13.545970723388965,13.820626019078334,13.329243169761526,13.696781158447266,512657000,0.018794991331587463,1.0187949913315875,AI_Core
2022-09-08 00:00:00-04:00,NVDA,13.442101543383522,13.990413000100926,13.352215340579692,13.972434997558594,624873000,0.020125446696016125,1.0201254466960161,AI_Core
2022-09-09 00:00:00-04:00,NVDA,14.139223880637113,14.455826240046429,14.108263619948604,14.368935585021973,486612000,0.028377343500446406,1.0283773435004464,AI_Core
2022-09-12 00:00:00-04:00,NVDA,14.350956986689939,14.528732965535994,14.18017123484447,14.486785888671875,484159000,0.00820174208121216,1.0082017420812122,AI_Core
2022-09-13 00:00:00-04:00,NVDA,13.784672429057203,13.904521661666246,13.082554936519514,13.114514350891113,714956000,-0.09472574167426795,0.905274258325732,AI_Core
2022-09-14 00:00:00-04:00,NVDA,13.237359163133265,13.273314216178907,12.896787688730967,13.111517906188965,588507000,-0.00022848308537970485,0.9997715169146203,AI_Core
2022-09-15 00:00:00-04:00,NVDA,12.998656998301417,13.216382707842396,12.77393915688296,12.912764549255371,523625000,-0.015158684017796076,0.9848413159822039,AI_Core
2022-09-16 00:00:00-04:00,NVDA,12.726001122679447,13.195411270329165,12.601158069233653,13.181428909301758,670751000,0.020806106935627566,1.0208061069356276,AI_Core
2022-09-19 00:00:00-04:00,NVDA,12.995663732250092,13.446097722537223,12.993666387993636,13.365199089050293,569685000,0.013941597759470126,1.0139415977594701,AI_Core
2022-09-20 00:00:00-04:00,NVDA,13.198407796353832,13.4660709531129,13.040606184015623,13.159456253051758,524818000,-0.015393922277378902,0.9846060777226211,AI_Core
2022-09-21 00:00:00-04:00,NVDA,13.196410364553508,14.013383142940281,13.09353904887106,13.244349479675293,807679000,0.006451119635269675,1.0064511196352697,AI_Core
2022-09-22 00:00:00-04:00,NVDA,13.053589709999544,13.132490994300221,12.412396524843558,12.545228958129883,759162000,-0.05278632390501903,0.947213676094981,AI_Core
2022-09-23 00:00:00-04:00,NVDA,12.40440501838907,12.595165175770894,12.241609581149898,12.500284194946289,663309000,-0.003582618008296068,0.9964173819917039,AI_Core
2022-09-26 00:00:00-04:00,NVDA,12.475317729313494,12.643107026349453,12.198665076002735,12.212647438049316,547343000,-0.023010417396210903,0.9769895826037891,AI_Core
2022-09-27 00:00:00-04:00,NVDA,12.491297003764968,12.720009577879809,12.242610035621365,12.397415161132812,553854000,0.01512921125585276,1.0151292112558528,AI_Core
2022-09-28 00:00:00-04:00,NVDA,12.39441981803498,12.80690142735448,12.338490366595599,12.720010757446289,542414000,0.026021198138531876,1.0260211981385319,AI_Core
2022-09-29 00:00:00-04:00,NVDA,12.432369035910718,12.48430378537677,11.930999540666457,12.204655647277832,532763000,-0.04051530458547514,0.9594846954145249,AI_Core
2022-09-30 00:00:00-04:00,NVDA,12.07182166189156,12.617136503289938,12.059836647054924,12.123756408691406,565638000,-0.00662855560406328,0.9933714443959367,AI_Core
2022-10-03 00:00:00-04:00,NVDA,12.331498357596713,12.662083111911944,12.089801611564782,12.496291160583496,547478000,0.030727667179540452,1.0307276671795405,AI_Core
2022-10-04 00:00:00-04:00,NVDA,12.862828434100942,13.203400820052057,12.862828434100942,13.150466918945312,584182000,0.052349593167711594,1.0523495931677116,AI_Core
2022-10-05 00:00:00-04:00,NVDA,12.894789072692479,13.304274120258059,12.605153237647787,13.192414283752441,507131000,0.0031898004128430024,1.003189800412843,AI_Core
2022-10-06 00:00:00-04:00,NVDA,13.203403014394121,13.638855501952365,13.086549324737346,13.113515853881836,644157000,-0.00598059067685397,0.994019409323146,AI_Core
2022-10-07 00:00:00-04:00,NVDA,12.489299987372316,12.654092790461354,12.006906595827768,12.06083869934082,672478000,-0.08027421221513253,0.9197257877848675,AI_Core
2022-10-10 00:00:00-04:00,NVDA,12.02188568072584,12.10877633421103,11.393675761746923,11.655346870422363,698699000,-0.03362053328352854,0.9663794667164715,AI_Core
2022-10-11 00:00:00-04:00,NVDA,11.546483912922639,11.831125915365966,11.268833090820673,11.571453094482422,667482000,-0.007197878953979275,0.9928021210460207,AI_Core
2022-10-12 00:00:00-04:00,NVDA,11.564462656173577,11.720265977710053,11.330756245153442,11.48556137084961,492590000,-0.007422725817708087,0.9925772741822919,AI_Core
2022-10-13 00:00:00-04:00,NVDA,10.957224041163421,12.062834393103017,10.79942244062999,11.944982528686523,850103000,0.03999988707586599,1.039999887075866,AI_Core
2022-10-14 00:00:00-04:00,NVDA,12.0418607547837,12.095792850477494,11.189932138993667,11.212903022766113,713432000,-0.06128761629933588,0.9387123837006641,AI_Core
2022-10-17 00:00:00-04:00,NVDA,11.503537321029368,11.932997705589505,11.502539125284484,11.873072624206543,580774000,0.05887588611977246,1.0588758861197725,AI_Core
2022-10-18 00:00:00-04:00,NVDA,12.328500398811965,12.476314329749629,11.603412151905342,11.951973915100098,659362000,0.006645397816626986,1.006645397816627,AI_Core
2022-10-19 00:00:00-04:00,NVDA,11.864085613152273,12.334494942688758,11.819142034502585,12.035869598388672,523131000,0.007019399798269266,1.0070193997982693,AI_Core
2022-10-20 00:00:00-04:00,NVDA,12.097791329296781,12.75296781971056,12.089801000398303,12.178689956665039,652398000,0.011866226790583356,1.0118662267905834,AI_Core
2022-10-21 00:00:00-04:00,NVDA,12.08280991281554,12.48230826375368,11.872075344682253,12.450347900390625,609494000,0.022306007024746943,1.022306007024747,AI_Core
2022-10-24 00:00:00-04:00,NVDA,12.492297925511052,12.69404400097883,12.048855075892607,12.583183288574219,517457000,0.010669210952685582,1.0106692109526856,AI_Core
2022-10-25 00:00:00-04:00,NVDA,12.678061955431058,13.283301022718456,12.648098936943423,13.244349479675293,505482000,0.052543635099190356,1.0525436350991904,AI_Core
2022-10-26 00:00:00-04:00,NVDA,12.852841899654189,13.371189335313101,12.69204380253107,12.879807472229004,532953000,-0.027524342211424857,0.9724756577885751,AI_Core
2022-10-27 00:00:00-04:00,NVDA,13.612886696752097,13.820625721091393,13.105524152883197,13.159456253051758,583113000,0.02171218641472117,1.0217121864147212,AI_Core
2022-10-28 00:00:00-04:00,NVDA,13.087548275085938,13.832611976192785,13.04460203977238,13.816631317138672,521040000,0.04993937830330264,1.0499393783033026,AI_Core
2022-10-31 00:00:00-04:00,NVDA,13.760700262393152,13.820625345662009,13.280304257896672,13.480052947998047,486341000,-0.02436037854778106,0.9756396214522189,AI_Core
2022-11-01 00:00:00-04:00,NVDA,13.793658395771288,13.907515574241362,13.502025221946392,13.525995254516602,432817000,0.0034081695892282937,1.0034081695892283,AI_Core
2022-11-02 00:00:00-04:00,NVDA,13.832607353180377,14.192154917147132,13.194409879465294,13.202399253845215,672628000,-0.02392400666881289,0.9760759933311871,AI_Core
2022-11-03 00:00:00-04:00,NVDA,13.02662341252142,13.7636966949046,12.939732756516582,13.40414810180664,500065000,0.015281226092497269,1.0152812260924973,AI_Core
2022-11-04 00:00:00-04:00,NVDA,13.968439877143796,14.21113480790427,13.679802221837274,14.138226509094238,612576000,0.05476501764320685,1.0547650176432068,AI_Core
2022-11-07 00:00:00-05:00,NVDA,14.210135563074418,14.39390455505636,13.93648037167957,14.28304386138916,410061000,0.010242964504902252,1.0102429645049023,AI_Core
2022-11-08 00:00:00-05:00,NVDA,14.782415387435028,14.872302535108739,14.198149880032776,14.58366584777832,595292000,0.021047473445196196,1.0210474734451962,AI_Core
2022-11-09 00:00:00-05:00,NVDA,14.144217279717736,14.193156492308741,13.741723425961359,13.758702278137207,454414000,-0.056567640691437604,0.9434323593085624,AI_Core
2022-11-10 00:00:00-05:00,NVDA,14.78141849736078,15.753196449879484,14.528735884798065,15.730225563049316,700819000,0.1432928226119763,1.1432928226119763,AI_Core
2022-11-11 00:00:00-05:00,NVDA,15.78715104196188,16.368419993714063,15.462559340470623,16.30649757385254,655487000,0.03663469468339353,1.0366346946833935,AI_Core
2022-11-14 00:00:00-05:00,NVDA,16.197636964580276,16.51923316178462,15.902008144433236,16.274539947509766,527852000,-0.001959809345816743,0.9980401906541833,AI_Core
2022-11-15 00:00:00-05:00,NVDA,16.70100428796189,16.976656817848582,16.361431033277864,16.64507484436035,545876000,0.022767764744544117,1.0227677647445441,AI_Core
2022-11-16 00:00:00-05:00,NVDA,16.14170859646812,16.34145634523152,15.853070937382359,15.890024185180664,649547000,-0.04536180619431174,0.9546381938056883,AI_Core
2022-11-17 00:00:00-05:00,NVDA,15.695268602256101,16.245577368149426,15.51549430312848,15.657316207885742,710894000,-0.014644910201706884,0.9853550897982931,AI_Core
2022-11-18 00:00:00-05:00,NVDA,15.945954045011389,15.981910050388137,15.101016492966707,15.389654159545898,492072000,-0.017095014546939846,0.9829049854530602,AI_Core
2022-11-21 00:00:00-05:00,NVDA,15.127981966089996,15.45756754683471,15.06106570167587,15.297768592834473,404739000,-0.005970606341041851,0.9940293936589581,AI_Core
2022-11-22 00:00:00-05:00,NVDA,15.308753778828079,16.037837664544167,15.103012110863446,16.01786231994629,472866000,0.047071814607596574,1.0470718146075966,AI_Core
2022-11-23 00:00:00-05:00,NVDA,16.07778579296999,16.506247963835023,16.027849338465916,16.49825668334961,427241000,0.029991165725348212,1.0299911657253482,AI_Core
2022-11-25 00:00:00-05:00,NVDA,16.297510910083282,16.466297423181434,16.151694328082346,16.249570846557617,167934000,-0.015073461491417528,0.9849265385085825,AI_Core
2022-11-28 00:00:00-05:00,NVDA,16.005876536577063,16.336462207153392,15.7052557881983,15.807126998901367,303741000,-0.027228032779092137,0.9727719672209079,AI_Core
2022-11-29 00:00:00-05:00,NVDA,15.807127459770173,15.911996118227389,15.500513718012343,15.619363784790039,298384000,-0.011878389673492085,0.9881216103265079,AI_Core
2022-11-30 00:00:00-05:00,NVDA,15.681299942560486,16.91306749227581,15.581400530805857,16.90607452392578,565298000,0.08237920294735224,1.0823792029473522,AI_Core
2022-12-01 00:00:00-05:00,NVDA,16.982002826008905,17.24773568748677,16.618366478545138,17.11786651611328,470977000,0.012527567643675575,1.0125275676436756,AI_Core
2022-12-02 00:00:00-05:00,NVDA,16.642339295101205,16.91606542821989,16.428552620891118,16.859121322631836,371389000,-0.015115504799496193,0.9848844952005038,AI_Core
2022-12-05 00:00:00-05:00,NVDA,16.66231883516899,16.978002762737614,16.455525140941326,16.593387603759766,352255000,-0.015762014744822306,0.9842379852551777,AI_Core
2022-12-06 00:00:00-05:00,NVDA,16.513469290675516,16.556425555356533,15.803179908628083,15.971012115478516,352694000,-0.037507439899748474,0.9624925601002515,AI_Core
2022-12-07 00:00:00-05:00,NVDA,15.75622742232806,16.169813909620327,15.651331932839504,16.103879928588867,372388000,0.008319310770641852,1.0083193107706419,AI_Core
2022-12-08 00:00:00-05:00,NVDA,16.256726814348887,17.161820901316364,15.943039749464951,17.151830673217773,515456000,0.06507442611817438,1.0650744261181744,AI_Core
2022-12-09 00:00:00-05:00,NVDA,17.142840656143218,17.56541801143264,16.95802618094961,16.983999252319336,465338000,-0.009785044179599023,0.990214955820401,AI_Core
2022-12-12 00:00:00-05:00,NVDA,17.019964378211757,17.520462850697957,16.78020459668349,17.517465591430664,457328000,0.03140993656358515,1.0314099365635852,AI_Core
2022-12-13 00:00:00-05:00,NVDA,18.512467050361487,18.77120879861469,17.69328744757466,18.053926467895508,656589000,0.030624343097169993,1.03062434309717,AI_Core
2022-12-14 00:00:00-05:00,NVDA,17.969013028546826,18.2337493318541,17.402580576281,17.656326293945312,496888000,-0.0220229197597116,0.9779770802402884,AI_Core
2022-12-15 00:00:00-05:00,NVDA,17.128851458484657,17.302677220211773,16.68329837585279,16.93504524230957,478542000,-0.040851139678081405,0.9591488603219186,AI_Core
2022-12-16 00:00:00-05:00,NVDA,16.847132391381294,17.023955395876953,16.39358602459837,16.554424285888672,478232000,-0.022475343347177823,0.9775246566528222,AI_Core
2022-12-19 00:00:00-05:00,NVDA,16.55542806937623,16.592389818438555,16.128855034819484,16.23774528503418,354039000,-0.019129568953022202,0.9808704310469778,AI_Core
2022-12-20 00:00:00-05:00,NVDA,16.04793550448502,16.29368979912943,15.83614855958652,16.06891441345215,403260000,-0.010397433179201165,0.9896025668207988,AI_Core
2022-12-21 00:00:00-05:00,NVDA,16.09788497158055,16.610372416442008,16.085895936024823,16.4844970703125,325025000,0.02586252226923591,1.025862522269236,AI_Core
2022-12-22 00:00:00-05:00,NVDA,16.07790496925897,16.12186159180077,14.867117143254697,15.323659896850586,565045000,-0.07041993265008406,0.9295800673499159,AI_Core
2022-12-23 00:00:00-05:00,NVDA,15.180803762657309,15.32366040889023,14.868117043970384,15.190793991088867,349326000,-0.008670637866938447,0.9913293621330616,AI_Core
2022-12-27 00:00:00-05:00,NVDA,15.058926299176873,15.084900321940324,14.04194370104502,14.106879234313965,464902000,-0.0713533971569058,0.9286466028430942,AI_Core
2022-12-28 00:00:00-05:00,NVDA,13.913072868778418,14.247737902630835,13.870115648293575,14.021964073181152,351066000,-0.006019415047253118,0.9939805849527469,AI_Core
2022-12-29 00:00:00-05:00,NVDA,14.387596879617865,14.668315033901369,14.212771707873936,14.588395118713379,354923000,0.04039598465493155,1.0403959846549315,AI_Core
2022-12-30 00:00:00-05:00,NVDA,14.319665531261037,14.61437060536108,14.218766699664881,14.599386215209961,310490000,0.0007534136830775751,1.0007534136830776,AI_Core
2023-01-03 00:00:00-05:00,NVDA,14.836147214679976,14.981002656191748,14.081902182591683,14.30068302154541,401277000,-0.02045998299252849,0.9795400170074715,AI_Core
2023-01-04 00:00:00-05:00,NVDA,14.552432867835895,14.838146156406989,14.226758666083303,14.73425006866455,431324000,0.03031792582675452,1.0303179258267545,AI_Core
2023-01-05 00:00:00-05:00,NVDA,14.476508145483907,14.549435094565505,14.13385075828424,14.250734329223633,389168000,-0.03281576851130108,0.9671842314886989,AI_Core
2023-01-06 00:00:00-05:00,NVDA,14.459525782981146,14.994990027309514,14.019966208080364,14.844141006469727,405044000,0.04164042803248447,1.0416404280324845,AI_Core
2023-01-09 00:00:00-05:00,NVDA,15.268716532503397,16.039943899153194,15.1258589291099,15.612372398376465,504231000,0.05175317262022161,1.0517531726202216,AI_Core
2023-01-10 00:00:00-05:00,NVDA,15.491491850303234,15.9460367412462,15.456527005264633,15.89309024810791,384101000,0.017980473599299884,1.0179804735992999,AI_Core
2023-01-11 00:00:00-05:00,NVDA,15.824159457593446,16.011971174963055,15.547436042925577,15.984997749328613,353285000,0.005782859078123259,1.0057828590781233,AI_Core
2023-01-12 00:00:00-05:00,NVDA,16.083897626620722,16.620359284778843,15.476504976085742,16.49448585510254,551409000,0.03187289193051801,1.031872891930518,AI_Core
2023-01-13 00:00:00-05:00,NVDA,16.261725447843773,16.905082595147245,16.148839459622973,16.882104873657227,447287000,0.023499915181337983,1.023499915181338,AI_Core
2023-01-17 00:00:00-05:00,NVDA,16.88209924852682,17.710270626929983,16.88209924852682,17.684295654296875,511102000,0.047517225289329,1.047517225289329,AI_Core
2023-01-18 00:00:00-05:00,NVDA,17.649333889444033,17.855127276963216,17.264718637422014,17.3596248626709,439624000,-0.018359271863173654,0.9816407281368263,AI_Core
2023-01-19 00:00:00-05:00,NVDA,17.01896463226559,17.179804849106613,16.714271208962963,16.74823570251465,452932000,-0.035219030652611893,0.9647809693473881,AI_Core
2023-01-20 00:00:00-05:00,NVDA,16.993986450014212,17.838142558730407,16.808173556686363,17.82115936279297,564967000,0.06406189161269249,1.0640618916126925,AI_Core
2023-01-23 00:00:00-05:00,NVDA,18.045936361649353,19.225757100654896,17.80018396132877,19.173809051513672,655163000,0.07590132949177075,1.0759013294917708,AI_Core
2023-01-24 00:00:00-05:00,NVDA,18.808171561163764,19.475504695763046,18.801178592061103,19.2457332611084,496204000,0.0037511695981475857,1.0037511695981476,AI_Core
2023-01-25 00:00:00-05:00,NVDA,18.894086765066024,19.350630488500357,18.561419588158877,19.30367660522461,449537000,0.0030107111706314527,1.0030107111706315,AI_Core
2023-01-26 00:00:00-05:00,NVDA,19.681299120426033,20.14583427066666,19.258721787064815,19.782197952270508,489535000,0.024789129906806817,1.0247891299068068,AI_Core
2023-01-27 00:00:00-05:00,NVDA,19.44253447559157,20.607368636676057,19.38559227826472,20.34463119506836,542142000,0.028431281708678702,1.0284312817086787,AI_Core
2023-01-30 00:00:00-05:00,NVDA,19.93004958460622,20.11985820147362,19.13084848856238,19.142837524414062,488611000,-0.059071784547542805,0.9409282154524572,AI_Core
2023-01-31 00:00:00-05:00,NVDA,19.150826361251877,19.667309459227994,18.931047089844537,19.517459869384766,498017000,0.01956984404704487,1.0195698440470449,AI_Core
2023-02-01 00:00:00-05:00,NVDA,19.67130927886173,21.170807752513607,19.5913893538845,20.92205810546875,660477000,0.07196624178985744,1.0719662417898574,AI_Core
2023-02-02 00:00:00-05:00,NVDA,20.978997726890935,21.927048029670438,20.679298521540353,21.687288284301758,564276000,0.0365752821723111,1.036575282172311,AI_Core
2023-02-03 00:00:00-05:00,NVDA,20.978997108875344,21.723252844703303,20.768207695861946,21.07889747619629,429366000,-0.02805287595802608,0.9719471240419739,AI_Core
2023-02-06 00:00:00-05:00,NVDA,20.78519697390154,21.548433031085523,20.765216513502416,21.067914962768555,452197000,-0.0005210193483855541,0.9994789806516144,AI_Core
2023-02-07 00:00:00-05:00,NVDA,21.360614360794933,22.23673802068742,21.12884604934928,22.15082359313965,664150000,0.05140084494762864,1.0514008449476286,AI_Core
2023-02-08 00:00:00-05:00,NVDA,22.364609852385264,22.85511993042836,21.985989180590057,22.18279266357422,559651000,0.0014432452274357743,1.0014432452274358,AI_Core
2023-02-09 00:00:00-05:00,NVDA,22.583391079267905,22.996976567245348,22.097877100421048,22.314659118652344,523876000,0.005944538051543935,1.005944538051544,AI_Core
2023-02-10 00:00:00-05:00,NVDA,21.66830661145846,22.055917123650822,20.79018606002947,21.243730545043945,550737000,-0.04799215474966556,0.9520078452503344,AI_Core
2023-02-13 00:00:00-05:00,NVDA,21.51645868835971,22.025948836069368,20.94103456636859,21.76620864868164,474919000,0.024594461058986994,1.024594461058987,AI_Core
2023-02-14 00:00:00-05:00,NVDA,21.556418285015024,23.025947762746878,21.344630419532418,22.948026657104492,675474000,0.05429599741039115,1.0542959974103912,AI_Core
2023-02-15 00:00:00-05:00,NVDA,22.526452471876695,22.832146250850275,22.08389655154518,22.74123764038086,420575000,-0.009011189494135152,0.9909888105058648,AI_Core
2023-02-16 00:00:00-05:00,NVDA,22.110865240742353,22.52744803558797,21.905071876709787,21.979997634887695,412026000,-0.03347399194059053,0.9665260080594095,AI_Core
2023-02-17 00:00:00-05:00,NVDA,21.609366570739,21.71825680895327,20.954022522936867,21.366609573364258,465888000,-0.027906648204085283,0.9720933517959147,AI_Core
2023-02-21 00:00:00-05:00,NVDA,20.97899838851901,21.472503832330847,20.597380448319672,20.63434410095215,410015000,-0.03427148654061407,0.9657285134593859,AI_Core
2023-02-22 00:00:00-05:00,NVDA,20.686293870610594,21.082896233045748,20.400578664452947,20.733245849609375,513184000,0.004793064813369163,1.0047930648133692,AI_Core
2023-02-23 00:00:00-05:00,NVDA,23.416558173795323,23.86411008296413,23.001972300962063,23.64033317565918,1117995000,0.14021380671104988,1.1402138067110499,AI_Core
2023-02-24 00:00:00-05:00,NVDA,23.201772660724565,23.450524180326013,22.924050815235166,23.262710571289062,589716000,-0.015973658305244554,0.9840263416947554,AI_Core
2023-02-27 00:00:00-05:00,NVDA,23.646326795039013,23.856115851316737,23.43054322131306,23.477495193481445,452994000,0.009233000665772373,1.0092330006657724,AI_Core
2023-02-28 00:00:00-05:00,NVDA,23.348621730743282,23.801169635570464,23.1827874075856,23.192777633666992,455963000,-0.01212725452472907,0.9878727454752709,AI_Core
2023-03-01 00:00:00-05:00,NVDA,23.16880605034979,23.2327431288166,22.48549007597283,22.67530059814453,460026000,-0.022311990555684114,0.9776880094443159,AI_Core
2023-03-02 00:00:00-05:00,NVDA,22.46551148905175,23.356617727044704,22.409565830943126,23.29068374633789,389415000,0.027138919086422852,1.0271389190864229,AI_Core
2023-03-03 00:00:00-05:00,NVDA,23.296676418290033,23.876096260572954,23.106865911464638,23.866106033325195,412393000,0.024706113966181054,1.024706113966181,AI_Core
2023-03-06 00:00:00-05:00,NVDA,23.867107967065923,24.223749385629638,23.463510762437853,23.530445098876953,437429000,-0.014064336007706735,0.9859356639922933,AI_Core
2023-03-07 00:00:00-05:00,NVDA,23.580400752368433,24.104964362524335,23.221697740559055,23.268659591674805,515154000,-0.011125395465411025,0.988874604534589,AI_Core
2023-03-08 00:00:00-05:00,NVDA,23.467495262178186,24.179904417575,23.4045478535388,24.160919189453125,513573000,0.03834598182430571,1.0383459818243057,AI_Core
2023-03-09 00:00:00-05:00,NVDA,24.154922945379216,24.43369248287704,23.363580850091193,23.41653823852539,501257000,-0.030809297655060908,0.9691907023449391,AI_Core
2023-03-10 00:00:00-05:00,NVDA,23.38956009205049,23.607379462799077,22.707126734055908,22.9459285736084,474866000,-0.02009732011295906,0.9799026798870409,AI_Core
2023-03-13 00:00:00-04:00,NVDA,22.73310505047063,23.278651119523722,22.278483008632293,22.94692611694336,421890000,4.347365292978189e-05,1.0000434736529298,AI_Core
2023-03-14 00:00:00-04:00,NVDA,23.476487867060463,24.19888701960605,23.44051655907677,24.04301643371582,474910000,0.04776632439510653,1.0477663243951065,AI_Core
2023-03-15 00:00:00-04:00,NVDA,23.74126688899198,24.26583051123997,23.340600837359847,24.2078800201416,524486000,0.006857025901067404,1.0068570259010674,AI_Core
2023-03-16 00:00:00-04:00,NVDA,24.007047963864338,25.56675059825911,23.874157083100002,25.519790649414062,583253000,0.05419353649228742,1.0541935364922874,AI_Core
2023-03-17 00:00:00-04:00,NVDA,25.960424630848856,26.377078166810012,25.646684297201393,25.703638076782227,848547000,0.007204111894718368,1.0072041118947184,AI_Core
2023-03-20 00:00:00-04:00,NVDA,25.59373105710644,26.002391851549323,25.109133153737865,25.878494262695312,432747000,0.006802779645074031,1.006802779645074,AI_Core
2023-03-21 00:00:00-04:00,NVDA,26.15826276917553,26.370086636571166,25.35992640091997,26.17724609375,547408000,0.01154440548287039,1.0115444054828704,AI_Core
2023-03-22 00:00:00-04:00,NVDA,26.40305656588551,27.566091472465203,26.215212950904103,26.446022033691406,797295000,0.010267540709928857,1.0102675407099289,AI_Core
2023-03-23 00:00:00-04:00,NVDA,27.092483687984217,27.476165594948146,26.66783736695665,27.168420791625977,564889000,0.027315970508315246,1.0273159705083152,AI_Core
2023-03-24 00:00:00-04:00,NVDA,27.00855309347375,27.144439836382894,26.33311386181286,26.75676155090332,454920000,-0.015152122527840817,0.9848478774721592,AI_Core
2023-03-27 00:00:00-04:00,NVDA,26.814717860535694,26.97758263278237,26.34310962735661,26.50897216796875,361026000,-0.009260813662489209,0.9907391863375108,AI_Core
2023-03-28 00:00:00-04:00,NVDA,26.425039083852294,26.490984262629247,25.828534706856463,26.38806915283203,356104000,-0.004560833757364935,0.9954391662426351,AI_Core
2023-03-29 00:00:00-04:00,NVDA,26.802723367547372,27.055511611707683,26.57491207468501,26.961589813232422,393694000,0.02173408964023582,1.0217340896402358,AI_Core
2023-03-30 00:00:00-04:00,NVDA,27.206388565387414,27.47616480917353,27.079493220776026,27.360260009765625,364516000,0.014786598241975257,1.0147865982419753,AI_Core
2023-03-31 00:00:00-04:00,NVDA,27.117460914270833,27.810884824300686,27.082490132563102,27.75393295288086,433933000,0.014388494223911641,1.0143884942239116,AI_Core
2023-04-03 00:00:00-04:00,NVDA,27.486157467758918,27.97674896673063,27.31330079051416,27.9417781829834,398716000,0.006768238232089496,1.0067682382320895,AI_Core
2023-04-04 00:00:00-04:00,NVDA,27.942776983152683,27.976749146372356,27.284323812201485,27.43020248413086,368592000,-0.018308630735752174,0.9816913692642478,AI_Core
2023-04-05 00:00:00-04:00,NVDA,26.80672004860662,26.97557842011288,26.37308045320567,26.85867691040039,515015000,-0.02083563087298068,0.9791643691270193,AI_Core
2023-04-06 00:00:00-04:00,NVDA,26.561922527602437,27.057510906173512,26.405053322399837,27.01454734802246,397654000,0.005803355025344237,1.0058033550253442,AI_Core
2023-04-10 00:00:00-04:00,NVDA,26.80072620018478,27.598063878336834,26.64685475224009,27.55609893798828,395279000,0.02004666533883137,1.0200466653388314,AI_Core
2023-04-11 00:00:00-04:00,NVDA,27.700978013397847,27.76692318959248,27.103473133288535,27.146438598632812,314378000,-0.014866412705127785,0.9851335872948722,AI_Core
2023-04-12 00:00:00-04:00,NVDA,27.347274949110663,27.445193150748228,26.426039620920893,26.47300148010254,446259000,-0.02480756789084626,0.9751924321091537,AI_Core
2023-04-13 00:00:00-04:00,NVDA,26.71179772670093,26.86467054430278,26.307135282820585,26.441022872924805,353615000,-0.001207970588517182,0.9987920294114828,AI_Core
2023-04-14 00:00:00-04:00,NVDA,26.481988137925153,26.860673088743237,26.198223603530394,26.735776901245117,395660000,0.011147603091487657,1.0111476030914877,AI_Core
2023-04-17 00:00:00-04:00,NVDA,26.54293875740368,26.983572499232327,26.411048411628634,26.979576110839844,321471000,0.009118837671905133,1.0091188376719051,AI_Core
2023-04-18 00:00:00-04:00,NVDA,27.510138201217032,28.086658738816173,27.334283752804854,27.644025802612305,604812000,0.024627877363332606,1.0246278773633326,AI_Core
2023-04-19 00:00:00-04:00,NVDA,27.3382818867537,27.976751256223757,27.209389286713794,27.907808303833008,358660000,0.009542116011039825,1.0095421160110398,AI_Core
2023-04-20 00:00:00-04:00,NVDA,27.64802393339629,28.006727009696085,26.977581546120554,27.08149528503418,427713000,-0.029608667574419933,0.9703913324255801,AI_Core
2023-04-21 00:00:00-04:00,NVDA,26.929620174009735,27.160429263560324,26.699811611017537,27.096481323242188,345103000,0.0005533681966332082,1.0005533681966332,AI_Core
2023-04-24 00:00:00-04:00,NVDA,26.990569353375054,27.34327496276754,26.64885238383688,27.01954460144043,339282000,-0.002839362088529418,0.9971606379114706,AI_Core
2023-04-25 00:00:00-04:00,NVDA,27.055514550596037,27.22437484436602,26.20322411553106,26.219209671020508,378527000,-0.029620592879172958,0.970379407120827,AI_Core
2023-04-26 00:00:00-04:00,NVDA,26.97957796491873,27.307304704799684,26.682823713649157,26.93361473083496,406337000,0.027247391083800254,1.0272473910838003,AI_Core
2023-04-27 00:00:00-04:00,NVDA,27.340279304100545,27.47216966404172,26.60289125219407,27.203392028808594,377161000,0.010016379185255664,1.0100163791852557,AI_Core
2023-04-28 00:00:00-04:00,NVDA,27.20239283065348,27.734949268700237,27.04851947681164,27.7259578704834,292216000,0.019209583904882255,1.0192095839048823,AI_Core
2023-05-01 00:00:00-04:00,NVDA,27.81688091763852,29.033869862760206,27.756931277189757,28.8859920501709,570329000,0.041839282347119644,1.0418392823471196,AI_Core
2023-05-02 00:00:00-04:00,NVDA,28.656185891505462,28.812056494254247,28.05968148797479,28.186574935913086,402730000,-0.02421302038174844,0.9757869796182516,AI_Core
2023-05-03 00:00:00-04:00,NVDA,27.8168839597217,28.3434468063841,27.449189488099005,27.778915405273438,383387000,-0.014462897019823506,0.9855371029801765,AI_Core
2023-05-04 00:00:00-04:00,NVDA,27.628036978765422,27.83586443324702,27.217378984903736,27.539112091064453,321850000,-0.008632565768333045,0.991367434231667,AI_Core
2023-05-05 00:00:00-04:00,NVDA,27.802894198913098,28.731121728563178,27.707973770612693,28.656185150146484,361494000,0.04056314725718724,1.0405631472571872,AI_Core
2023-05-08 00:00:00-04:00,NVDA,28.498315501122327,29.19573585601291,28.326459346526057,29.126792907714844,344979000,0.016422554331728678,1.0164225543317287,AI_Core
2023-05-09 00:00:00-04:00,NVDA,28.87500228440972,28.94894023981755,28.426375730996305,28.547273635864258,314869000,-0.01989643259684415,0.9801035674031559,AI_Core
2023-05-10 00:00:00-04:00,NVDA,28.980916524833432,29.088828560798916,28.437369484677525,28.86101722717285,369350000,0.010990317159899732,1.0109903171598997,AI_Core
2023-05-11 00:00:00-04:00,NVDA,28.872004608217654,28.92596062028458,28.22254475076314,28.55426788330078,322149000,-0.010628500771735272,0.9893714992282647,AI_Core
2023-05-12 00:00:00-04:00,NVDA,28.505309520725387,28.756102453152394,28.022710790728325,28.31646728515625,274222000,-0.008328022946216151,0.9916719770537838,AI_Core
2023-05-15 00:00:00-04:00,NVDA,28.484324933585533,28.94494253797439,28.12862158025983,28.928955078125,293926000,0.021630092016803992,1.021630092016804,AI_Core
2023-05-16 00:00:00-04:00,NVDA,28.81704895850863,29.845195673358166,28.808057560657943,29.188739776611328,449405000,0.00898009270589828,1.0089800927058983,AI_Core
2023-05-17 00:00:00-04:00,NVDA,29.55943225417957,30.173921312310178,29.40556081091014,30.152938842773438,432535000,0.033033254383072475,1.0330332543830725,AI_Core
2023-05-18 00:00:00-04:00,NVDA,30.384746671659997,31.801568399451863,30.294821257305664,31.65169334411621,748725000,0.049705088752964866,1.0497050887529649,AI_Core
2023-05-19 00:00:00-04:00,NVDA,31.50981251370551,31.553776602186183,30.89032841498642,31.238039016723633,473908000,-0.01306894777778056,0.9869310522222194,AI_Core
2023-05-22 00:00:00-04:00,NVDA,30.875338986536004,31.49382635847514,30.654523739106693,31.15011215209961,372000000,-0.0028147370126835325,0.9971852629873165,AI_Core
2023-05-23 00:00:00-04:00,NVDA,30.974254895318953,31.262015821714414,30.605561863481356,30.662513732910156,356253000,-0.01565318342382238,0.9843468165761776,AI_Core
2023-05-24 00:00:00-04:00,NVDA,30.184913250484932,30.58158485433067,29.781249395568967,30.51264190673828,721419000,-0.00488778667911427,0.9951122133208857,AI_Core
2023-05-25 00:00:00-04:00,NVDA,38.49101183651756,39.447217938255974,36.60457902009647,37.948463439941406,1543911000,0.2436964178955947,1.2436964178955947,AI_Core
2023-05-26 00:00:00-04:00,NVDA,37.858535295090505,39.137471155324974,37.51881748077454,38.913658142089844,714397000,0.02543435529810023,1.0254343552981002,AI_Core
2023-05-30 00:00:00-04:00,NVDA,40.56129320908205,41.903176556488546,39.91582970590061,40.077693939208984,923401000,0.029913296582623206,1.0299132965826232,AI_Core
2023-05-31 00:00:00-04:00,NVDA,39.45520761311079,40.26153667698876,37.79059071532984,37.802581787109375,1002580000,-0.05676754145461982,0.9432324585453802,AI_Core
2023-06-01 00:00:00-04:00,NVDA,38.45703459331072,40.0167390585578,38.30816007086099,39.73697280883789,635873000,0.051170870619956954,1.051170870619957,AI_Core
2023-06-02 00:00:00-04:00,NVDA,40.063703080946816,40.46636830283073,39.025564415674026,39.294342041015625,482731000,-0.011139015796488128,0.9888609842035119,AI_Core
2023-06-05 00:00:00-04:00,NVDA,38.87668625179113,39.53213967153062,38.6748543493484,39.13846969604492,396094000,-0.0039667885215638465,0.9960332114784362,AI_Core
2023-06-06 00:00:00-04:00,NVDA,38.79775882224138,39.12748282035394,38.116322111286685,38.62190246582031,388729000,-0.013198452423826113,0.9868015475761739,AI_Core
2023-06-07 00:00:00-04:00,NVDA,38.88670945650624,39.470284518759414,37.328840938446405,37.44775390625,511998000,-0.030401106227468055,0.969598893772532,AI_Core
2023-06-08 00:00:00-04:00,NVDA,37.69657436729438,38.835744998272645,37.47773561947334,38.48200225830078,417772000,0.02761843486367721,1.0276184348636772,AI_Core
2023-06-09 00:00:00-04:00,NVDA,39.00862167695387,39.682131514283476,38.53896592503453,38.741817474365234,427717000,0.006751603368257975,1.006751603368258,AI_Core
2023-06-12 00:00:00-04:00,NVDA,39.17150019392895,39.50125828347373,38.58992260823452,39.45329284667969,388701000,0.018364532659966848,1.0183645326599668,AI_Core
2023-06-13 00:00:00-04:00,NVDA,40.15678156104173,41.07111717890854,39.71110670175383,40.99217224121094,613208000,0.039005093960382986,1.039005093960383,AI_Core
2023-06-14 00:00:00-04:00,NVDA,40.79432339392405,42.96874019088657,40.52251795887016,42.96574401855469,740465000,0.048145088914308465,1.0481450889143085,AI_Core
2023-06-15 00:00:00-04:00,NVDA,42.571032403423146,43.25753327513272,42.116361328067455,42.62199401855469,568622000,-0.00800055969824598,0.991999440301754,AI_Core
2023-06-16 00:00:00-04:00,NVDA,43.41840945055139,43.689212322344694,42.6299816471878,42.66096115112305,655709000,0.0009142494025828896,1.000914249402583,AI_Core
2023-06-20 00:00:00-04:00,NVDA,42.96674106849241,43.95802045275375,42.642975308832675,43.77614974975586,451153000,0.026140728397617385,1.0261407283976174,AI_Core
2023-06-21 00:00:00-04:00,NVDA,43.469375994641815,43.583295347445485,42.04941138244555,43.01370620727539,551603000,-0.01741687075813969,0.9825831292418603,AI_Core
2023-06-22 00:00:00-04:00,NVDA,42.22227910485018,43.39442663272672,42.20329572401854,42.99372100830078,417737000,-0.00046462397074797934,0.999535376029252,AI_Core
2023-06-23 00:00:00-04:00,NVDA,42.433133732195444,42.77788036050008,41.98445879780496,42.17831802368164,358140000,-0.018965629526732752,0.9810343704732672,AI_Core
2023-06-26 00:00:00-04:00,NVDA,42.43013175413964,42.732912892803704,40.070848008649996,40.60246276855469,594322000,-0.037361737711830156,0.9626382622881698,AI_Core
2023-06-27 00:00:00-04:00,NVDA,40.769337698334375,41.90950699852485,40.41859495947549,41.84555435180664,462175000,0.030616162136221092,1.030616162136221,AI_Core
2023-06-28 00:00:00-04:00,NVDA,40.630436345854235,41.814576115847736,40.4885413004538,41.08710479736328,582639000,-0.01812497327832896,0.981875026721671,AI_Core
2023-06-29 00:00:00-04:00,NVDA,41.527785226902004,41.56975450915622,40.57048152757147,40.792320251464844,380514000,-0.007174624431492083,0.9928253755685079,AI_Core
2023-06-30 00:00:00-04:00,NVDA,41.649698416136715,42.51906484775984,41.470827697536826,42.271244049072266,501148000,0.036254956533253724,1.0362549565332537,AI_Core
2023-07-03 00:00:00-04:00,NVDA,42.48608466102656,42.86680815864475,42.171315066266786,42.38216018676758,198209000,0.0026239146774709177,1.002623914677471,AI_Core
2023-07-05 00:00:00-04:00,NVDA,42.104361310608844,43.145603473271855,42.05439842876921,42.286231994628906,323618000,-0.002263409692095486,0.9977365903079045,AI_Core
2023-07-06 00:00:00-04:00,NVDA,41.81358093287342,42.14833647102733,41.31594188398918,42.072391510009766,303582000,-0.0050569765744629125,0.9949430234255371,AI_Core
2023-07-07 00:00:00-04:00,NVDA,42.29122733401887,43.18258088740522,42.149332286394056,42.47209548950195,355881000,0.009500386480219225,1.0095003864802192,AI_Core
2023-07-10 00:00:00-04:00,NVDA,42.62598063164223,42.779867969444666,41.61871043308907,42.14932632446289,353908000,-0.007599558282186503,0.9924004417178135,AI_Core
2023-07-11 00:00:00-04:00,NVDA,42.45011335397041,42.72691238917329,42.0364166991454,42.374168395996094,298244000,0.005334416730706115,1.0053344167307061,AI_Core
2023-07-12 00:00:00-04:00,NVDA,43.001711413643235,43.90305599140233,42.74589703423399,43.870079040527344,481277000,0.03530241893012809,1.035302418930128,AI_Core
2023-07-13 00:00:00-04:00,NVDA,44.48564153669653,46.12144883056754,44.459659460176354,45.943580627441406,478204000,0.047264596560187444,1.0472645965601874,AI_Core
2023-07-14 00:00:00-04:00,NVDA,46.54913599395856,48.053042979669556,45.027244350268305,45.43594741821289,772075000,-0.011049056305492133,0.9889509436945079,AI_Core
2023-07-17 00:00:00-04:00,NVDA,46.25535497097536,46.462201427028674,45.2291010485681,46.42722702026367,510488000,0.021817077850861066,1.021817077850861,AI_Core
2023-07-18 00:00:00-04:00,NVDA,46.66704237521412,47.86117314632472,45.70074645818257,47.45946502685547,569164000,0.022233462406472615,1.0222334624064726,AI_Core
2023-07-19 00:00:00-04:00,NVDA,47.42949003823852,47.78323273939186,46.708014876201304,47.04277038574219,427502000,-0.008780011339729388,0.9912199886602706,AI_Core
2023-07-20 00:00:00-04:00,NVDA,46.473193831210935,47.052774056440455,45.029244512878805,45.48691177368164,537865000,-0.03307327777047964,0.9669267222295204,AI_Core
2023-07-21 00:00:00-04:00,NVDA,45.754707765315004,45.83265398251241,44.067935310129315,44.27678298950195,963769000,-0.026603889712289885,0.9733961102877101,AI_Core
2023-07-24 00:00:00-04:00,NVDA,44.69847992512501,45.076207287411634,44.00798419764258,44.579566955566406,382516000,0.006838436436004125,1.0068384364360041,AI_Core
2023-07-25 00:00:00-04:00,NVDA,44.90832769720461,46.14942147302996,44.8903392287754,45.645790100097656,348081000,0.023917306006897343,1.0239173060068973,AI_Core
2023-07-26 00:00:00-04:00,NVDA,45.98754720872081,46.019525442170895,44.597559486500465,45.41896057128906,364237000,-0.004969341713905617,0.9950306582860944,AI_Core
2023-07-27 00:00:00-04:00,NVDA,46.48518386639015,47.36054650639366,45.71674188711987,45.866634368896484,455976000,0.009856539911448525,1.0098565399114485,AI_Core
2023-07-28 00:00:00-04:00,NVDA,46.634066124454165,46.99280624791051,46.3472760576362,46.716007232666016,331194000,0.01851831675588378,1.0185183167558838,AI_Core
2023-07-31 00:00:00-04:00,NVDA,46.72001738003585,47.095743526742226,46.47219654679036,46.69503402709961,251055000,-0.000448951158474431,0.9995510488415256,AI_Core
2023-08-01 00:00:00-04:00,NVDA,46.42621978047181,46.86590231278374,45.99353594015361,46.47318649291992,237858000,-0.004750987739958301,0.9952490122600417,AI_Core
2023-08-02 00:00:00-04:00,NVDA,45.79768501941141,45.80667734864654,43.35546141010275,44.236820220947266,530142000,-0.04812164692673615,0.9518783530732638,AI_Core
2023-08-03 00:00:00-04:00,NVDA,43.76815517445485,45.08519773730657,43.76815517445485,44.482635498046875,324176000,0.005556802588247756,1.0055568025882478,AI_Core
2023-08-04 00:00:00-04:00,NVDA,44.95229672936695,45.6088167758493,44.36072805590183,44.647518157958984,362666000,0.0037066747072427297,1.0037066747072427,AI_Core
2023-08-07 00:00:00-04:00,NVDA,45.07820630485827,45.506895294186684,44.53060434183165,45.38398361206055,322154000,0.016495103971871705,1.0164951039718717,AI_Core
2023-08-08 00:00:00-04:00,NVDA,44.82039253545294,45.209109671688076,44.02397106962369,44.63153076171875,353843000,-0.016579700380066176,0.9834202996199338,AI_Core
2023-08-09 00:00:00-04:00,NVDA,44.24180664104453,44.27978102394421,42.10336324472602,42.5230598449707,586449000,-0.04724173427984957,0.9527582657201504,AI_Core
2023-08-10 00:00:00-04:00,NVDA,42.129350474246436,43.54232399177734,41.80458597956359,42.35718536376953,492705000,-0.0039008124487257545,0.9960991875512742,AI_Core
2023-08-11 00:00:00-04:00,NVDA,41.72064683355446,41.98745483103536,40.609455735906536,40.82529830932617,533085000,-0.03616593126496237,0.9638340687350376,AI_Core
2023-08-14 00:00:00-04:00,NVDA,40.45657164204001,43.76816194200566,40.28169960823156,43.721195220947266,690286000,0.07093388245884658,1.0709338824588466,AI_Core
2023-08-15 00:00:00-04:00,NVDA,44.527610226384226,45.2350957564997,43.67822581342224,43.908058166503906,676512000,0.004273966999582601,1.0042739669995826,AI_Core
2023-08-16 00:00:00-04:00,NVDA,44.487632483624076,44.642518572075744,43.374440183849174,43.454383850097656,527451000,-0.010332370306285643,0.9896676296937144,AI_Core
2023-08-17 00:00:00-04:00,NVDA,43.93802900451183,44.029961162547856,42.9697318315635,43.31248474121094,452395000,-0.00326547280882461,0.9967345271911754,AI_Core
2023-08-18 00:00:00-04:00,NVDA,42.603998420369834,43.54631355808522,41.6297088674994,43.26751708984375,583768000,-0.0010382145387378694,0.9989617854612621,AI_Core
2023-08-21 00:00:00-04:00,NVDA,44.46165201493228,47.030782025071126,44.18985040134457,46.93285369873047,692573000,0.08471335670303781,1.0847133567030378,AI_Core
2023-08-22 00:00:00-04:00,NVDA,48.10000155373569,48.15196569860594,45.30004062070193,45.634796142578125,755293000,-0.027657758986589287,0.9723422410134107,AI_Core
2023-08-23 00:00:00-04:00,NVDA,45.832657681466124,47.165687530536545,45.175135085824124,47.081748962402344,779046000,0.03170722654930813,1.0317072265493081,AI_Core
2023-08-24 00:00:00-04:00,NVDA,50.17949363700367,50.229456525679716,47.12471680402284,47.12871170043945,1156044000,0.0009974722492702703,1.0009974722492703,AI_Core
2023-08-25 00:00:00-04:00,NVDA,46.97781961200935,47.77024230669421,44.99126226942635,45.98454284667969,925341000,-0.024277533004346874,0.9757224669956531,AI_Core
2023-08-28 00:00:00-04:00,NVDA,46.44820509438741,46.945844136189635,44.85536600768865,46.80094909667969,685192000,0.01775392772136586,1.0177539277213659,AI_Core
2023-08-29 00:00:00-04:00,NVDA,46.632067581998406,49.045312450204435,46.35726602113391,48.74852752685547,701397000,0.041614079794675574,1.0416140797946756,AI_Core
2023-08-30 00:00:00-04:00,NVDA,49.008342472169936,49.89069992908974,48.38979301948212,49.22818374633789,735206000,0.00983939913299281,1.0098393991329928,AI_Core
2023-08-31 00:00:00-04:00,NVDA,49.34410184954682,49.70783563609758,48.922407758819745,49.31911849975586,528570000,0.0018472091898928955,1.001847209189893,AI_Core
2023-09-01 00:00:00-04:00,NVDA,49.72582712049024,49.763797697596935,48.107002016363225,48.47373580932617,463830000,-0.017141074620664054,0.982858925379336,AI_Core
2023-09-05 00:00:00-04:00,NVDA,48.18794605289678,48.81549172198567,47.825210956107306,48.51271057128906,382653000,0.0008040387503081003,1.000804038750308,AI_Core
2023-09-06 00:00:00-04:00,NVDA,48.40977397493204,48.51770224742843,46.54997362392489,47.030662536621094,468670000,-0.030549685169417806,0.9694503148305822,AI_Core
2023-09-07 00:00:00-04:00,NVDA,45.49565127611613,46.31412350573911,45.122890653596215,46.21118927001953,433330000,-0.017424233944471235,0.9825757660555288,AI_Core
2023-09-08 00:00:00-04:00,NVDA,45.912385845022,46.575955463730146,45.241816956969146,45.54262161254883,473069000,-0.014467657466336825,0.9855323425336632,AI_Core
2023-09-11 00:00:00-04:00,NVDA,46.118252157877485,46.1332418790325,44.283437093528,45.14888000488281,473966000,-0.008645563073108709,0.9913544369268913,AI_Core
2023-09-12 00:00:00-04:00,NVDA,44.709153407474325,45.643551923371255,44.502286142152805,44.841068267822266,349256000,-0.006817704825175186,0.9931822951748248,AI_Core
2023-09-13 00:00:00-04:00,NVDA,44.571241704929434,45.9003859898633,44.47430412568911,45.45567321777344,398355000,0.013706295895546505,1.0137062958955465,AI_Core
2023-09-14 00:00:00-04:00,NVDA,45.92038211332298,45.95735701328926,45.101909783891045,45.55162048339844,370097000,0.0021107874734431764,1.0021107874734432,AI_Core
2023-09-15 00:00:00-04:00,NVDA,45.31176544872774,45.56959852066616,43.779752923471165,43.87169647216797,506831000,-0.036879566377725825,0.9631204336222742,AI_Core
2023-09-18 00:00:00-04:00,NVDA,42.72043567702833,44.213471774573705,41.97291691593445,43.93764877319336,500271000,0.0015032995377151082,1.001503299537715,AI_Core
2023-09-19 00:00:00-04:00,NVDA,43.80473745342954,43.937651117962965,42.97427198636258,43.491939544677734,373064000,-0.010144130169922883,0.9898558698300771,AI_Core
2023-09-20 00:00:00-04:00,NVDA,43.571891798323115,43.874697872716084,42.1957805773011,42.211769104003906,367108000,-0.029434659711111588,0.9705653402888884,AI_Core
2023-09-21 00:00:00-04:00,NVDA,41.55618793535061,42.072852871721146,40.9535761024681,40.99055099487305,450736000,-0.02893074929226369,0.9710692507077363,AI_Core
2023-09-22 00:00:00-04:00,NVDA,41.54519433277662,42.087847304445255,41.20441459488325,41.58317184448242,479236000,0.014457498990035456,1.0144574989900355,AI_Core
2023-09-25 00:00:00-04:00,NVDA,41.56418098921053,42.508571331474215,41.15044647985263,42.19477462768555,419091000,0.014707939680274285,1.0147079396802743,AI_Core
2023-09-26 00:00:00-04:00,NVDA,41.973918105081566,42.79239027539181,41.62814052752316,41.883975982666016,402282000,-0.007365808865242851,0.9926341911347571,AI_Core
2023-09-27 00:00:00-04:00,NVDA,42.30271271186717,42.844363114706354,41.60216441597511,42.44062042236328,444935000,0.013290152776509023,1.013290152776509,AI_Core
2023-09-28 00:00:00-04:00,NVDA,42.43262220486007,43.41798652388978,42.08784724239294,43.06121826171875,424663000,0.014622732494939061,1.014622732494939,AI_Core
2023-09-29 00:00:00-04:00,NVDA,43.7987463785024,44.11554336483788,43.27908114153103,43.4709587097168,397830000,0.009515300879499478,1.0095153008794995,AI_Core
2023-10-02 00:00:00-04:00,NVDA,44.001606442972545,45.14586855781118,43.832716701966795,44.75312423706055,433298000,0.02949476076443558,1.0294947607644356,AI_Core
2023-10-03 00:00:00-04:00,NVDA,44.77910920077743,45.10090400420974,43.2181160083425,43.48894119262695,470850000,-0.028247928295176084,0.9717520717048239,AI_Core
2023-10-04 00:00:00-04:00,NVDA,43.713800550252934,44.11454300550294,43.26408989829739,44.01260757446289,361821000,0.012041368850909562,1.0120413688509096,AI_Core
2023-10-05 00:00:00-04:00,NVDA,44.021601937102886,44.87105626291606,43.859707622537925,44.6591911315918,393483000,0.014690871383500337,1.0146908713835003,AI_Core
2023-10-06 00:00:00-04:00,NVDA,44.16450577901021,45.759477372005065,43.99761364120761,45.73249435424805,434436000,0.024033198888302243,1.0240331988883022,AI_Core
2023-10-09 00:00:00-04:00,NVDA,44.813086880403254,45.57559541910592,44.33939347095082,45.24380874633789,409675000,-0.010685741392646442,0.9893142586073536,AI_Core
2023-10-10 00:00:00-04:00,NVDA,45.280790227106074,46.22917591041197,45.05893322747722,45.76847457885742,368582000,0.011596411687201158,1.0115964116872012,AI_Core
2023-10-11 00:00:00-04:00,NVDA,46.16622190201643,46.82879655508957,46.02031610290556,46.77582931518555,378137000,0.02200979485546295,1.022009794855463,AI_Core
2023-10-12 00:00:00-04:00,NVDA,46.746842929581085,47.57830726462998,46.30013251687724,46.91473388671875,481325000,0.00296958009225734,1.0029695800922573,AI_Core
2023-10-13 00:00:00-04:00,NVDA,46.92972831295685,47.08562979753359,45.25081094871752,45.43169403076172,474115000,-0.03161138800313801,0.968388611996862,AI_Core
2023-10-16 00:00:00-04:00,NVDA,45.03394481432077,46.19519435043207,44.88304119745391,46.06528091430664,375099000,0.013945922490055551,1.0139459224900556,AI_Core
2023-10-17 00:00:00-04:00,NVDA,43.971635905037324,44.72515146398081,42.452615298122,43.90967559814453,812333000,-0.046794576596028925,0.9532054234039711,AI_Core
2023-10-18 00:00:00-04:00,NVDA,42.56354235108208,43.19113966201485,41.79803732924531,42.16879653930664,627294000,-0.039646821232982465,0.9603531787670175,AI_Core
2023-10-19 00:00:00-04:00,NVDA,42.783401532452814,43.26908828015481,41.85499958396407,42.07386016845703,501233000,-0.002251341718066735,0.9977486582819333,AI_Core
2023-10-20 00:00:00-04:00,NVDA,41.862987418638,42.442615246520695,41.051510746944686,41.360313415527344,477266000,-0.016959384046834836,0.9830406159531652,AI_Core
2023-10-23 00:00:00-04:00,NVDA,41.20242325687503,43.22012278548461,40.91860593108143,42.947296142578125,478530000,0.03836969780927735,1.0383696978092773,AI_Core
2023-10-24 00:00:00-04:00,NVDA,43.049228794577566,43.66882802570082,42.66347986731124,43.634849548339844,401463000,0.0160092361456039,1.016009236145604,AI_Core
2023-10-25 00:00:00-04:00,NVDA,43.37001547549243,43.6218556984363,41.528205349228905,41.75205993652344,398379000,-0.043148759106654055,0.956851240893346,AI_Core
2023-10-26 00:00:00-04:00,NVDA,41.826015100945305,42.22875513682953,39.85428765821612,40.29999923706055,541001000,-0.034778181044731404,0.9652218189552686,AI_Core
2023-10-27 00:00:00-04:00,NVDA,41.10348715819275,41.17943837928563,39.98920425077625,40.47389221191406,416784000,0.004314962236862785,1.0043149622368628,AI_Core
2023-10-30 00:00:00-04:00,NVDA,41.06051446991565,41.73907378443747,40.45490233078289,41.134464263916016,388028000,0.016320942116051507,1.0163209421160515,AI_Core
2023-10-31 00:00:00-04:00,NVDA,40.42392261933526,40.8526468966784,39.204707934267006,40.75370788574219,517969000,-0.00925638354570324,0.9907436164542968,AI_Core
2023-11-01 00:00:00-04:00,NVDA,40.857645026484356,42.353681706486846,40.84265530544935,42.2977180480957,437593000,0.03788637261380812,1.0378863726138081,AI_Core
2023-11-02 00:00:00-04:00,NVDA,43.300064408208144,43.855705696322225,42.86634611035468,43.47795104980469,409172000,0.027902994680870652,1.0279029946808707,AI_Core
2023-11-03 00:00:00-04:00,NVDA,43.99162089726106,45.27978753454021,43.694811487819166,44.97598648071289,424610000,0.03445506043263591,1.034455060432636,AI_Core
2023-11-06 00:00:00-05:00,NVDA,45.255801257875405,45.90538367968417,44.87004855474041,45.721500396728516,400733000,0.016575821329351426,1.0165758213293514,AI_Core
2023-11-07 00:00:00-05:00,NVDA,45.68952517362853,46.18820018807057,45.12888604597762,45.92537307739258,343165000,0.004459011163129967,1.00445901116313,AI_Core
2023-11-08 00:00:00-05:00,NVDA,46.07027857367067,46.83678620591324,45.93836370236791,46.543975830078125,346719000,0.013469738212971816,1.0134697382129718,AI_Core
2023-11-09 00:00:00-05:00,NVDA,47.43639611181253,48.198904678121394,46.719859321767146,46.91973114013672,540496000,0.008073124466856818,1.0080731244668568,AI_Core
2023-11-10 00:00:00-05:00,NVDA,47.46937982263058,48.440753359097926,47.25252065392858,48.30384063720703,421245000,0.029499518932373014,1.029499518932373,AI_Core
2023-11-13 00:00:00-05:00,NVDA,48.28884773723465,49.08433598855006,48.06798954522677,48.588653564453125,384136000,0.005896279125819914,1.00589627912582,AI_Core
2023-11-14 00:00:00-05:00,NVDA,49.647968075180216,49.80186810947218,49.00838133866222,49.62398147583008,416954000,0.021308018136448004,1.021308018136448,AI_Core
2023-11-15 00:00:00-05:00,NVDA,49.90281326221653,49.927794859868946,48.168931033577685,48.85648727416992,475497000,-0.015466195553735962,0.984533804446264,AI_Core
2023-11-16 00:00:00-05:00,NVDA,48.64761873945954,49.49307401570829,48.29884470682521,49.44810104370117,339756000,0.012109216248218369,1.0121092162482184,AI_Core
2023-11-17 00:00:00-05:00,NVDA,49.49207615888525,49.68495254819164,48.975411113822275,49.2662239074707,325205000,-0.0036781419789959635,0.996321858021004,AI_Core
2023-11-20 00:00:00-05:00,NVDA,49.28021007685078,50.515413319946866,49.14929401076898,50.376502990722656,414120000,0.022536313831098997,1.022536313831099,AI_Core
2023-11-21 00:00:00-05:00,NVDA,50.09367842406972,50.484425150048665,49.19026199029503,49.91179656982422,565747000,-0.009224666130239645,0.9907753338697604,AI_Core
2023-11-22 00:00:00-05:00,NVDA,49.81986632973627,50.302552881057004,47.65925740440882,48.68459701538086,899420000,-0.02458736488730806,0.9754126351126919,AI_Core
2023-11-24 00:00:00-05:00,NVDA,48.43875395222816,48.88946341849403,47.71421905232239,47.745201110839844,294645000,-0.019295546479397463,0.9807044535206025,AI_Core
2023-11-27 00:00:00-05:00,NVDA,47.76918674468385,48.498715719855554,47.62128333679978,48.21090316772461,395662000,0.009753902927409186,1.0097539029274092,AI_Core
2023-11-28 00:00:00-05:00,NVDA,48.20490212503735,48.291847835176796,47.442393546125054,47.79016876220703,401491000,-0.008726955478387421,0.9912730445216126,AI_Core
2023-11-29 00:00:00-05:00,NVDA,48.34781498680007,48.730567513457544,47.82914854414182,48.10896682739258,382005000,0.006670787600098427,1.0066707876000984,AI_Core
2023-11-30 00:00:00-05:00,NVDA,47.99303847449865,48.078985380939635,46.39207386383031,46.73984909057617,526247000,-0.02845868093007664,0.9715413190699234,AI_Core
2023-12-01 00:00:00-05:00,NVDA,46.49501248567539,47.16957663238465,46.157229102972245,46.73485565185547,369317000,-0.00010683472064765276,0.9998931652793523,AI_Core
2023-12-04 00:00:00-05:00,NVDA,46.047299162275486,46.047299162275486,44.98098559161784,45.48066329956055,437543000,-0.026836337350388928,0.9731636626496111,AI_Core
2023-12-05 00:00:00-05:00,NVDA,45.44068360016381,46.57405104711008,45.24579248346221,46.54007339477539,371718000,0.023293637743077467,1.0232936377430775,AI_Core
2023-12-06 00:00:00-05:00,NVDA,47.188713605709914,47.36061873070036,45.38671600748787,45.477664947509766,380590000,-0.022827820623610995,0.977172179376389,AI_Core
2023-12-07 00:00:00-05:00,NVDA,45.67455214099108,46.603035669637734,45.57860492878931,46.57005310058594,350823000,0.024020321939066225,1.0240203219390662,AI_Core
2023-12-08 00:00:00-05:00,NVDA,46.56906109140177,47.714423004677336,46.52408416103195,47.47955322265625,359224000,0.019529720528896455,1.0195297205288965,AI_Core
2023-12-11 00:00:00-05:00,NVDA,47.46456497690327,47.50453981310591,45.8044902840861,46.601043701171875,509728000,-0.018502902025311574,0.9814970979746884,AI_Core
2023-12-12 00:00:00-05:00,NVDA,46.02036339199116,47.63946032153252,46.02036339199116,47.63046646118164,372387000,0.02209012241465902,1.022090122414659,AI_Core
2023-12-13 00:00:00-05:00,NVDA,47.60247804966215,48.56694081439652,47.58148983561275,48.061222076416016,447792000,0.009043699279859707,1.0090436992798597,AI_Core
2023-12-14 00:00:00-05:00,NVDA,48.36305679932983,48.64289968086901,47.395597257027774,48.32307815551758,391232000,0.005448385783557885,1.0054483857835579,AI_Core
2023-12-15 00:00:00-05:00,NVDA,48.167169853296684,49.37649531142181,48.09320973878579,48.8627815246582,479948000,0.011168646322647469,1.0111686463226475,AI_Core
2023-12-18 00:00:00-05:00,NVDA,49.372493076088325,50.404914981750885,49.12263228888661,50.04911422729492,412587000,0.024278861448729483,1.0242788614487295,AI_Core
2023-12-19 00:00:00-05:00,NVDA,49.396473996646186,49.67232125952952,48.86776928450163,49.57637405395508,464444000,-0.00944552527329301,0.990554474726707,AI_Core
2023-12-20 00:00:00-05:00,NVDA,49.62734838444094,49.97115859701397,48.07121619318162,48.08420944213867,397894000,-0.03009830065814112,0.9699016993418589,AI_Core
2023-12-21 00:00:00-05:00,NVDA,48.78382539689311,49.067667676968775,48.392041537568524,48.96272659301758,300425000,0.01827038774415235,1.0182703877441523,AI_Core
2023-12-22 00:00:00-05:00,NVDA,49.16760528234189,49.355500319360594,48.44001003124747,48.80281066894531,252507000,-0.0032660747307130533,0.996733925269287,AI_Core
2023-12-26 00:00:00-05:00,NVDA,48.9407287654443,49.572376781102484,48.93273380006729,49.251556396484375,244200000,0.009195079574066733,1.0091950795740667,AI_Core
2023-12-27 00:00:00-05:00,NVDA,49.483430013348695,49.65233461998989,49.05766474220859,49.38948059082031,233648000,0.002800402757338727,1.0028004027573387,AI_Core
2023-12-28 00:00:00-05:00,NVDA,49.61535772949362,49.85622084400242,49.384483556355164,49.494422912597656,246587000,0.0021247909579524826,1.0021247909579525,AI_Core
2023-12-29 00:00:00-05:00,NVDA,49.78526123454254,49.969160695229064,48.7238523373362,49.494422912597656,389293000,0.0,1.0,AI_Core
2024-01-02 00:00:00-05:00,NVDA,49.216575301212856,49.26754558758411,47.568495374432075,48.14117431640625,411254000,-0.027341435995346663,0.9726585640046533,AI_Core
2024-01-03 00:00:00-05:00,NVDA,47.45855812854748,48.15716638258974,47.29364909537562,47.542510986328125,320896000,-0.012435578038529571,0.9875644219614704,AI_Core
2024-01-04 00:00:00-05:00,NVDA,47.740404942993884,48.47299856752152,47.481550264732384,47.97127914428711,306535000,0.009018626678811481,1.0090186266788115,AI_Core
2024-01-05 00:00:00-05:00,NVDA,48.43501546755193,49.5194103643003,48.27910029347317,49.06966018676758,415039000,0.022896638615301113,1.0228966386153011,AI_Core
2024-01-08 00:00:00-05:00,NVDA,49.48443254074205,52.24589457837139,49.45144996976697,52.22390365600586,642510000,0.06428093158242154,1.0642809315824215,AI_Core
2024-01-09 00:00:00-05:00,NVDA,52.371821875549315,54.29475029719907,51.66121544197603,53.110408782958984,773100000,0.016975083532484447,1.0169750835324844,AI_Core
2024-01-10 00:00:00-05:00,NVDA,53.58614782430592,54.569597281107285,53.45921582315341,54.31973648071289,533796000,0.02277006947349891,1.022770069473499,AI_Core
2024-01-11 00:00:00-05:00,NVDA,54.9683767860804,55.315183696465496,53.530178853161665,54.791473388671875,596759000,0.008684447652401284,1.0086844476524013,AI_Core
2024-01-12 00:00:00-05:00,NVDA,54.58958868273426,54.939396104159464,54.2997530407885,54.67953872680664,352994000,-0.002042921187229374,0.9979570788127706,AI_Core
2024-01-16 00:00:00-05:00,NVDA,54.98736982997111,56.803355729677996,54.86943549694436,56.350608825683594,449580000,0.030561159398693194,1.0305611593986932,AI_Core
2024-01-17 00:00:00-05:00,NVDA,56.31562839717504,56.43955990801359,54.70952466514394,56.021793365478516,474394000,-0.005835171386031401,0.9941648286139686,AI_Core
2024-01-18 00:00:00-05:00,NVDA,57.228121458897405,57.5679323320847,56.075763460461346,57.0752067565918,491650000,0.018803635653734885,1.0188036356537349,AI_Core
2024-01-19 00:00:00-05:00,NVDA,57.956711672124605,59.46687197330924,57.19313710812396,59.45787811279297,543501000,0.04174617126421509,1.041746171264215,AI_Core
2024-01-22 00:00:00-05:00,NVDA,60.01556528618006,60.29740976678535,59.037110289114665,59.620784759521484,452955000,0.002739866471848762,1.0027398664718488,AI_Core
2024-01-23 00:00:00-05:00,NVDA,59.536831763324194,59.876642607504685,58.55237959065836,59.839664459228516,294654000,0.003671197898348355,1.0036711978983484,AI_Core
2024-01-24 00:00:00-05:00,NVDA,60.27041798826244,62.813998865952584,59.904620682519884,61.32782745361328,560271000,0.024869173445962733,1.0248691734459627,AI_Core
2024-01-25 00:00:00-05:00,NVDA,62.3152848013764,62.68408265284871,60.81611993386063,61.58269500732422,482777000,0.00415582231253353,1.0041558223125335,AI_Core
2024-01-26 00:00:00-05:00,NVDA,60.926057292697806,61.748600916766215,60.53927554518053,60.99701690673828,390309000,-0.009510433093522175,0.9904895669064778,AI_Core
2024-01-29 00:00:00-05:00,NVDA,61.19790260674366,62.4542026404575,60.87308662667512,62.43021774291992,348733000,0.023496244715916825,1.0234962447159168,AI_Core
2024-01-30 00:00:00-05:00,NVDA,62.86498111554158,63.457649460395544,62.225334241470755,62.73904800415039,410735000,0.0049468073698251125,1.0049468073698251,AI_Core
2024-01-31 00:00:00-05:00,NVDA,61.40579108468123,62.23433190687522,60.666205224632265,61.49274444580078,453795000,-0.01986487838111861,0.9801351216188814,AI_Core
2024-02-01 00:00:00-05:00,NVDA,62.06542319875055,63.15581918121957,61.6156767942891,62.99190902709961,369146000,0.024379536070636476,1.0243795360706365,AI_Core
2024-02-02 00:00:00-05:00,NVDA,63.93837399186544,66.56291110918288,63.654531745686434,66.12316131591797,476578000,0.04970880129178612,1.0497088012917861,AI_Core
2024-02-05 00:00:00-05:00,NVDA,68.18701012748092,69.45830503749701,67.16758142852466,69.29339599609375,680078000,0.04794439069586054,1.0479443906958605,AI_Core
2024-02-06 00:00:00-05:00,NVDA,69.59122707783612,69.71515858330277,66.26308702618283,68.18501281738281,683111000,-0.015995509568811128,0.9840044904311889,AI_Core
2024-02-07 00:00:00-05:00,NVDA,68.28095195120673,70.18089422020962,67.56235060844563,70.0599594116211,495575000,0.027497928309552,1.027497928309552,AI_Core
2024-02-08 00:00:00-05:00,NVDA,70.03498384281633,70.75458420328539,69.41633280176669,69.60222625732422,414422000,-0.006533448750770332,0.9934665512492297,AI_Core
2024-02-09 00:00:00-05:00,NVDA,70.49373428612587,72.14481511205457,70.17291382776136,72.09284973144531,436637000,0.03578367543752248,1.0357836754375225,AI_Core
2024-02-12 00:00:00-05:00,NVDA,72.55958034090284,74.56946235575423,71.21033344280542,72.20777893066406,613710000,0.0015941830520900258,1.00159418305209,AI_Core
2024-02-13 00:00:00-05:00,NVDA,70.36081744123659,73.40911526024477,69.58125280309775,72.08785247802734,602580000,-0.0016608522573706708,0.9983391477426293,AI_Core
2024-02-14 00:00:00-05:00,NVDA,73.16125433620005,74.19467532641171,71.89795802434332,73.8588638305664,504917000,0.024567403406543065,1.024567403406543,AI_Core
2024-02-15 00:00:00-05:00,NVDA,73.82787028335872,73.93380643951798,72.35968650824275,72.61753845214844,420122000,-0.016806721821034154,0.9831932781789658,AI_Core
2024-02-16 00:00:00-05:00,NVDA,74.05874240761452,74.36057621751523,72.46063364613941,72.57257080078125,495327000,-0.0006192395435824505,0.9993807604564175,AI_Core
2024-02-20 00:00:00-05:00,NVDA,71.90694379478387,71.91594146829705,67.69629184561839,69.41333770751953,704833000,-0.0435320543064972,0.9564679456935028,AI_Core
2024-02-21 00:00:00-05:00,NVDA,67.9681399359681,68.84965273678795,66.21112295055113,67.43444061279297,673755000,-0.028508888350317618,0.9714911116496824,AI_Core
2024-02-22 00:00:00-05:00,NVDA,74.9832259524774,78.53124465919488,74.17867388920303,78.49427032470703,865100000,0.16400862246962733,1.1640086224696273,AI_Core
2024-02-23 00:00:00-05:00,NVDA,80.7450180977802,82.34812129044985,77.52680973171769,78.77311706542969,829388000,0.0035524470712213763,1.0035524470712214,AI_Core
2024-02-26 00:00:00-05:00,NVDA,79.65562156391138,80.60110162092384,78.46128722131758,79.04796600341797,503973000,0.0034891210126926087,1.0034891210126926,AI_Core
2024-02-27 00:00:00-05:00,NVDA,79.3368025112215,79.43575404356761,77.11904376268178,78.65718078613281,391705000,-0.0049436467127852435,0.9950563532872148,AI_Core
2024-02-28 00:00:00-05:00,NVDA,77.57677565555984,78.88904035012949,77.0820485792693,77.6197509765625,393110000,-0.013189257474038651,0.9868107425259613,AI_Core
2024-02-29 00:00:00-05:00,NVDA,79.04997492303941,79.94547226995613,78.3063857687766,79.06796264648438,507289000,0.018657772689314234,1.0186577726893142,AI_Core
2024-03-01 00:00:00-05:00,NVDA,79.9554544760787,82.25417684232451,79.39076663879457,82.23318481445312,479135000,0.040031664684729185,1.0400316646847292,AI_Core
2024-03-04 00:00:00-05:00,NVDA,84.08315120139147,87.64616854479111,83.67238457234258,85.18953704833984,615616000,0.035950841993500404,1.0359508419935004,AI_Core
2024-03-05 00:00:00-05:00,NVDA,85.22651962468665,86.05310143549691,83.37446759481172,85.920166015625,520639000,0.008576510597428921,1.008576510597429,AI_Core
2024-03-06 00:00:00-05:00,NVDA,87.97712182383515,89.67824984643924,86.9856232402923,88.65476989746094,582520000,0.03182726487444909,1.031827264874449,AI_Core
2024-03-07 00:00:00-05:00,NVDA,90.11202114454544,92.71969184649807,89.55630492024456,92.62174224853516,608119000,0.04474629346692183,1.0447462934669218,AI_Core
2024-03-08 00:00:00-05:00,NVDA,95.08948806655721,97.35033567284756,86.46188588221935,87.48336791992188,1142269000,-0.0554769776930486,0.9445230223069514,AI_Core
2024-03-11 00:00:00-04:00,NVDA,86.38492752767289,88.75171621511622,84.1230810265849,85.73026275634766,678364000,-0.02003929667155624,0.9799607033284438,AI_Core
2024-03-12 00:00:00-04:00,NVDA,88.00410652239347,91.91310774958505,86.10607276758905,91.86613464355469,668075000,0.0715718311122604,1.0715718311122604,AI_Core
2024-03-13 00:00:00-04:00,NVDA,91.00857421482128,91.45734278263059,88.3899073255105,90.84165954589844,635713000,-0.011151825442871521,0.9888481745571285,AI_Core
2024-03-14 00:00:00-04:00,NVDA,89.53132517509458,90.59978030033041,86.55583824442805,87.89915466308594,602318000,-0.0323915800032889,0.9676084199967111,AI_Core
2024-03-15 00:00:00-04:00,NVDA,86.8856706502334,89.50033394584524,86.2130173215006,87.79220581054688,642086000,-0.0012167221965785346,0.9987832778034215,AI_Core
2024-03-18 00:00:00-04:00,NVDA,90.3419098330075,92.35787961611925,87.04059269589636,88.40989685058594,668976000,0.007035830052749992,1.00703583005275,AI_Core
2024-03-19 00:00:00-04:00,NVDA,86.655801875305,90.49784417652896,84.96666853326572,89.35243225097656,672171000,0.010660971610265912,1.010660971610266,AI_Core
2024-03-20 00:00:00-04:00,NVDA,89.75121630849692,90.363910374155,88.17802127434896,90.325927734375,479063000,0.010895008214930835,1.0108950082149308,AI_Core
2024-03-21 00:00:00-04:00,NVDA,92.25293104894116,92.60075314567852,90.35889320815413,91.38836669921875,480372000,0.011762281235218497,1.0117622812352185,AI_Core
2024-03-22 00:00:00-04:00,NVDA,91.09451627074266,94.72966241146648,90.78767363601877,94.24091339111328,586719000,0.031213455223277453,1.0312134552232775,AI_Core
2024-03-25 00:00:00-04:00,NVDA,93.89310384073973,96.71666039718104,93.46232384034413,94.95355987548828,552136000,0.007561964954832412,1.0075619649548324,AI_Core
2024-03-26 00:00:00-04:00,NVDA,95.8021170685874,96.32585191995982,92.45482592449682,92.5137939453125,513648000,-0.02569430712629439,0.9743056928737056,AI_Core
2024-03-27 00:00:00-04:00,NVDA,93.0645117345537,93.1924448065412,89.07754773882262,90.20397186279297,586067000,-0.024967326319845107,0.9750326736801549,AI_Core
2024-03-28 00:00:00-04:00,NVDA,89.95410761772509,91.25344777796057,89.14751991247192,90.30992889404297,435212000,0.0011746382011998957,1.0011746382012,AI_Core
2024-04-01 00:00:00-04:00,NVDA,90.25296231719115,92.17797517190813,89.15851941119853,90.31692504882812,452441000,7.746827918952981e-05,1.0000774682791895,AI_Core
2024-04-02 00:00:00-04:00,NVDA,88.4028863469108,90.04805054821496,87.57531335437362,89.40637969970703,433064000,-0.010081669062900755,0.9899183309370992,AI_Core
2024-04-03 00:00:00-04:00,NVDA,88.43889671490548,90.32793268323532,88.35493989966884,88.91864776611328,370067000,-0.005455225177799616,0.9945447748222004,AI_Core
2024-04-04 00:00:00-04:00,NVDA,90.35989492370194,90.58778310646065,85.8362020197599,85.86119079589844,434965000,-0.03438487929165335,0.9656151207083467,AI_Core
2024-04-05 00:00:00-04:00,NVDA,86.82169600485652,88.43587785170828,85.88218058642197,87.96311950683594,399678000,0.024480544602904608,1.0244805446029046,AI_Core
2024-04-08 00:00:00-04:00,NVDA,88.65475649731144,88.7846950725735,86.68776556126254,87.08856201171875,283220000,-0.009942320145310712,0.9900576798546893,AI_Core
2024-04-09 00:00:00-04:00,NVDA,87.39740306681414,87.59030542356439,82.97965924126275,85.31046295166016,501700000,-0.020417136521548418,0.9795828634784516,AI_Core
2024-04-10 00:00:00-04:00,NVDA,83.88320224037439,87.35542960706438,83.66631003801581,86.99461364746094,431929000,0.01974143191269606,1.019741431912696,AI_Core
2024-04-11 00:00:00-04:00,NVDA,87.37543150360503,90.6927397233091,86.88168767581091,90.5698013305664,431637000,0.04109665568024301,1.041096655680243,AI_Core
2024-04-12 00:00:00-04:00,NVDA,89.65325833959419,90.1290211698629,87.48536563341473,88.14102935791016,426805000,-0.026816576132165593,0.9731834238678344,AI_Core
2024-04-15 00:00:00-04:00,NVDA,89.05256658600005,90.56679344486741,85.88518380835967,85.95714569091797,443077000,-0.02477715183157425,0.9752228481684257,AI_Core
2024-04-16 00:00:00-04:00,NVDA,86.38892089132743,88.0730591608871,86.02011339953525,87.37042236328125,370453000,0.01644164264650083,1.0164416426465008,AI_Core
2024-04-17 00:00:00-04:00,NVDA,88.29494666403578,88.72973001771733,83.90718598900048,83.99214935302734,495400000,-0.03866609453033476,0.9613339054696652,AI_Core
2024-04-18 00:00:00-04:00,NVDA,84.9266740115763,86.14605313921993,82.35998267211264,84.62782287597656,447260000,0.00756824926907651,1.0075682492690765,AI_Core
2024-04-19 00:00:00-04:00,NVDA,83.10760934336838,84.28100677926233,75.56745676539116,76.16114807128906,875198000,-0.10004599571343753,0.8999540042865625,AI_Core
2024-04-22 00:00:00-04:00,NVDA,78.06417460921173,80.0321724749778,76.36104864748893,79.47745513916016,596341000,0.04354329145310332,1.0435432914531033,AI_Core
2024-04-23 00:00:00-04:00,NVDA,80.72781776562408,82.72679808163171,80.22307798101387,82.38097381591797,438559000,0.03653260753850174,1.0365326075385017,AI_Core
2024-04-24 00:00:00-04:00,NVDA,83.90719166390734,84.03912814064545,79.14262401880819,79.6363754272461,512208000,-0.03331592552917306,0.9666840744708269,AI_Core
2024-04-25 00:00:00-04:00,NVDA,78.82778575977734,83.28051623028156,78.18311796504497,82.58987426757812,424641000,0.03708730871397181,1.0370873087139718,AI_Core
2024-04-26 00:00:00-04:00,NVDA,83.7752739998992,88.28597395561746,83.3444939490843,87.69027709960938,551011000,0.06175578879690202,1.061755788796902,AI_Core
2024-04-29 00:00:00-04:00,NVDA,87.55033742522801,87.94713054569272,85.22252257935692,87.7122573852539,388971000,0.0002506581843682021,1.0002506581843682,AI_Core
2024-04-30 00:00:00-04:00,NVDA,87.19551848613133,88.77371581096726,86.25600293117195,86.35794830322266,363709000,-0.01544036286835937,0.9845596371316406,AI_Core
2024-05-01 00:00:00-04:00,NVDA,85.03361435183398,85.95614014617317,81.21355734292688,82.99864959716797,559863000,-0.03889970491493633,0.9611002950850637,AI_Core
2024-05-02 00:00:00-04:00,NVDA,84.40594040910835,86.19303079420062,83.15757667406707,85.77324676513672,377898000,0.03342942543565708,1.033429425435657,AI_Core
2024-05-03 00:00:00-04:00,NVDA,87.74423852998379,89.23547453747554,86.99561989027154,88.74372863769531,398341000,0.034631799361546145,1.0346317993615461,AI_Core
2024-05-06 00:00:00-04:00,NVDA,89.3444197919577,92.17297861657092,89.00959152215785,92.093017578125,376203000,0.03774113384511346,1.0377411338451135,AI_Core
2024-05-07 00:00:00-04:00,NVDA,91.05154909444323,91.73419949359099,88.96561525990342,90.50782775878906,437342000,-0.017212920816620847,0.9827870791833792,AI_Core
2024-05-08 00:00:00-04:00,NVDA,89.43737100980039,91.14749704338682,89.37439959760155,90.36589813232422,325721000,-0.0015681475291076108,0.9984318524708924,AI_Core
2024-05-09 00:00:00-04:00,NVDA,90.48283300975697,91.02555536852674,88.18600837888344,88.70174407958984,378013000,-0.018415730791470963,0.981584269208529,AI_Core
2024-05-10 00:00:00-04:00,NVDA,90.25895279926722,91.3543946079418,89.18149955504683,89.83216857910156,335325000,0.012744106795661292,1.0127441067956613,AI_Core
2024-05-13 00:00:00-04:00,NVDA,90.43185210687503,90.95159117174929,88.48384861830857,90.35289764404297,289680000,0.005796688126067817,1.0057966881260678,AI_Core
2024-05-14 00:00:00-04:00,NVDA,89.55330988776338,91.60426546540805,88.88864807554503,91.30941772460938,296507000,0.010586490367301193,1.0105864903673012,AI_Core
2024-05-15 00:00:00-04:00,NVDA,92.42484465754981,94.81362528334245,91.55228873986127,94.58174133300781,417735000,0.03583774477970958,1.0358377447797096,AI_Core
2024-05-16 00:00:00-04:00,NVDA,94.86160408579778,95.77013712291551,94.05500878486642,94.31088256835938,323952000,-0.0028637532025846957,0.9971362467974153,AI_Core
2024-05-17 00:00:00-04:00,NVDA,94.3208822477914,94.69168763651655,91.75918564554273,92.43183898925781,359691000,-0.019923931660162042,0.980076068339838,AI_Core
2024-05-20 00:00:00-04:00,NVDA,93.70220057081201,95.15145822277206,93.39236106775267,94.73167419433594,318764000,0.024881417812593787,1.0248814178125938,AI_Core
2024-05-21 00:00:00-04:00,NVDA,93.55127282718048,95.35135699716334,93.1324877566636,95.33736419677734,328946000,0.00639374325000186,1.0063937432500019,AI_Core
2024-05-22 00:00:00-04:00,NVDA,95.41033161983772,95.97104261511556,93.20145926272119,94.9015884399414,548648000,-0.0045708811073955635,0.9954291188926044,AI_Core
2024-05-23 00:00:00-04:00,NVDA,101.97597776870575,106.26578917767765,101.46823355489357,103.74607849121094,835065000,0.09319643850710446,1.0931964385071045,AI_Core
2024-05-24 00:00:00-04:00,NVDA,104.39573676851408,106.42070464479184,102.94747814509458,106.41471099853516,429494000,0.02572273136618164,1.0257227313661816,AI_Core
2024-05-28 00:00:00-04:00,NVDA,110.18778556165118,114.88039109228285,109.8269695886833,113.8429183959961,652728000,0.0698043280647842,1.0698043280647842,AI_Core
2024-05-29 00:00:00-04:00,NVDA,112.99235261607853,115.43310102209165,110.84444643564275,114.76644134521484,557442000,0.008112256451528577,1.0081122564515286,AI_Core
2024-05-30 00:00:00-04:00,NVDA,114.59154239421389,115.75994504924772,109.60708571421941,110.44365692138672,484553000,-0.03766592719229911,0.9623340728077009,AI_Core
2024-05-31 00:00:00-04:00,NVDA,112.46261619518734,112.6595219559155,106.88546755499186,109.57709503173828,613263000,-0.007846189756875344,0.9921538102431247,AI_Core
2024-06-03 00:00:00-04:00,NVDA,113.56305829627723,114.94135284423828,111.94587959300615,114.94135284423828,438392000,0.04895418892923087,1.0489541889292309,AI_Core
2024-06-04 00:00:00-04:00,NVDA,115.65699910856021,116.5405434101387,113.98684591549986,116.37762451171875,403324000,0.01249569134119044,1.0124956913411904,AI_Core
2024-06-05 00:00:00-04:00,NVDA,118.31063824188061,122.3865539456356,117.408098853795,122.3775634765625,528402000,0.051555777925674784,1.0515557779256748,AI_Core
2024-06-06 00:00:00-04:00,NVDA,123.98474236351488,125.52295906565588,118.25966633915728,120.9363021850586,664696000,-0.011777169364709072,0.9882228306352909,AI_Core
2024-06-07 00:00:00-04:00,NVDA,119.70892124903274,121.62994584355768,117.9618191498612,120.82635498046875,412386000,-0.0009091331767495658,0.9990908668232504,AI_Core
2024-06-10 00:00:00-04:00,NVDA,120.3086160214553,123.03721949599527,116.95032895624942,121.72789001464844,313434100,0.007461410503738275,1.0074614105037383,AI_Core
2024-06-11 00:00:00-04:00,NVDA,121.71790911261488,122.81744468477636,118.68920642560704,120.85828399658203,222551200,-0.0071438518975541765,0.9928561481024458,AI_Core
2024-06-12 00:00:00-04:00,NVDA,123.00734716397616,126.8257124975509,122.51755894250634,125.14643096923828,299595000,0.035480786511725704,1.0354807865117257,AI_Core
2024-06-13 00:00:00-04:00,NVDA,129.33464307228707,129.74447132445016,127.10560139337456,129.55455017089844,260704500,0.03522369089969257,1.0352236908996926,AI_Core
2024-06-14 00:00:00-04:00,NVDA,129.90441625095465,132.78317395786428,128.26511837192902,131.82359313964844,309320400,0.01751418970431251,1.0175141897043125,AI_Core
2024-06-17 00:00:00-04:00,NVDA,132.9331153831068,133.67278906643185,129.52457044327446,130.92396545410156,288504400,-0.0068244815978718565,0.9931755184021281,AI_Core
2024-06-18 00:00:00-04:00,NVDA,131.08388532556722,136.27166699428068,130.63408092847425,135.52198791503906,294335100,0.03511979220144723,1.0351197922014472,AI_Core
2024-06-20 00:00:00-04:00,NVDA,139.74018988019657,140.69977060471427,129.46458937927747,130.7240447998047,517768400,-0.035403429281470444,0.9645965707185296,AI_Core
2024-06-21 00:00:00-04:00,NVDA,127.0656139833598,130.57411435219748,124.24682083583242,126.5158462524414,649445800,-0.03219146526415906,0.9678085347358409,AI_Core
2024-06-24 00:00:00-04:00,NVDA,123.18726572238242,124.40674492687346,117.98949375774167,118.05946350097656,476060900,-0.06684050260859442,0.9331594973914056,AI_Core
2024-06-25 00:00:00-04:00,NVDA,121.14814167969276,126.44587713171062,119.26894878077069,126.03604888916016,414192600,0.0675641337987074,1.0675641337987074,AI_Core
2024-06-26 00:00:00-04:00,NVDA,126.07604323280044,128.06518984478126,122.54755446405669,126.34593200683594,362975900,0.0024586863870057485,1.0024586863870057,AI_Core
2024-06-27 00:00:00-04:00,NVDA,124.04690423190566,126.35592112032522,122.86740877139376,123.93695068359375,252571700,-0.01906655232169918,0.9809334476783008,AI_Core
2024-06-28 00:00:00-04:00,NVDA,124.52670042256338,127.65535851030685,122.69748155565787,123.48714447021484,315516700,-0.003629314832242714,0.9963706851677573,AI_Core
2024-07-01 00:00:00-04:00,NVDA,123.41717942454187,124.78658844306486,118.77916507660012,124.246826171875,284885500,0.006151909212245066,1.006151909212245,AI_Core
2024-07-02 00:00:00-04:00,NVDA,121.07818104942778,123.35721213177682,120.97822535200487,122.61752319335938,218374000,-0.013113437410962492,0.9868865625890375,AI_Core
2024-07-03 00:00:00-04:00,NVDA,121.60795022813568,128.22511291503906,121.30807553564613,128.22511291503906,215749000,0.04573236822633331,1.0457323682263333,AI_Core
2024-07-05 00:00:00-04:00,NVDA,127.32550112143423,128.7948810674807,125.62623147151251,125.77616882324219,214176700,-0.019098786783050214,0.9809012132169498,AI_Core
2024-07-08 00:00:00-04:00,NVDA,127.43543114348468,130.71403368367476,126.98562679747023,128.14512634277344,237677300,0.01883470884584204,1.018834708845842,AI_Core
2024-07-09 00:00:00-04:00,NVDA,130.29424856790877,133.76276548705792,128.59496354527897,131.3238067626953,285366600,0.02480531652385487,1.0248053165238549,AI_Core
2024-07-10 00:00:00-04:00,NVDA,133.9726664675838,135.04221608834806,132.36335454676214,134.852294921875,248978600,0.02686861008800734,1.0268686100880073,AI_Core
2024-07-11 00:00:00-04:00,NVDA,135.69192330087128,136.09174607157163,126.99564839391957,127.34549713134766,374782700,-0.055666815272786496,0.9443331847272135,AI_Core
2024-07-12 00:00:00-04:00,NVDA,128.20511597204649,131.86355363035963,127.16556766728102,129.18470764160156,252680500,0.014442681929749623,1.0144426819297496,AI_Core
2024-07-15 00:00:00-04:00,NVDA,130.50414372087192,131.33379047542198,127.1255924372887,128.3850555419922,208326200,-0.006189990395982892,0.9938100096040171,AI_Core
2024-07-16 00:00:00-04:00,NVDA,128.38505064333017,128.9847847878456,124.52670149646414,126.30593872070312,214769500,-0.016194383470193086,0.9838056165298069,AI_Core
2024-07-17 00:00:00-04:00,NVDA,121.29806929966236,121.7978553351996,116.6700533559942,117.93950653076172,390086200,-0.06623942052670917,0.9337605794732908,AI_Core
2024-07-18 00:00:00-04:00,NVDA,121.79786207097416,122.34762979092075,116.51012460742739,121.0381851196289,320979500,0.0262734573004082,1.0262734573004082,AI_Core
2024-07-19 00:00:00-04:00,NVDA,120.29850995680886,121.54797517785201,117.31978914047505,117.87954711914062,217223800,-0.026096210855825586,0.9739037891441744,AI_Core
2024-07-22 00:00:00-04:00,NVDA,120.2985068676328,124.01691649015211,119.80871864887781,123.48714447021484,258068900,0.047570570876104945,1.047570570876105,AI_Core
2024-07-23 00:00:00-04:00,NVDA,122.72747303753543,124.63665959294896,122.04776363902835,122.53755187988281,173911000,-0.0076898092866749534,0.992310190713325,AI_Core
2024-07-24 00:00:00-04:00,NVDA,119.11900367331029,119.89866868030745,113.3914598904436,114.20111083984375,327776900,-0.06803172506833532,0.9319682749316647,AI_Core
2024-07-25 00:00:00-04:00,NVDA,112.99163342891377,116.580093681362,106.25451947131738,112.2319564819336,460067000,-0.01724286518256124,0.9827571348174388,AI_Core
2024-07-26 00:00:00-04:00,NVDA,116.14029297278634,116.15028320368103,111.53226465502331,113.01162719726562,293399100,0.006946958244085755,1.0069469582440858,AI_Core
2024-07-29 00:00:00-04:00,NVDA,113.64136695751597,116.23025532001331,111.25238998649994,111.5422592163086,248152100,-0.013001918629064635,0.9869980813709354,AI_Core
2024-07-30 00:00:00-04:00,NVDA,111.47228355856528,111.94208369239041,102.49612986212257,103.68562316894531,486833300,-0.07043640771276904,0.929563592287231,AI_Core
2024-07-31 00:00:00-04:00,NVDA,112.85169271533529,118.28935980657482,110.83255278301941,116.96992492675781,473174200,0.12812096172838805,1.128120961728388,AI_Core
2024-08-01 00:00:00-04:00,NVDA,117.47971689042026,120.10859659996095,106.76430191931924,109.16327667236328,523462300,-0.06674064516398348,0.9332593548360165,AI_Core
2024-08-02 00:00:00-04:00,NVDA,103.71561292679569,108.67349009112934,101.3266359945612,107.22410583496094,482027500,-0.017763948614537006,0.982236051385463,AI_Core
2024-08-05 00:00:00-04:00,NVDA,92.020610744235,103.36576087778293,90.65120176374947,100.40702056884766,552842400,-0.06357791667301116,0.9364220833269888,AI_Core
2024-08-06 00:00:00-04:00,NVDA,103.79557030996848,107.66391734722711,100.50698458680512,104.20539855957031,409012100,0.037829804820452395,1.0378298048204524,AI_Core
2024-08-07 00:00:00-04:00,NVDA,107.76386930019544,108.75345120343057,98.64777632103673,98.86768341064453,411440400,-0.051223019370483125,0.9487769806295169,AI_Core
2024-08-08 00:00:00-04:00,NVDA,101.95635654950479,105.45485898012505,97.47827008281362,104.92508697509766,391910000,0.06126778089149565,1.0612677808914956,AI_Core
2024-08-09 00:00:00-04:00,NVDA,105.59481125304626,106.55439969221393,103.38575750879603,104.70519256591797,290844200,-0.0020957276807583858,0.9979042723192416,AI_Core
2024-08-12 00:00:00-04:00,NVDA,106.27450881772207,111.02247644689008,106.21453693013632,108.97335052490234,325559900,0.040763574894314036,1.040763574894314,AI_Core
2024-08-13 00:00:00-04:00,NVDA,112.3918952304853,116.18027460234957,111.53226256952769,116.0903091430664,312646700,0.06530916580873325,1.0653091658087332,AI_Core
2024-08-14 00:00:00-04:00,NVDA,118.47929205094907,118.5492618001431,114.02120093884069,118.02948760986328,339246400,0.01670405119179308,1.016704051191793,AI_Core
2024-08-15 00:00:00-04:00,NVDA,118.70918982152592,123.18726875091167,117.4197408420992,122.80743408203125,318086700,0.040480955809628405,1.0404809558096284,AI_Core
2024-08-16 00:00:00-04:00,NVDA,121.88784042749518,124.94652901748123,121.12816339575224,124.5267105102539,302589900,0.013999774859510872,1.0139997748595109,AI_Core
2024-08-19 00:00:00-04:00,NVDA,124.22684228567836,129.94439697265625,123.36720951099952,129.94439697265625,318333600,0.04350621999250692,1.043506219992507,AI_Core
2024-08-20 00:00:00-04:00,NVDA,128.3450585172195,129.82443628728038,125.83613790062299,127.195556640625,300087400,-0.02115397351537729,0.9788460264846227,AI_Core
2024-08-21 00:00:00-04:00,NVDA,127.26552712895132,129.29466502006431,126.60581346882094,128.4450225830078,257883600,0.00982318860330178,1.0098231886033018,AI_Core
2024-08-22 00:00:00-04:00,NVDA,129.96438511048203,130.6940685649148,123.04733950988674,123.68706512451172,376189100,-0.037042754657318544,0.9629572453426815,AI_Core
2024-08-23 00:00:00-04:00,NVDA,125.80614369005178,129.54454879248973,125.16641816339359,129.31463623046875,323230300,0.04549846097724064,1.0454984609772406,AI_Core
2024-08-26 00:00:00-04:00,NVDA,129.51456899800732,131.2038330961495,124.31678931451107,126.40589141845703,331964700,-0.022493546722953006,0.977506453277047,AI_Core
2024-08-27 00:00:00-04:00,NVDA,124.99650751528328,129.14472607274774,123.8270022374259,128.2451171875,303134600,0.014550158607357533,1.0145501586073575,AI_Core
2024-08-28 00:00:00-04:00,NVDA,128.06517977661952,128.2750966404244,122.5875286310627,125.55625915527344,448101100,-0.020966552888679102,0.9790334471113209,AI_Core
2024-08-29 00:00:00-04:00,NVDA,121.30807947152184,124.37676573622443,116.66006734390899,117.53968811035156,453023300,-0.06384843813328267,0.9361515618667173,AI_Core
2024-08-30 00:00:00-04:00,NVDA,119.47885915972935,121.69791057687668,117.169849908653,119.31893157958984,333751600,0.015137384638691964,1.015137384638692,AI_Core
2024-09-03 00:00:00-04:00,NVDA,115.96036355880885,116.1602749319815,107.24409346859224,107.95378875732422,477155100,-0.0952501222715415,0.9047498777284585,AI_Core
2024-09-04 00:00:00-04:00,NVDA,105.36490525672457,113.22153543398687,104.07545625261184,106.16455841064453,372470300,-0.01657403938551716,0.9834259606144828,AI_Core
2024-09-05 00:00:00-04:00,NVDA,104.94508720389065,109.60309749669094,104.71518985962717,107.16413879394531,306850700,0.009415386813313109,1.009415386813313,AI_Core
2024-09-06 00:00:00-04:00,NVDA,107.9937729521253,108.10372649561138,100.90680264312543,102.78600311279297,413638100,-0.040854484815770364,0.9591455151842296,AI_Core
2024-09-09 00:00:00-04:00,NVDA,104.83512245061276,106.50441370678206,103.64563679939363,106.42444610595703,273912000,0.03539823402969944,1.0353982340296994,AI_Core
2024-09-10 00:00:00-04:00,NVDA,107.76386463370491,109.35318822314704,104.90508784485718,108.05374145507812,268283700,0.015309408775300959,1.015309408775301,AI_Core
2024-09-11 00:00:00-04:00,NVDA,109.34319126914343,117.13985668962943,107.37403301447969,116.85997772216797,441422400,0.0814986704625209,1.081498670462521,AI_Core
2024-09-12 00:00:00-04:00,NVDA,116.80000446674823,120.74865704096976,115.34050510922769,119.0992202758789,366052700,0.019161757492669462,1.0191617574926695,AI_Core
2024-09-13 00:00:00-04:00,NVDA,119.0392295640139,119.91892551173434,117.55973295121166,119.05921936035156,238358300,-0.0003358621108910942,0.9996641378891089,AI_Core
2024-09-16 00:00:00-04:00,NVDA,116.75001183404176,118.13953528569532,114.32084356482326,116.7400131225586,248772300,-0.019479434270214036,0.980520565729786,AI_Core
2024-09-17 00:00:00-04:00,NVDA,118.12954900355818,118.75933823796504,114.79069593440207,115.55043029785156,231925900,-0.010190017911494986,0.989809982088505,AI_Core
2024-09-18 00:00:00-04:00,NVDA,115.85032597194726,117.65970390167261,113.18124184177299,113.33119201660156,310318900,-0.01920579850312565,0.9807942014968744,AI_Core
2024-09-19 00:00:00-04:00,NVDA,117.30982462581498,119.6190390017094,117.20986038538442,117.82965087890625,293506400,0.03969303403819957,1.0396930340381996,AI_Core
2024-09-20 00:00:00-04:00,NVDA,117.01992368452845,118.57939482627764,115.35049721640073,115.96028900146484,382462400,-0.01586495303599389,0.9841350469640061,AI_Core
2024-09-23 00:00:00-04:00,NVDA,116.51010886475667,116.94995306986277,114.82068489843978,116.22020721435547,206228500,0.002241441575635772,1.0022414415756358,AI_Core
2024-09-24 00:00:00-04:00,NVDA,116.4801041033547,121.75830281490052,115.34049501127092,120.82862091064453,354966800,0.0396524305604562,1.0396524305604562,AI_Core
2024-09-25 00:00:00-04:00,NVDA,121.9782246233193,124.8972307941946,121.56836894761845,123.46772003173828,284692900,0.02184167212373822,1.0218416721237382,AI_Core
2024-09-26 00:00:00-04:00,NVDA,126.75660075164774,127.62629807870698,121.75831219877176,123.99754333496094,302582900,0.004291188847469263,1.0042911888474693,AI_Core
2024-09-27 00:00:00-04:00,NVDA,123.9275641535197,123.9875411739155,119.21917738287792,121.35844421386719,271009200,-0.02128347909252215,0.9787165209074778,AI_Core
2024-09-30 00:00:00-04:00,NVDA,118.26949648274505,121.45840689022769,118.10955522149155,121.39842987060547,226553700,0.0003294839267040661,1.000329483926704,AI_Core
2024-10-01 00:00:00-04:00,NVDA,121.72830933905863,122.39808576451375,115.7503608309228,116.95994567871094,302094500,-0.03656129817020992,0.9634387018297901,AI_Core
2024-10-02 00:00:00-04:00,NVDA,116.40014740227824,119.33913591399957,115.1005893150636,118.80931854248047,221845900,0.015812018832923824,1.0158120188329238,AI_Core
2024-10-03 00:00:00-04:00,NVDA,120.87860561160097,124.31743049345978,120.2988023230489,122.80794525146484,277118000,0.0336558340544193,1.0336558340544193,AI_Core
2024-10-04 00:00:00-04:00,NVDA,124.89722520655694,124.99718944297891,121.78828940510478,124.87722778320312,243678100,0.01684974475797274,1.0168497447579727,AI_Core
2024-10-07 00:00:00-04:00,NVDA,124.94721586781675,130.5952834922112,124.90722864393703,127.67628479003906,346250200,0.022414471049079676,1.0224144710490797,AI_Core
2024-10-08 00:00:00-04:00,NVDA,130.2153933149511,133.43429200303964,129.3756845929013,132.84449768066406,285722500,0.04047903570443023,1.0404790357044302,AI_Core
2024-10-09 00:00:00-04:00,NVDA,134.06409064908044,134.473953954377,131.33502948270424,132.60458374023438,246191600,-0.0018059757432061785,0.9981940242567938,AI_Core
2024-10-10 00:00:00-04:00,NVDA,131.86485368985453,134.9537923881041,130.95516150253064,134.76385498046875,242311300,0.01628353394226756,1.0162835339422676,AI_Core
2024-10-11 00:00:00-04:00,NVDA,133.9641223517835,135.73352074472976,133.61425131031754,134.7538604736328,170209500,-7.416311174379686e-05,0.9999258368882562,AI_Core
2024-10-14 00:00:00-04:00,NVDA,136.42329237635488,139.5522259694365,136.25335239175735,138.0227508544922,232347700,0.024258231781782547,1.0242582317817825,AI_Core
2024-10-15 00:00:00-04:00,NVDA,137.82280508502743,138.52257769243778,128.6959404665834,131.55496215820312,377831000,-0.04686030858135559,0.9531396914186444,AI_Core
2024-10-16 00:00:00-04:00,NVDA,133.93414345953184,136.57323935639468,131.53497091822635,135.67355346679688,264879700,0.031307000823282305,1.0313070008232823,AI_Core
2024-10-17 00:00:00-04:00,NVDA,139.29229632563835,140.8417687676179,136.82314065604464,136.88311767578125,306435900,0.008915254138164741,1.0089152541381647,AI_Core
2024-10-18 00:00:00-04:00,NVDA,138.62252759913224,138.85244459278235,137.23300404466042,137.9527587890625,176090200,0.007814266152344596,1.0078142661523446,AI_Core
2024-10-21 00:00:00-04:00,NVDA,138.0827206747143,143.6608123779297,137.95276029474488,143.6608123779297,264554500,0.0413768716114995,1.0413768716114995,AI_Core
2024-10-22 00:00:00-04:00,NVDA,142.86110303968678,144.3705808600113,141.731484819394,143.54086303710938,226311600,-0.0008349482286426069,0.9991650517713574,AI_Core
2024-10-23 00:00:00-04:00,NVDA,141.9813779606296,142.38123492807873,137.41295033058282,139.51222229003906,285930000,-0.028066159432445392,0.9719338405675546,AI_Core
2024-10-24 00:00:00-04:00,NVDA,140.7718017861216,141.30161913611144,138.41260905173522,140.3619384765625,172354900,0.006090621829225151,1.0060906218292252,AI_Core
2024-10-25 00:00:00-04:00,NVDA,140.8817548130095,144.08067171203157,140.75180968215267,141.49154663085938,205122100,0.008047823837125767,1.0080478238371258,AI_Core
2024-10-28 00:00:00-04:00,NVDA,142.95103994204007,143.09099139897359,140.0020530079347,140.47189331054688,173586700,-0.007206461054332092,0.9927935389456679,AI_Core
2024-10-29 00:00:00-04:00,NVDA,140.2419668294209,142.21129364579818,138.8524432880062,141.20164489746094,157593600,0.005195000720185083,1.005195000720185,AI_Core
2024-10-30 00:00:00-04:00,NVDA,139.49222584841445,140.28196395700422,136.76316465511044,139.29229736328125,179418100,-0.01352213379359879,0.9864778662064012,AI_Core
2024-10-31 00:00:00-04:00,NVDA,137.55292462080052,137.5629157078968,132.06479759847417,132.71456909179688,270039600,-0.04722248391330164,0.9527775160866984,AI_Core
2024-11-01 00:00:00-04:00,NVDA,134.65389558133728,137.26300291330367,134.52395044654537,135.35365295410156,207127800,0.01988541183055248,1.0198854118305525,AI_Core
2024-11-04 00:00:00-05:00,NVDA,137.16303982117785,138.91244079735898,135.52360180221356,136.00343322753906,187528200,0.004800611282045342,1.0048006112820453,AI_Core
2024-11-05 00:00:00-05:00,NVDA,137.40294177771256,140.3219403030432,137.28298774012364,139.8621063232422,160537400,0.02837188006311142,1.0283718800631114,AI_Core
2024-11-06 00:00:00-05:00,NVDA,142.9110784725191,146.43986910531262,141.91142072377156,145.56016540527344,242043900,0.04074054961579221,1.0407405496157922,AI_Core
2024-11-07 00:00:00-05:00,NVDA,146.33990241230273,148.87902647248674,146.11997647950326,148.8290557861328,207323300,0.02245731427796893,1.022457314277969,AI_Core
2024-11-08 00:00:00-05:00,NVDA,148.71906153874144,149.71871911263233,146.2099112659944,147.57945251464844,175665800,-0.008396231937935927,0.9916037680620641,AI_Core
2024-11-11 00:00:00-05:00,NVDA,148.62909347800425,148.79904870323992,143.52085748188875,145.21026611328125,182325600,-0.016053633219245245,0.9839463667807548,AI_Core
2024-11-12 00:00:00-05:00,NVDA,146.7297346202135,149.59874692031187,145.95999403229789,148.2392120361328,198634700,0.02085903430883196,1.020859034308832,AI_Core
2024-11-13 00:00:00-05:00,NVDA,149.01898487542564,149.27889039349282,145.85005645366056,146.21994018554688,191903300,-0.013621711980590812,0.9863782880194092,AI_Core
2024-11-14 00:00:00-05:00,NVDA,147.58946625444327,148.94900137376933,145.50018526515709,146.7097625732422,194463300,0.003349901436656033,1.003349901436656,AI_Core
2024-11-15 00:00:00-05:00,NVDA,144.8203910682193,145.1902747512061,140.03203789439084,141.93138122558594,250132900,-0.032570302506424786,0.9674296974935752,AI_Core
2024-11-18 00:00:00-05:00,NVDA,139.45223367342163,141.50153478170088,137.10303223771245,140.1020050048828,221205300,-0.012889159570676711,0.9871108404293233,AI_Core
2024-11-19 00:00:00-05:00,NVDA,141.27163159656618,147.0796403153284,140.94174272954967,146.9596710205078,227834900,0.04894766506293746,1.0489476650629375,AI_Core
2024-11-20 00:00:00-05:00,NVDA,147.35954130772643,147.50948385732136,142.68113546401185,145.84005737304688,309871700,-0.007618509484174751,0.9923814905158252,AI_Core
2024-11-21 00:00:00-05:00,NVDA,149.29888738883682,152.83766902515802,140.65183891204953,146.6197967529297,400946600,0.005346537802630502,1.0053465378026305,AI_Core
2024-11-22 00:00:00-05:00,NVDA,145.880046493066,147.10963649428794,141.05171303807552,141.9014129638672,236406200,-0.03218108259291541,0.9678189174070846,AI_Core
2024-11-25 00:00:00-05:00,NVDA,141.94140761937004,142.00138464304115,135.77352121027207,135.97344970703125,344941900,-0.041775223607853684,0.9582247763921463,AI_Core
2024-11-26 00:00:00-05:00,NVDA,137.65285491316135,139.25231324946176,135.62355111044974,136.8731231689453,190287700,0.006616537742129003,1.006616537742129,AI_Core
2024-11-27 00:00:00-05:00,NVDA,134.96376655836661,137.17301655731904,131.7548742168772,135.2936553955078,226370900,-0.011539648813945202,0.9884603511860548,AI_Core
2024-11-29 00:00:00-05:00,NVDA,136.7331843976686,139.30231211006736,136.0034385187834,138.2026824951172,141863200,0.021501578112479436,1.0215015781124794,AI_Core
2024-12-02 00:00:00-05:00,NVDA,138.7824785355422,140.40191910756175,137.77282976281836,138.58255004882812,171682800,0.002748626487220074,1.00274862648722,AI_Core
2024-12-03 00:00:00-05:00,NVDA,138.21267485883047,140.49189330582607,137.90278339727084,140.2119903564453,164414000,0.01175790391389886,1.0117579039138989,AI_Core
2024-12-04 00:00:00-05:00,NVDA,141.95139223046513,145.7400881706811,140.24197086598,145.09031677246094,231224300,0.034792505288698816,1.0347925052886988,AI_Core
2024-12-05 00:00:00-05:00,NVDA,145.07032934736787,146.49993108099994,143.9106428157812,145.0203399658203,172621200,-0.00048229825530232695,0.9995177017446977,AI_Core
2024-12-06 00:00:00-05:00,NVDA,144.5604751692698,145.66016529709515,141.27136605108353,142.40106201171875,188505600,-0.01806145230882028,0.9819385476911797,AI_Core
2024-12-09 00:00:00-05:00,NVDA,138.93199359328304,139.91172129670065,137.0925004855475,138.77203369140625,189308600,-0.025484559377891847,0.9745154406221082,AI_Core
2024-12-10 00:00:00-05:00,NVDA,138.97197539548316,141.7812196768295,133.7534018405272,135.03306579589844,210020900,-0.026943237740698733,0.9730567622593013,AI_Core
2024-12-11 00:00:00-05:00,NVDA,137.32243273699547,140.13166176303284,135.173026862483,139.2718963623047,184905200,0.03139105626775307,1.031391056267753,AI_Core
2024-12-12 00:00:00-05:00,NVDA,137.04252103958567,138.40214979482639,135.76287224107875,137.3024444580078,159211400,-0.014141057569672988,0.985858942430327,AI_Core
2024-12-13 00:00:00-05:00,NVDA,138.9020072444441,139.56183041879834,132.50374826625531,134.21328735351562,231514900,-0.02249892284646804,0.977501077153532,AI_Core
2024-12-16 00:00:00-05:00,NVDA,134.14327863720246,134.36321966164874,130.3843129319086,131.96388244628906,237951100,-0.016759927065206792,0.9832400729347932,AI_Core
2024-12-17 00:00:00-05:00,NVDA,129.0546920799943,131.5540083659402,126.82530622422306,130.35433959960938,259410300,-0.012196843688156767,0.9878031563118432,AI_Core
2024-12-18 00:00:00-05:00,NVDA,133.82339933223892,136.6626191312432,128.2449232385065,128.874755859375,277444500,-0.011350475517570069,0.9886495244824299,AI_Core
2024-12-19 00:00:00-05:00,NVDA,131.72394769790225,133.99333094415113,129.51456085077075,130.6442413330078,209719200,0.013730272168768431,1.0137302721687684,AI_Core
2024-12-20 00:00:00-05:00,NVDA,129.7745000485284,135.24300545668208,128.1849385069714,134.6631622314453,306528600,0.030762327198130324,1.0307623271981303,AI_Core
2024-12-23 00:00:00-05:00,NVDA,136.2427181368804,139.75175245255647,135.08303180440205,139.6317901611328,176053500,0.03689671211751233,1.0368967121175123,AI_Core
2024-12-24 00:00:00-05:00,NVDA,139.9617148258363,141.86118913948326,138.61207790245493,140.18165588378906,105157000,0.003937969441068612,1.0039379694410686,AI_Core
2024-12-26 00:00:00-05:00,NVDA,139.66179080612986,140.811485448775,137.69232835527816,139.8917236328125,116205600,-0.0020682609942695995,0.9979317390057304,AI_Core
2024-12-27 00:00:00-05:00,NVDA,138.5121216661011,138.9819943823141,134.67317523350815,136.9725341796875,170582600,-0.020867492209812766,0.9791325077901872,AI_Core
2024-12-30 00:00:00-05:00,NVDA,134.79311660884966,140.2316308377207,133.98334063995796,137.452392578125,167734700,0.003503318393802912,1.003503318393803,AI_Core
2024-12-31 00:00:00-05:00,NVDA,137.99226367763055,138.0322612848829,133.79341493856927,134.25328063964844,155659200,-0.023274327048605215,0.9767256729513948,AI_Core
2025-01-02 00:00:00-05:00,NVDA,135.96280522543205,138.84202245285945,134.5931847895647,138.2721710205078,198247200,0.029935137239935017,1.029935137239935,AI_Core
2025-01-03 00:00:00-05:00,NVDA,139.9717090810043,144.86037131104774,139.69178686675932,144.4304962158203,229322500,0.04453770523642908,1.044537705236429,AI_Core
2025-01-06 00:00:00-05:00,NVDA,148.54936300568127,152.11839407781596,147.77958455274808,149.38912963867188,265377400,0.03433231590814412,1.0343323159081441,AI_Core
2025-01-07 00:00:00-05:00,NVDA,152.98814312185272,153.08812187242287,139.97169998670535,140.10166931152344,351782200,-0.06216958589699306,0.9378304141030069,AI_Core
2025-01-08 00:00:00-05:00,NVDA,142.54101155921632,143.91063203422854,137.5223800692543,140.07168579101562,227349900,-0.0002140125856826547,0.9997859874143173,AI_Core
2025-01-10 00:00:00-05:00,NVDA,137.41242079266553,139.88174676307978,134.18330808313058,135.8728485107422,207602500,-0.02997634573012864,0.9700236542698714,AI_Core
2025-01-13 00:00:00-05:00,NVDA,129.95446851982027,133.4535116815908,129.4745887600242,133.19357299804688,204808900,-0.01971899126324339,0.9802810087367566,AI_Core
2025-01-14 00:00:00-05:00,NVDA,136.01278831507346,136.3426998783518,130.01442953826418,131.7239532470703,195590500,-0.011033713698769154,0.9889662863012308,AI_Core
2025-01-15 00:00:00-05:00,NVDA,133.61345527658474,136.4126928345012,131.25409986764885,136.2027587890625,185217300,0.0340014510010298,1.0340014510010298,AI_Core
2025-01-16 00:00:00-05:00,NVDA,138.6020991142272,138.71206965350657,133.4535130811874,133.5334930419922,209235600,-0.019597736277898847,0.9804022637221012,AI_Core
2025-01-17 00:00:00-05:00,NVDA,136.65262268416788,138.46212527408701,135.4229633158422,137.67234802246094,201188800,0.03099488290302732,1.0309948829030273,AI_Core
2025-01-21 00:00:00-05:00,NVDA,139.12194717769367,141.7912151745994,137.05250594430132,140.79148864746094,197749000,0.02265626082364136,1.0226562608236414,AI_Core
2025-01-22 00:00:00-05:00,NVDA,144.62045561465226,147.74958954273308,143.6307207753195,147.02980041503906,237651400,0.04430886999993833,1.0443088699999383,AI_Core
2025-01-23 00:00:00-05:00,NVDA,145.01034368405638,147.1897403093082,143.6807055002306,147.17974853515625,155915500,0.0010198484912167238,1.0010198484912167,AI_Core
2025-01-24 00:00:00-05:00,NVDA,148.32942123311412,148.92926325643236,141.84120577881646,142.58099365234375,234657600,-0.031245840060081465,0.9687541599399185,AI_Core
2025-01-27 00:00:00-05:00,NVDA,124.7658794397831,128.3648859520762,116.668088091544,118.38761901855469,818830900,-0.16968162455635527,0.8303183754436447,AI_Core
2025-01-28 00:00:00-05:00,NVDA,121.77668294561497,128.96471894622445,116.21820602712087,128.95472717285156,579666400,0.08925855796323345,1.0892585579632335,AI_Core
2025-01-29 00:00:00-05:00,NVDA,126.46540553655986,126.85529827150769,120.01717249490751,123.66616821289062,467120600,-0.04101097397439435,0.9589890260256057,AI_Core
2025-01-30 00:00:00-05:00,NVDA,123.0663342199192,124.96581615087412,118.06770157388424,124.61591339111328,392925500,0.007679911102183468,1.0076799111021835,AI_Core
2025-01-31 00:00:00-05:00,NVDA,123.74615511454752,127.81504199868698,119.15741376372098,120.03717041015625,388161100,-0.03674284332039057,0.9632571566796094,AI_Core
2025-02-03 00:00:00-05:00,NVDA,114.71862375628316,118.53757894355685,112.97910166242248,116.62810516357422,371235700,-0.02840008003298944,0.9715999199670106,AI_Core
2025-02-04 00:00:00-05:00,NVDA,116.92801344303115,121.16685177317855,116.66808241089754,118.6175537109375,256550000,0.017058054270649547,1.0170580542706495,AI_Core
2025-02-05 00:00:00-05:00,NVDA,121.72670769553925,124.96581960402936,120.72698113870702,124.79586791992188,262230800,0.05208600258306184,1.0520860025830618,AI_Core
2025-02-06 00:00:00-05:00,NVDA,127.38515593926263,128.7347928917548,125.17576116570511,128.64480590820312,251483600,0.030841870427561036,1.030841870427561,AI_Core
2025-02-07 00:00:00-05:00,NVDA,129.18464838201572,130.3343276557766,124.96580169637689,129.80447387695312,228186300,0.009014495070850392,1.0090144950708504,AI_Core
2025-02-10 00:00:00-05:00,NVDA,130.05443339276326,134.9630947980064,129.92447930424598,133.5334930419922,216989100,0.02872797102951896,1.028727971029519,AI_Core
2025-02-11 00:00:00-05:00,NVDA,132.54374607533066,134.4432203933444,130.9841751187103,132.76368713378906,178902400,-0.005764890071145223,0.9942351099288548,AI_Core
2025-02-12 00:00:00-05:00,NVDA,129.9844674915493,132.20386194641324,129.0447219695379,131.10415649414062,160278600,-0.012499883631403641,0.9875001163685964,AI_Core
2025-02-13 00:00:00-05:00,NVDA,131.52401516963508,136.46266649297655,131.13412244698262,135.25299072265625,197430000,0.03164532948046572,1.0316453294804657,AI_Core
2025-02-14 00:00:00-05:00,NVDA,136.44266486168982,139.21191146517995,135.46293718873886,138.81202697753906,195479600,0.026313919092412652,1.0263139190924127,AI_Core
2025-02-18 00:00:00-05:00,NVDA,141.23137649622348,143.40078131766987,137.89227816645598,139.36187744140625,219176600,0.003961115443953167,1.0039611154439532,AI_Core
2025-02-19 00:00:00-05:00,NVDA,139.47184726600554,141.32134750878612,137.18248014952957,139.19192504882812,167536000,-0.0012195041836285947,0.9987804958163714,AI_Core
2025-02-20 00:00:00-05:00,NVDA,139.991705837455,140.62153843760984,136.7525863640224,140.07168579101562,143903600,0.00632048692392817,1.0063204869239282,AI_Core
2025-02-21 00:00:00-05:00,NVDA,140.0017008694862,141.42132600995674,133.99334973043614,134.3932342529297,228217600,-0.04053961017188068,0.9594603898281193,AI_Core
2025-02-24 00:00:00-05:00,NVDA,136.52266681200447,138.55211066034528,130.04444248958205,130.244384765625,251381100,-0.030870969884514432,0.9691290301154856,AI_Core
2025-02-25 00:00:00-05:00,NVDA,129.94445760453814,130.16439867421266,124.40597902043103,126.59537506103516,271428700,-0.028016637424763013,0.971983362575237,AI_Core
2025-02-26 00:00:00-05:00,NVDA,129.95446947322534,133.69343728770713,128.4548795357506,131.24411010742188,322553800,0.036721207580809656,1.0367212075808097,AI_Core
2025-02-27 00:00:00-05:00,NVDA,134.96308744670299,134.9730792207777,119.97718824289691,120.11714935302734,443175800,-0.08478064840614363,0.9152193515938564,AI_Core
2025-02-28 00:00:00-05:00,NVDA,117.98771929899918,125.05578541630098,116.36816723503377,124.88583374023438,389091100,0.039700279376359005,1.039700279376359,AI_Core
2025-03-03 00:00:00-05:00,NVDA,123.47622912906817,123.66617198823369,112.2492965435478,114.02880859375,411381400,-0.08693560207210738,0.9130643979278926,AI_Core
2025-03-04 00:00:00-05:00,NVDA,110.6197462594264,119.27737437091366,110.07989299750376,115.95828247070312,398163300,0.016920933409269034,1.016920933409269,AI_Core
2025-03-05 00:00:00-05:00,NVDA,117.54785129486386,118.24765683915241,114.47869104666965,117.26792907714844,284337900,0.011294118699767708,1.0112941186997677,AI_Core
2025-03-06 00:00:00-05:00,NVDA,113.49895407905146,115.31845609620828,110.18986163701831,110.53976440429688,321181900,-0.057374294283181415,0.9426257057168186,AI_Core
2025-03-07 00:00:00-05:00,NVDA,111.21957864470976,113.44897220636766,107.5305852358904,112.65918731689453,341755500,0.019173398134321173,1.0191733981343212,AI_Core
2025-03-10 00:00:00-04:00,NVDA,109.8699441866197,111.81940781621753,105.43115607331026,106.95074462890625,366487400,-0.05067001479365574,0.9493299852063443,AI_Core
2025-03-11 00:00:00-04:00,NVDA,106.960734969355,112.20929903890595,104.74134094243277,108.73025512695312,354865700,0.01663859848962579,1.0166385984896258,AI_Core
2025-03-12 00:00:00-04:00,NVDA,114.09929300935045,116.7388133095112,112.85951254411586,115.718994140625,323857500,0.06427593686331234,1.0642759368633123,AI_Core
2025-03-13 00:00:00-04:00,NVDA,117.00876245655117,117.73863334670654,113.76935252443205,115.55902862548828,299033100,-0.0013823617836007385,0.9986176382163993,AI_Core
2025-03-14 00:00:00-04:00,NVDA,118.58847644066721,121.85787967708788,118.12856083227834,121.64791870117188,277593500,0.05269073432087157,1.0526907343208716,AI_Core
2025-03-17 00:00:00-04:00,NVDA,122.71772499646224,122.86769930249316,118.00858060635532,119.50830841064453,255501500,-0.017588548274165672,0.9824114517258343,AI_Core
2025-03-18 00:00:00-04:00,NVDA,117.97858323274161,118.99839474842913,114.51921213127834,115.40904998779297,299686900,-0.034301032935434295,0.9656989670645657,AI_Core
2025-03-19 00:00:00-04:00,NVDA,117.24871023501531,120.42813331851431,115.65900250727064,117.49866485595703,273426200,0.01810616124459119,1.0181061612445912,AI_Core
2025-03-20 00:00:00-04:00,NVDA,116.5288475567653,120.17817892707569,116.44886024718888,118.50848388671875,248829700,0.008594302173557944,1.008594302173558,AI_Core
2025-03-21 00:00:00-04:00,NVDA,116.91877807414131,117.96858292451893,115.39904967929496,117.67863464355469,266498500,-0.007002445866722162,0.9929975541332778,AI_Core
2025-03-24 00:00:00-04:00,NVDA,119.85824123014483,122.19782052957932,119.31833831489072,121.38796997070312,228452500,0.03152089024812277,1.0315208902481228,AI_Core
2025-03-25 00:00:00-04:00,NVDA,120.52812446850508,121.26798803028822,118.89841541478116,120.66809844970703,167447200,-0.005930336599004327,0.9940696634009957,AI_Core
2025-03-26 00:00:00-04:00,NVDA,118.70845626054094,118.81842927999459,112.68954449720724,113.7393569946289,293463300,-0.05741982797521206,0.9425801720247879,AI_Core
2025-03-27 00:00:00-04:00,NVDA,111.32979509417153,114.42923110356094,110.63992547504299,111.40978240966797,236902100,-0.020481692938275953,0.979518307061724,AI_Core
2025-03-28 00:00:00-04:00,NVDA,111.46977019973694,112.84952470784617,109.05021109179135,109.65010070800781,229872500,-0.015794678560537734,0.9842053214394623,AI_Core
2025-03-31 00:00:00-04:00,NVDA,105.11091847763528,110.93986229194257,103.63119133667838,108.3603286743164,299212700,-0.01176261604287987,0.9882373839571201,AI_Core
2025-04-01 00:00:00-04:00,NVDA,108.50030342775528,110.17999886185885,106.45068001979016,110.13001251220703,222614000,0.016331473515639905,1.01633147351564,AI_Core
2025-04-02 00:00:00-04:00,NVDA,107.2705266243207,111.95967777974947,106.77061737970816,110.39995574951172,220601200,0.002451132358445518,1.0024511323584455,AI_Core
2025-04-03 00:00:00-04:00,NVDA,103.49122110695384,105.61083156865355,101.58156399912866,101.78153228759766,338769400,-0.07806546119881197,0.921934538801188,AI_Core
2025-04-04 00:00:00-04:00,NVDA,98.89205625014841,100.11182847125419,92.09328707213024,94.29288482666016,532273800,-0.07357569976228395,0.926424300237716,AI_Core
2025-04-07 00:00:00-04:00,NVDA,87.444123819458,101.73153089146867,86.60427995314998,97.62227630615234,611041300,0.035309042518029354,1.0353090425180294,AI_Core
2025-04-08 00:00:00-04:00,NVDA,103.79115551332612,105.83078615825814,94.44285411172834,96.28252410888672,476243400,-0.013723836894194541,0.9862761631058055,AI_Core
2025-04-09 00:00:00-04:00,NVDA,98.87204993981901,115.07910675948129,97.51229618216108,114.30924987792969,612918300,0.18722739080517248,1.1872273908051725,AI_Core
2025-04-10 00:00:00-04:00,NVDA,109.35015243101728,110.83987986480561,99.13200610877084,107.55047607421875,437812400,-0.059127094359630594,0.9408729056403694,AI_Core
2025-04-11 00:00:00-04:00,NVDA,108.4803070767672,111.52975654810143,107.46049556472005,110.90986633300781,313417300,0.031235475484746367,1.0312354754847464,AI_Core
2025-04-14 00:00:00-04:00,NVDA,114.08928762467488,114.26925525660798,109.05020155855789,110.68990325927734,264705000,-0.00198325974958824,0.9980167402504118,AI_Core
2025-04-15 00:00:00-04:00,NVDA,110.94986159507806,113.59938217981927,110.4799456735416,112.17963409423828,228966900,0.013458597316427623,1.0134585973164276,AI_Core
2025-04-16 00:00:00-04:00,NVDA,104.53103311878802,106.77062454919468,100.4317709352981,104.47103881835938,397016900,-0.06871653075105577,0.9312834692489442,AI_Core
2025-04-17 00:00:00-04:00,NVDA,104.43103458781992,104.45103522860795,100.0318394876262,101.47157287597656,292517500,-0.028710980347365855,0.9712890196526341,AI_Core
2025-04-21 00:00:00-04:00,NVDA,98.75207336541831,99.42195758129023,95.02275450080649,96.89241790771484,288501100,-0.04512746613141183,0.9548725338685882,AI_Core
2025-04-22 00:00:00-04:00,NVDA,98.76206678289148,99.7918785816798,97.26233908492571,98.8720474243164,241004800,0.02043121184659724,1.0204312118465972,AI_Core
2025-04-23 00:00:00-04:00,NVDA,104.5010295750129,104.78098517141211,102.00148324580945,102.69136047363281,247526000,0.03862884555151935,1.0386288455515194,AI_Core
2025-04-24 00:00:00-04:00,NVDA,103.46122117055545,106.52066332286202,103.09128558149489,106.41068267822266,220815000,0.03621845291985215,1.0362184529198522,AI_Core
2025-04-25 00:00:00-04:00,NVDA,106.83061166162848,111.89969145813895,105.71081975581805,110.98986053466797,251064700,0.04303306530127604,1.043033065301276,AI_Core
2025-04-28 00:00:00-04:00,NVDA,109.67009863041305,110.34997554606154,106.00075877336346,108.71027374267578,207708500,-0.020538694084403786,0.9794613059155962,AI_Core
2025-04-29 00:00:00-04:00,NVDA,107.65045258784288,110.17999209067304,107.42049861195443,109.00020599365234,170444300,0.0026670179459105103,1.0026670179459105,AI_Core
2025-04-30 00:00:00-04:00,NVDA,104.45104108413872,108.90023040771484,104.06111247501677,108.90023040771484,235044600,-0.0009172054770549831,0.999082794522945,AI_Core
2025-05-01 00:00:00-04:00,NVDA,113.05947899879722,114.9191420385801,111.27980327057723,111.5897445678711,236121500,0.024697047472598488,1.0246970474725985,AI_Core
2025-05-02 00:00:00-04:00,NVDA,114.15928352450368,115.37906338859757,113.34943293159324,114.4792251586914,190194800,0.025893782641135843,1.0258937826411358,AI_Core
2025-05-05 00:00:00-04:00,NVDA,112.889508442552,114.64918347836972,112.63955382209963,113.7993392944336,133163200,-0.005938945370352999,0.994061054629647,AI_Core
2025-05-06 00:00:00-04:00,NVDA,111.45977773347964,114.71918078517231,110.79989381468877,113.51940155029297,158525600,-0.002459924160160054,0.99754007583984,AI_Core
2025-05-07 00:00:00-04:00,NVDA,113.02949042053457,117.65864757290291,112.25962586336117,117.03875732421875,206758800,0.031002240373568135,1.0310022403735681,AI_Core
2025-05-08 00:00:00-04:00,NVDA,118.22854670795566,118.658469001105,115.82898059800607,117.34870910644531,198428100,0.0026482832637049203,1.002648283263705,AI_Core
2025-05-09 00:00:00-04:00,NVDA,117.32869985728382,118.20854502226882,115.18908887008638,116.62882995605469,132972200,-0.006134529777721109,0.9938654702222789,AI_Core
2025-05-12 00:00:00-04:00,NVDA,121.94786454961688,122.97767639160156,120.25816883140327,122.97767639160156,225023300,0.05443633823591565,1.0544363382359156,AI_Core
2025-05-13 00:00:00-04:00,NVDA,124.95732666651305,131.19619232916256,124.44741706637032,129.9064178466797,330430100,0.05634145690811976,1.0563414569081198,AI_Core
2025-05-14 00:00:00-04:00,NVDA,133.17581874633882,135.4154176381041,131.65609038206884,135.3154296875,281180800,0.04163775685974369,1.0416377568597437,AI_Core
2025-05-15 00:00:00-04:00,NVDA,134.2656162138544,136.2752611112406,132.6359224746836,134.80552673339844,226632600,-0.0037682543319644823,0.9962317456680355,AI_Core
2025-05-16 00:00:00-04:00,NVDA,136.19528579014883,136.32526708518697,133.43579205010155,135.37542724609375,226542500,0.004227575282001572,1.0042275752820016,AI_Core
2025-05-19 00:00:00-04:00,NVDA,132.36596428610483,135.84532822832756,132.36596428610483,135.54539489746094,193154600,0.0012555280882564634,1.0012555280882565,AI_Core
2025-05-20 00:00:00-04:00,NVDA,134.26562607401144,134.55558199625042,132.59593092987555,134.35562133789062,161514200,-0.008777675999028678,0.9912223240009713,AI_Core
2025-05-21 00:00:00-04:00,NVDA,133.0358430493297,137.3750515435132,130.56629021032253,131.7760772705078,270608700,-0.01919937581841491,0.9808006241815851,AI_Core
2025-05-22 00:00:00-04:00,NVDA,132.20599574301846,134.22563338103308,131.52612648714359,132.80589294433594,187344000,0.007814890951064912,1.007814890951065,AI_Core
2025-05-23 00:00:00-04:00,NVDA,129.97641506418768,132.65592152877483,129.13657112060253,131.26617431640625,198821300,-0.011593752308679872,0.9884062476913201,AI_Core
2025-05-27 00:00:00-04:00,NVDA,134.1256417936587,135.63537744884945,133.2857979393918,135.47540283203125,192953600,0.032066360869777544,1.0320663608697775,AI_Core
2025-05-28 00:00:00-04:00,NVDA,136.00531758419635,137.22509744866613,134.76553707682788,134.78553771972656,304021100,-0.005092179819240039,0.99490782018076,AI_Core
2025-05-29 00:00:00-04:00,NVDA,142.22419152756274,143.46397204605128,137.88498259688382,139.1647491455078,369241900,0.03249021742145208,1.032490217421452,AI_Core
2025-05-30 00:00:00-04:00,NVDA,138.6948289010735,139.59465948344436,132.8958783257386,135.10548400878906,333170900,-0.029168774144625265,0.9708312258553747,AI_Core
2025-06-02 00:00:00-04:00,NVDA,135.46541564458173,138.09492795630163,135.37542038395227,137.35507202148438,197663100,0.016650604741913932,1.016650604741914,AI_Core
2025-06-03 00:00:00-04:00,NVDA,138.75480693174418,141.97422364617418,137.9249557656252,141.19436645507812,225578800,0.02795160293020138,1.0279516029302014,AI_Core
2025-06-04 00:00:00-04:00,NVDA,142.1641966028205,142.36415725393297,139.5146683935161,141.8942413330078,167120800,0.004956818713814259,1.0049568187138143,AI_Core
2025-06-05 00:00:00-04:00,NVDA,142.14419665233672,143.97386636815438,138.80480646885346,139.964599609375,231397900,-0.013599154592216278,0.9864008454077837,AI_Core
2025-06-06 00:00:00-04:00,NVDA,142.4841247816278,143.24399658328852,141.4843063108272,141.69427490234375,153986200,0.012357948351197967,1.012357948351198,AI_Core
2025-06-09 00:00:00-04:00,NVDA,143.16402192873528,144.97369107987248,141.91424872977086,142.6041259765625,185114500,0.006421226791596402,1.0064212267915964,AI_Core
2025-06-10 00:00:00-04:00,NVDA,142.66410985007164,144.26381035974757,141.50431668274294,143.9338836669922,155881900,0.009324819189651112,1.0093248191896511,AI_Core
2025-06-11 00:00:00-04:00,NVDA,144.59379466225064,144.97375695921582,141.85409623212945,142.81399536132812,167694000,-0.007780574504993254,0.9922194254950067,AI_Core
2025-06-12 00:00:00-04:00,NVDA,141.9540901919345,144.98374938964844,141.83410852298076,144.98374938964844,162365000,0.015192866937380423,1.0151928669373804,AI_Core
2025-06-13 00:00:00-04:00,NVDA,142.4640236398758,143.5639064320885,140.83421673860605,141.95408630371094,180820600,-0.020896570123836278,0.9791034298761637,AI_Core
2025-06-16 00:00:00-04:00,NVDA,143.33393622751285,146.16360555156524,143.18394388862185,144.6737823486328,183133700,0.019158983835823484,1.0191589838358235,AI_Core
2025-06-17 00:00:00-04:00,NVDA,144.4738049491523,145.20371882793046,143.7638778428329,144.1038360595703,139108000,-0.00393952711963419,0.9960604728803658,AI_Core
2025-06-18 00:00:00-04:00,NVDA,143.9938476821936,145.63366319028128,143.10394808189747,145.46368408203125,161494100,0.00943658447717377,1.0094365844771738,AI_Core
2025-06-20 00:00:00-04:00,NVDA,145.43368901636921,146.1836049259659,142.63399990245927,143.83387756347656,242956200,-0.011204215875871726,0.9887957841241283,AI_Core
2025-06-23 00:00:00-04:00,NVDA,142.48402812138661,144.76377135076248,142.01407957999888,144.15383911132812,154308900,0.0022245214637306443,1.0022245214637306,AI_Core
2025-06-24 00:00:00-04:00,NVDA,145.54367367470394,147.94341367999496,145.4836828445603,147.88340759277344,187566100,0.02587214120995429,1.0258721412099543,AI_Core
2025-06-25 00:00:00-04:00,NVDA,149.25328072295656,154.43269305532343,149.24327207878133,154.29270935058594,269146500,0.04334023581240287,1.0433402358124029,AI_Core
2025-06-26 00:00:00-04:00,NVDA,155.9625083392563,156.70243086817015,153.98273459501658,155.00262451171875,198145700,0.004601093364170028,1.00460109336417,AI_Core
2025-06-27 00:00:00-04:00,NVDA,156.02250005395288,158.69221415352254,155.24258871826237,157.73231506347656,263234500,0.0176106085968335,1.0176106085968335,AI_Core
2025-06-30 00:00:00-04:00,NVDA,158.38224776867892,158.6422284044636,155.94253394670602,157.97230529785156,194580300,0.0015215032777424753,1.0015215032777425,AI_Core
2025-07-01 00:00:00-04:00,NVDA,156.27249233706732,157.18239409932116,151.47304203431221,153.2828369140625,213143600,-0.02968538298499368,0.9703146170150063,AI_Core
2025-07-02 00:00:00-04:00,NVDA,152.962850389823,157.58234297497486,152.95285700312823,157.2323760986328,171224100,0.025766349736758842,1.0257663497367588,AI_Core
2025-07-03 00:00:00-04:00,NVDA,158.35225101493015,160.96195919540767,157.7523273944205,159.3221435546875,143716100,0.013290948772177513,1.0132909487721775,AI_Core
2025-07-07 00:00:00-04:00,NVDA,158.18227071828886,159.29214695363126,157.3223664705724,158.22227478027344,140139000,-0.006903426917781452,0.9930965730822185,AI_Core
2025-07-08 00:00:00-04:00,NVDA,159.31214783171163,160.20204749093682,158.3722507239072,159.98207092285156,138133000,0.011122303386308818,1.0111223033863088,AI_Core
2025-07-09 00:00:00-04:00,NVDA,161.20193770023792,164.40157611225678,161.14194686393122,162.86175537109375,183656400,0.01800004482771622,1.0180000448277162,AI_Core
2025-07-10 00:00:00-04:00,NVDA,164.30159583301895,164.48156834124046,161.5918927660757,164.0816192626953,167704100,0.007490180176567662,1.0074901801765677,AI_Core
2025-07-11 00:00:00-04:00,NVDA,163.70165728031435,167.87118822352508,163.4516852914618,164.90151977539062,193633300,0.0049969065174975125,1.0049969065174975,AI_Core
2025-07-14 00:00:00-04:00,NVDA,165.35146259057728,165.4714595173457,162.00184716942397,164.05162048339844,136975800,-0.005153980952691151,0.9948460190473088,AI_Core
2025-07-15 00:00:00-04:00,NVDA,171.17081299302788,172.38066881478494,169.18103056842588,170.6808624267578,230627400,0.040409487719935244,1.0404094877199352,AI_Core
2025-07-16 00:00:00-04:00,NVDA,171.04083672550954,171.73076187811773,168.88107501049606,171.35079956054688,158831500,0.003925086411351808,1.0039250864113518,AI_Core
2025-07-17 00:00:00-04:00,NVDA,172.00073538495315,174.1404950617398,170.81086624213197,172.98062133789062,160841100,0.009511608825425233,1.0095116088254252,AI_Core
2025-07-18 00:00:00-04:00,NVDA,173.62054394819432,174.23047621121117,171.24080573231237,172.39068603515625,146456400,-0.0034104126703420334,0.996589587329658,AI_Core
2025-07-21 00:00:00-04:00,NVDA,172.73065099594356,173.36058531454748,170.9808470061149,171.36080932617188,123126100,-0.005974085565007559,0.9940259144349924,AI_Core
2025-07-22 00:00:00-04:00,NVDA,171.32080634495316,171.37080379639445,164.5615689540832,167.01129150390625,193114300,-0.02538222035346871,0.9746177796465313,AI_Core
2025-07-23 00:00:00-04:00,NVDA,169.511004310231,171.24080620570157,167.95118153678195,170.7608642578125,154082200,0.022451013462275737,1.0224510134622757,AI_Core
2025-07-24 00:00:00-04:00,NVDA,172.42067791171223,173.81052153075,171.28080627636527,173.7205352783203,128984600,0.01733225603753885,1.0173322560375389,AI_Core
2025-07-25 00:00:00-04:00,NVDA,173.59054858813744,174.70042482917586,172.9406275198062,173.48056030273438,122316800,-0.0013813851954892487,0.9986186148045108,AI_Core
2025-07-28 00:00:00-04:00,NVDA,174.00050427681666,176.98016607778243,173.9505068282037,176.73019409179688,140023500,0.018731976559170027,1.01873197655917,AI_Core
2025-07-29 00:00:00-04:00,NVDA,177.94006357342778,179.35990260986108,175.00039060425894,175.49032592773438,154077500,-0.007015598949766888,0.9929844010502331,AI_Core
2025-07-30 00:00:00-04:00,NVDA,176.49022309733303,179.869849375745,176.0202745228646,179.2499237060547,174312200,0.021423390482894655,1.0214233904828947,AI_Core
2025-07-31 00:00:00-04:00,NVDA,182.87950237318685,183.2794667127293,175.9102820488597,177.85006713867188,221685400,-0.007809523923024808,0.9921904760769752,AI_Core
2025-08-01 00:00:00-04:00,NVDA,174.07048465468185,176.52020701181988,170.8708463561498,173.70053100585938,204529000,-0.023331653451539314,0.9766683465484607,AI_Core
2025-08-04 00:00:00-04:00,NVDA,175.14037394842856,180.17980241597786,174.500446281802,179.97982788085938,148174600,0.03615013056458749,1.0361501305645875,AI_Core
2025-08-05 00:00:00-04:00,NVDA,179.59986897635343,180.23979665506658,175.8802845759961,178.24002075195312,156407600,-0.009666678479423485,0.9903333215205765,AI_Core
2025-08-06 00:00:00-04:00,NVDA,176.31023710297544,179.87982901005608,176.23024423927978,179.39988708496094,137192300,0.006507328309964366,1.0065073283099644,AI_Core
2025-08-07 00:00:00-04:00,NVDA,181.54965397485878,183.85939259097617,178.77996020998395,180.74974060058594,151878400,0.007524271824015827,1.0075242718240158,AI_Core
2025-08-08 00:00:00-04:00,NVDA,181.52965464990967,183.27945850723472,180.3797743894202,182.6795196533203,123396700,0.010676524604252391,1.0106765246042524,AI_Core
2025-08-11 00:00:00-04:00,NVDA,182.02960317073044,183.8193958765311,180.22980182096376,182.0395965576172,138323200,-0.003502982145549449,0.9964970178544506,AI_Core
2025-08-12 00:00:00-04:00,NVDA,182.9395060522284,184.4593247511904,179.43989822709233,183.1394805908203,145485700,0.006042004344120722,1.0060420043441207,AI_Core
2025-08-13 00:00:00-04:00,NVDA,182.59952443546638,183.9493792108361,179.32990196930365,181.56964111328125,179871700,-0.008571824450275045,0.991428175549725,AI_Core
2025-08-14 00:00:00-04:00,NVDA,179.7298534235828,182.99949119039164,179.43989264021437,181.99960327148438,129554000,0.0023680289037684155,1.0023680289037684,AI_Core
2025-08-15 00:00:00-04:00,NVDA,181.85962676701382,181.87961354108583,178.02004541114613,180.42977905273438,156602200,-0.008625426597267505,0.9913745734027325,AI_Core
2025-08-18 00:00:00-04:00,NVDA,180.57976314427117,182.91949719839158,180.56975450061333,181.98959350585938,132008000,0.008644994530914607,1.0086449945309146,AI_Core
2025-08-19 00:00:00-04:00,NVDA,182.4095478886331,182.47954736718557,175.47033846497254,175.6203155517578,185229200,-0.03499803385129541,0.9650019661487046,AI_Core
2025-08-20 00:00:00-04:00,NVDA,175.1503706193276,175.9802794498554,168.7810892510499,175.38034057617188,215142700,-0.0013664420020655932,0.9986335579979344,AI_Core
2025-08-21 00:00:00-04:00,NVDA,174.83041312567687,176.88017120538285,173.79052111986658,174.96038818359375,140040900,-0.002394523760180123,0.9976054762398199,AI_Core
2025-08-22 00:00:00-04:00,NVDA,172.59066018618677,178.56998587344157,171.18081451068767,177.97006225585938,172789400,0.01720203129126263,1.0172020312912626,AI_Core
2025-08-25 00:00:00-04:00,NVDA,178.33002804439553,181.88962682620624,176.5502286534902,179.78985595703125,163012800,0.010225279904412465,1.0102252799044125,AI_Core
2025-08-26 00:00:00-04:00,NVDA,180.0398187111229,182.36955942503778,178.78995879531527,181.7496337890625,168688200,0.01090038045583408,1.010900380455834,AI_Core
2025-08-27 00:00:00-04:00,NVDA,181.95959791056248,182.46955051009175,179.07993109949993,181.57965087890625,235518900,-0.0009352586115993766,0.9990647413884006,AI_Core
2025-08-28 00:00:00-04:00,NVDA,180.79974711518173,184.44933204343067,176.39023757757423,180.14981079101562,281787800,-0.00787445113463825,0.9921255488653618,AI_Core
2025-08-29 00:00:00-04:00,NVDA,178.09004428153852,178.130033086625,173.13059331145078,174.1604766845703,243257900,-0.03324640797648848,0.9667535920235115,AI_Core
2025-09-02 00:00:00-04:00,NVDA,169.980952871088,172.36069109354864,167.20126556823303,170.7608642578125,231164900,-0.019519999551419476,0.9804800004485805,AI_Core
2025-09-03 00:00:00-04:00,NVDA,171.0408442884315,172.3906992342715,168.86109570238054,170.60089111328125,164424900,-0.0009368255731577735,0.9990631744268422,AI_Core
2025-09-04 00:00:00-04:00,NVDA,170.55090333056648,171.8407521362954,169.39102958990665,171.64077758789062,141670100,0.006095434014578904,1.006095434014579,AI_Core
2025-09-05 00:00:00-04:00,NVDA,168.01117837826322,169.0110663720669,164.05163046676552,167.0012969970703,224441400,-0.027030176954567886,0.9729698230454321,AI_Core
2025-09-08 00:00:00-04:00,NVDA,167.53122834914853,170.940849905597,167.33125381142952,168.2911376953125,163769100,0.007723537011001813,1.0077235370110018,AI_Core
2025-09-09 00:00:00-04:00,NVDA,169.0710489481518,170.96083655380463,166.7213214317911,170.74085998535156,157548400,0.014556454508461547,1.0145564545084615,AI_Core
2025-09-10 00:00:00-04:00,NVDA,176.62020974984335,179.26990675759993,175.45034266016896,177.3101348876953,226852000,0.038475118978007705,1.0384751189780077,AI_Core
2025-09-11 00:00:00-04:00,NVDA,179.66999584989978,180.26996857097555,176.4701769393558,177.16014099121094,151159300,-0.0008459409078864777,0.9991540590921135,AI_Core
2025-09-12 00:00:00-04:00,NVDA,177.76010410307373,178.59005971058946,176.44017029123495,177.8101043701172,124911000,0.003668790142465017,1.003668790142465,AI_Core
2025-09-15 00:00:00-04:00,NVDA,175.66021109761542,178.84004186496986,174.50027206258352,177.74009704589844,147061600,-0.0003937196059062842,0.9996062803940937,AI_Core
2025-09-16 00:00:00-04:00,NVDA,176.99014687805604,177.49011904437822,174.37029760906842,174.87026977539062,140737800,-0.016146200650305254,0.9838537993496947,AI_Core
2025-09-17 00:00:00-04:00,NVDA,172.63039291663662,173.1903593144249,168.40063256525568,170.280517578125,211843800,-0.0262466124353834,0.9737533875646166,AI_Core
2025-09-18 00:00:00-04:00,NVDA,173.9703101424577,177.09014682532762,172.95037791227023,176.23019409179688,191763300,0.03494044179741329,1.0349404417974133,AI_Core
2025-09-19 00:00:00-04:00,NVDA,175.7602124903078,178.07008136373162,175.17023376194967,176.66015625,237182100,0.0024397757740604042,1.0024397757740604,AI_Core
2025-09-22 00:00:00-04:00,NVDA,175.29024236301854,184.53972732383275,174.70027887607205,183.5997772216797,269637000,0.03928232103372031,1.0392823210337203,AI_Core
2025-09-23 00:00:00-04:00,NVDA,181.9598706713119,182.409842567533,176.20019683221489,178.42005920410156,192559600,-0.028212006005454482,0.9717879939945455,AI_Core
2025-09-24 00:00:00-04:00,NVDA,179.75999113536878,179.76998508551358,175.39022416770254,176.96014404296875,143564100,-0.008182460916363432,0.9918175390836366,AI_Core
2025-09-25 00:00:00-04:00,NVDA,174.47028665549124,180.24996380236055,173.12037093203185,177.68011474609375,191586700,0.004068547225810182,1.0040685472258102,AI_Core
2025-09-26 00:00:00-04:00,NVDA,178.16008106951017,179.75999811527313,174.920255917913,178.18008422851562,148573700,0.0028138741532013345,1.0028138741532013,AI_Core
2025-09-29 00:00:00-04:00,NVDA,180.4199550960203,183.98976381560166,180.30997586310093,181.8398895263672,193063500,0.020539923491998513,1.0205399234919985,AI_Core
2025-09-30 00:00:00-04:00,NVDA,182.06986121505474,187.3395719841704,181.4698885277926,186.56961059570312,236981000,0.02601036044211913,1.0260103604421191,AI_Core
2025-10-01 00:00:00-04:00,NVDA,185.22969505995906,188.12952754318238,183.88975804814035,187.22958374023438,173844900,0.0035374096693667756,1.0035374096693668,AI_Core
2025-10-02 00:00:00-04:00,NVDA,189.5894532800495,191.0393695238543,188.04953044946197,188.87948608398438,136805800,0.008812188281308808,1.0088121882813088,AI_Core
2025-10-03 00:00:00-04:00,NVDA,189.1794627061203,190.34939569471342,185.36967740169,187.6095428466797,137596900,-0.006723563599384308,0.9932764364006157,AI_Core
2025-10-06 00:00:00-04:00,NVDA,185.48967202648717,187.21957143407985,183.31979467524326,185.5296630859375,157678100,-0.011086215174256564,0.9889137848257434,AI_Core
2025-10-07 00:00:00-04:00,NVDA,186.21962980709273,189.0494741147918,183.9897582054133,185.02969360351562,140088000,-0.0026948223486520373,0.997305177651348,AI_Core
2025-10-08 00:00:00-04:00,NVDA,186.55962017208088,189.58945025835604,186.52960780500513,189.09947204589844,130168900,0.021995272018898726,1.0219952720188987,AI_Core
2025-10-09 00:00:00-04:00,NVDA,192.21928773885006,195.28912405123697,191.04935474353755,192.5592803955078,182997200,0.018296234844958237,1.0182962348449582,AI_Core
2025-10-10 00:00:00-04:00,NVDA,193.49922565779727,195.6091088464203,182.0398719523004,183.14981079101562,268774400,-0.048865313503278496,0.9511346864967215,AI_Core
2025-10-13 00:00:00-04:00,NVDA,187.9595379156231,190.09941818271824,185.94965529464977,188.3095245361328,153482800,0.028172094324491193,1.0281720943244912,AI_Core
2025-10-14 00:00:00-04:00,NVDA,184.75971529942103,184.78971240822688,179.68999030007896,180.0199737548828,205641400,-0.044020878931481766,0.9559791210685182,AI_Core
2025-10-15 00:00:00-04:00,NVDA,184.7897166440438,184.85970481354866,177.2801249034248,179.8199920654297,214450500,-0.0011108861160341599,0.9988891138839658,AI_Core
2025-10-16 00:00:00-04:00,NVDA,182.21985578014733,183.26980040587233,179.76000120804414,181.7998809814453,179723300,0.01101039374584789,1.011010393745848,AI_Core
2025-10-17 00:00:00-04:00,NVDA,180.16996892604442,184.08976427610557,179.74000017155936,183.20980834960938,173135200,0.007755381139704642,1.0077553811397046,AI_Core
2025-10-20 00:00:00-04:00,NVDA,183.1198152646831,185.18969215276272,181.71988400794234,182.6298370361328,128544700,-0.003165612794975625,0.9968343872050244,AI_Core
2025-10-21 00:00:00-04:00,NVDA,182.77981647710283,182.77981647710283,179.78999271004406,181.14991760253906,124240200,-0.008103382544775273,0.9918966174552247,AI_Core
2025-10-22 00:00:00-04:00,NVDA,181.1299112106735,183.42978616900905,176.7501502622395,180.26995849609375,162249600,-0.0048576290737047945,0.9951423709262952,AI_Core
2025-10-23 00:00:00-04:00,NVDA,180.40994799999942,183.01980322210497,179.7799782111653,182.1498565673828,111363700,0.010428238221011243,1.0104282382210112,AI_Core
2025-10-24 00:00:00-04:00,NVDA,183.8297551720498,187.45955783835475,183.48977777431884,186.24961853027344,131296700,0.022507632123081045,1.022507632123081,AI_Core
2025-10-27 00:00:00-04:00,NVDA,189.979423148828,191.98930570001696,188.41949722334647,191.47933959960938,153452700,0.028079096808919735,1.0280790968089197,AI_Core
2025-10-28 00:00:00-04:00,NVDA,193.03926234185508,203.1386912540773,191.89932637827522,201.01881408691406,297986200,0.04981986311030795,1.049819863110308,AI_Core
2025-10-29 00:00:00-04:00,NVDA,207.96842303697136,212.1781954922272,204.76860414707738,207.02847290039062,308829600,0.029896001728863864,1.0298960017288639,AI_Core
2025-10-30 00:00:00-04:00,NVDA,205.1385766163601,206.1485301715792,201.39879452489242,202.8787078857422,178864400,-0.02004441686938907,0.9799555831306109,AI_Core
2025-10-31 00:00:00-04:00,NVDA,206.43850017947892,207.95841980607935,202.05875446792163,202.47872924804688,179802200,-0.0019715160938454934,0.9980284839061545,AI_Core
2025-11-03 00:00:00-05:00,NVDA,208.06841462190084,211.32822759164594,205.5485506791992,206.8684844970703,180267300,0.02168008099085683,1.0216800809908568,AI_Core
2025-11-04 00:00:00-05:00,NVDA,202.98869740675082,203.9586446199207,197.9189723693821,198.67893981933594,188919300,-0.039588169738104084,0.9604118302618959,AI_Core
2025-11-05 00:00:00-05:00,NVDA,198.75894188581304,202.90870481768462,194.63916080574026,195.1991424560547,171350300,-0.017514676525078765,0.9824853234749212,AI_Core
2025-11-06 00:00:00-05:00,NVDA,196.40906647995496,197.60899664277025,186.3696319662745,188.0695343017578,223029800,-0.03652479239708739,0.9634752076029126,AI_Core
2025-11-07 00:00:00-05:00,NVDA,184.8897071775586,188.3095303364016,178.90005019006267,188.1395263671875,264942300,0.0003721605718307597,1.0003721605718308,AI_Core
2025-11-10 00:00:00-05:00,NVDA,195.09914200543773,199.9288750287355,193.7792081445882,199.03892517089844,198897100,0.05793253025650147,1.0579325302565015,AI_Core
2025-11-11 00:00:00-05:00,NVDA,195.14913483203398,195.40911485928362,191.28934919242405,193.1492462158203,176483300,-0.029590588624919145,0.9704094113750809,AI_Core
2025-11-12 00:00:00-05:00,NVDA,195.70910637927892,195.87909508520013,191.1193655455878,193.78921508789062,154935300,0.003313338698486268,1.0033133386984863,AI_Core
2025-11-13 00:00:00-05:00,NVDA,191.03936321053533,191.42934088057365,183.8397672401686,186.84959411621094,207423100,-0.03581015057278758,0.9641898494272124,AI_Core
2025-11-14 00:00:00-05:00,NVDA,182.8498180673128,190.99935813210442,180.56994624954729,190.15940856933594,186591900,0.017713789900268395,1.0177137899002684,AI_Core
2025-11-17 00:00:00-05:00,NVDA,185.95964506857126,188.98947511566342,184.30974305565786,186.58961486816406,173628900,-0.01877263779914551,0.9812273622008545,AI_Core
2025-11-18 00:00:00-05:00,NVDA,183.36979105504545,184.7897101334883,179.63998782140993,181.3498992919922,213598900,-0.028081496281955554,0.9719185037180444,AI_Core
2025-11-19 00:00:00-05:00,NVDA,184.7796984316032,187.8495347223247,182.8198161698128,186.50961303710938,247246400,0.028451704496452512,1.0284517044964525,AI_Core
2025-11-20 00:00:00-05:00,NVDA,195.9390891568929,195.9890894251709,179.83999453744622,180.62994384765625,343504800,-0.03152475142545741,0.9684752485745426,AI_Core
2025-11-21 00:00:00-05:00,NVDA,181.22991004695137,184.54971718190046,172.92036011460985,178.8700408935547,346926200,-0.009743140680959717,0.9902568593190403,AI_Core
2025-11-24 00:00:00-05:00,NVDA,179.48001348627363,183.4897847612219,176.47017128450955,182.5398406982422,256618300,0.020516570501995846,1.0205165705019958,AI_Core
2025-11-25 00:00:00-05:00,NVDA,174.90026276869568,178.15008177330986,169.54056066153746,177.8101043701172,320600300,-0.02591070699981468,0.9740892930001853,AI_Core
2025-11-26 00:00:00-05:00,NVDA,181.61988829154,182.8998157763143,178.2300777211247,180.2499542236328,183852000,0.013721660319353957,1.013721660319354,AI_Core
2025-11-28 00:00:00-05:00,NVDA,179.0000253919654,179.28000857805475,176.49017066740046,176.99014282226562,121332800,-0.01808494995412202,0.981915050045878,AI_Core
2025-12-01 00:00:00-05:00,NVDA,174.75027181562072,180.28997214473748,173.67033006996684,179.9099884033203,188131000,0.01649722145253496,1.016497221452535,AI_Core
2025-12-02 00:00:00-05:00,NVDA,181.74987648908228,185.6496685428864,179.98997995570696,181.4499053955078,182632200,0.008559374639807826,1.0085593746398078,AI_Core
2025-12-03 00:00:00-05:00,NVDA,181.06992440272873,182.43984327721986,179.1000328161426,179.5800018310547,165138000,-0.010305343286772684,0.9896946567132273,AI_Core
2025-12-04 00:00:00-05:00,NVDA,181.6199951171875,184.52000427246094,179.9600067138672,183.3800048828125,167364900,0.02116050235556166,1.0211605023555617,AI_Core
2025-12-05 00:00:00-05:00,NVDA,183.88999938964844,184.66000366210938,180.91000366210938,182.41000366210938,143971100,-0.0052895691726204674,0.9947104308273795,AI_Core
2025-12-08 00:00:00-05:00,NVDA,182.63999938964844,188.0,182.39999389648438,185.5500030517578,204378100,0.01721396484079274,1.0172139648407927,AI_Core
2025-12-09 00:00:00-05:00,NVDA,185.55999755859375,185.72000122070312,183.32000732421875,184.97000122070312,144719700,-0.0031258519079242486,0.9968741480920758,AI_Core
2025-12-10 00:00:00-05:00,NVDA,184.97000122070312,185.47999572753906,182.0399932861328,183.77999877929688,162785400,-0.006433488855235314,0.9935665111447647,AI_Core
2025-12-11 00:00:00-05:00,NVDA,180.27999877929688,181.32000732421875,176.6199951171875,180.92999267578125,182136600,-0.015507705530775517,0.9844922944692245,AI_Core
2025-12-12 00:00:00-05:00,NVDA,181.11000061035156,182.82000732421875,174.6199951171875,175.02000427246094,204274900,-0.032664503634346365,0.9673354963656536,AI_Core
2025-12-15 00:00:00-05:00,NVDA,177.94000244140625,178.4199981689453,175.02999877929688,176.2899932861328,164775600,0.007256250615185866,1.0072562506151859,AI_Core
2025-12-16 00:00:00-05:00,NVDA,176.25999450683594,178.49000549316406,174.89999389648438,177.72000122070312,148588100,0.00811167955658898,1.008111679556589,AI_Core
2025-12-17 00:00:00-05:00,NVDA,176.10000610351562,176.1300048828125,170.30999755859375,170.94000244140625,222775500,-0.038149891586355955,0.961850108413644,AI_Core
2025-12-18 00:00:00-05:00,NVDA,174.52999877929688,176.14999389648438,171.82000732421875,174.13999938964844,176096000,0.018720000599854014,1.018720000599854,AI_Core
2025-12-19 00:00:00-05:00,NVDA,176.6699981689453,181.4499969482422,176.33999633789062,180.99000549316406,324925900,0.03933620149032113,1.0393362014903211,AI_Core
2025-12-22 00:00:00-05:00,NVDA,183.9199981689453,184.16000366210938,182.35000610351562,183.69000244140625,129064400,0.014917933953784823,1.0149179339537848,AI_Core
2025-12-23 00:00:00-05:00,NVDA,182.97000122070312,189.3300018310547,182.89999389648438,189.2100067138672,174873600,0.030050651636426062,1.030050651636426,AI_Core
2025-12-24 00:00:00-05:00,NVDA,187.94000244140625,188.91000366210938,186.58999633789062,188.61000061035156,65528500,-0.003171111898024437,0.9968288881019756,AI_Core
2025-12-26 00:00:00-05:00,NVDA,189.9199981689453,192.69000244140625,188.0,190.52999877929688,139740300,0.010179726222003582,1.0101797262220036,AI_Core
2025-12-29 00:00:00-05:00,NVDA,187.7100067138672,188.75999450683594,185.91000366210938,188.22000122070312,120006100,-0.012124062212741427,0.9878759377872586,AI_Core
2025-12-30 00:00:00-05:00,NVDA,188.24000549316406,188.99000549316406,186.92999267578125,187.5399932861328,97687300,-0.003612835671873982,0.996387164328126,AI_Core
